HHS_region,year,Mean-Temp-F,Mean-Precip-Inches,Mean-Palmer-Drought-Index,Mean-Tmax,Mean-Tmin,Mean-HDD,Mean-CDD
region1,1949,38.5727183,27.359904933333336,-1.5237259726666668,48.79762648333334,28.354190833333334,800.6781411666667,1.7753355158333333
region1,1950,35.79539585,26.22751076666667,-2.8336624316666668,45.94525338333333,25.6407655,881.4181823333333,0.6618696656666666
region1,1951,37.631008783333336,31.760090816666665,-0.26618871316666665,47.192398716666666,28.059288983333335,827.3439636666667,0.14659672233333335
region1,1952,36.63745435,33.2369283,1.1736689891666667,46.4199314,26.842708883333334,858.4595033333334,1.2024302195
region1,1953,37.86675008333333,34.34378051666666,0.6117991406666666,47.36640805,28.355034183333334,822.1882831666667,1.8809210315
region1,1954,38.0457681,30.438465750000002,-0.142706362,48.54896418333333,27.532436066666666,817.7808125,1.9922181653333333
region1,1955,36.418391533333335,34.387717566666666,2.0192170838333334,45.61842601666667,27.219635333333333,864.4873253333334,0.6931707458333333
region1,1956,34.22492726666666,31.516112016666668,0.8792634908333333,43.38762475000001,25.0750764,931.8634553333333,0.7516152465000001
region1,1957,35.93901601666666,24.0119842,-1.34201751,46.52459906666667,25.351672166666663,879.4297486666666,0.18080917
region1,1958,37.24635823333333,33.86538281666667,-0.2548011906666667,46.67536608333333,27.803915033333336,838.2750448333333,1.9614122833333332
region1,1959,33.828528416666664,27.6667897,-0.02912543466666666,44.24078243333333,23.418121983333336,942.9278263333334,0.9043700395
region1,1960,36.793953583333334,33.771033933333335,0.8695581758333333,46.091484083333334,27.5069653,857.7475991666666,3.8336778676666667
region1,1961,34.309790283333335,29.534466433333332,-0.28129469216666664,44.73972321666667,23.870951333333334,929.8062226666667,0.8860064689999999
region1,1962,36.6512909,26.645264616666665,-1.1622931238333334,46.53842798333333,26.776365600000002,863.5940858333333,8.482403038333333
region1,1963,33.731165866666664,28.833769133333334,-0.2737958936666667,43.88074175,23.5624806,943.6587518333334,0.2718705833333333
region1,1964,35.53274471666666,28.33770783333333,-1.3522968246666665,45.88638433333333,25.192086533333335,890.2548723333333,0.03359490133333334
region1,1965,34.28755345,21.073391266666665,-3.2308121516666666,44.440444316666664,24.12603695,928.5419013333334,0.6623333891666666
region1,1966,35.46519343333333,22.721803366666666,-3.6557857183333335,45.06411043333333,25.864952716666668,893.4428715,1.2592624295
region1,1967,34.96814728333333,27.02880285,-1.9177401883333332,45.14388278333333,24.790970183333332,906.4455576666666,0.4302207181666667
region1,1968,34.91092745,26.9566749,-0.4452980686666667,45.12124888333333,24.698679316666666,908.5367626666666,0.6559992626666666
region1,1969,35.733884833333335,30.915812483333337,-0.36413289433333335,45.153181716666666,26.31824303333333,886.8640951666666,2.2422656401666665
region1,1970,34.531685833333334,33.52112451666667,0.5831902955,44.3505567,24.722868916666666,923.2613726666667,1.4347326485
region1,1971,34.54617565,27.250523233333336,-0.8567507413333333,44.02708308333333,25.063444783333335,922.9239508333334,1.6179662113333333
region1,1972,35.65530173333333,29.562027633333333,-0.278335698,45.5823167,25.71869595,889.7782388333334,4.517433018166667
region1,1973,36.33672206666667,36.4845352,2.59656511,45.75041326666667,26.925452233333335,866.8798623333333,1.5588325766666669
region1,1974,36.67124715,33.43521055,2.2449073416666665,46.67525035,26.666836416666666,855.9397075,1.13618642
region1,1975,35.32304318333333,29.784838366666666,0.46787766616666665,44.91515795,25.72857283333333,897.5509423333333,0.8987449016666668
region1,1976,36.753952033333334,36.82769393333333,1.8199065333333335,47.16565133333334,26.337400116666668,855.4882406666667,0.314191237
region1,1977,33.825946800000004,28.711712833333333,0.7076084168333333,43.763928099999994,23.894050266666667,943.3279835,0.5006764035
region1,1978,34.07794953333333,37.76455943333334,1.2707831068333333,43.47930528333333,24.669800116666668,934.3307395,1.1201005566666666
region1,1979,34.9199616,32.78090508333333,0.21454311016666663,44.73420016666666,25.09379768333333,906.1202483333333,0.22006077566666668
region1,1980,36.772216783333334,28.025187149999997,-0.5798437441666667,46.2546088,27.29287275,852.7803345000001,0.9875150116666666
region1,1981,34.99274223333333,25.093449916666668,-1.361525604,45.19601693333333,24.7968769,912.2701816666668,2.011421224
region1,1982,33.98709803333333,32.78652288333333,0.860409061,43.66985258333333,24.295350066666668,938.6238791666666,0.6440244311666666
region1,1983,38.17406781666667,34.30434035,0.1513413745,47.644723883333334,28.70619548333333,811.6128948333334,1.2741754251666666
region1,1984,36.358062100000005,37.24075921666667,1.7850320116666667,46.091453566666665,26.62809531666667,872.5809631666666,3.947164535
region1,1985,36.71086756666667,20.068762466666666,-2.1375452483333333,46.993934,26.4229307,855.1914976666667,0.34545945133333333
region1,1986,36.576193499999995,28.17543635,0.14099588733333332,46.580801666666666,26.574579266666664,860.2197061666667,1.7824999098333334
region1,1987,35.84372298333333,30.3985777,0.5444728235,45.77578925,25.90154395,880.491261,0.49511930833333334
region1,1988,35.86792406666667,28.036581033333334,-0.8070124878333332,45.81039366666667,25.920419683333336,881.4815683333333,1.0322681666666667
region1,1989,35.28880755,24.89912445,-0.7560112233333333,45.42473983333334,25.137613616666666,898.4401940000001,0.6799825226666667
region1,1990,36.09112486666667,31.460435566666664,1.8598335016666665,46.3802503,25.794679650000003,876.4309385,1.712131933
region1,1991,38.93911046666667,31.373268766666666,0.8170077003333334,48.886972433333334,28.983001083333335,788.9280803333332,1.2806621995
region1,1992,36.05029965,29.0190131,0.17747380766666668,45.792722700000006,26.304881716666667,875.610626,0.6954260476666666
region1,1993,34.953186366666664,31.37821386666667,0.7793906276666666,44.63823385,25.281900116666666,907.1115198333333,1.0030622395
region1,1994,34.28259628333333,33.439390816666666,0.3484596858333333,44.324548099999994,24.223534583333333,929.1725246666666,1.296348275
region1,1995,37.76647378333333,25.263124783333335,-0.8036941438333334,47.545068750000006,27.99866898333333,821.7144266666668,0.8570617431666667
region1,1996,35.149462383333336,37.54660226666667,1.1500582705,44.876220100000005,25.43077375,902.8022568333332,0.7149418995
region1,1997,36.73340925,36.10636615,2.348226725,45.96885936666666,27.48646546666667,856.6496786666667,1.7030705911666668
region1,1998,38.201513283333334,30.771520616666667,0.6740569191666667,47.66048303333333,28.732830066666665,812.1323038333334,1.1442832933333333
region1,1999,38.51766523333333,27.38390095,-0.2202960045,48.43107478333334,28.590852716666664,803.4056296666668,3.060801963
region1,2000,38.52173868333333,36.09129651666667,0.7669911014999999,48.3446757,28.695946083333336,805.2121683333334,4.871526439999999
region1,2001,35.583742433333335,27.10589441666667,-0.13380748733333334,45.3453153,25.808530183333332,890.7314856666667,1.0313071016666666
region1,2002,40.2458547,23.269468933333332,-2.65632995,50.31969133333333,30.181953733333334,749.9234416666667,2.1523473866666665
region1,2003,34.64089648333333,30.566085183333332,-0.5310737096666667,44.36969885,24.923545516666668,921.514546,4.575793941666666
region1,2004,36.38427415,32.79780641666667,0.6836945758333334,45.94123333333334,26.8419339,868.2570495,2.8186454373333336
region1,2005,36.44410071666667,32.6871379,0.977924297,46.586282716666666,26.311378816666664,866.5761618333332,2.5560155115
region1,2006,38.94919648333333,38.484273933333334,2.79788069,48.49911881666667,29.390811600000003,792.0436298333334,5.229147911666667
region1,2007,37.42635983333333,35.68736903333333,3.32252606,46.794318516666664,28.070672333333334,831.9247945000001,1.0823583563333334
region1,2008,37.978186283333336,35.3177732,1.3750852196666667,47.88405228333334,28.0688057,820.3732706666666,3.9552605636666667
region1,2009,36.576105766666664,33.2265838,3.03007414,46.56705601666667,26.58237395,862.4057718333333,2.427579284166667
region1,2010,38.98834036666667,34.49402776666667,2.9688521416666664,47.99852943333334,29.97045961666667,787.5660604999999,0.89316072
region1,2011,36.77375158333333,35.18600845,1.3649074236666667,46.116193149999994,27.425268166666665,857.4218851666666,4.572315456666667
region1,2012,41.50992646666667,29.052243233333332,0.378247881,51.273945499999996,31.74326005,715.1589966666667,5.5280065516666665
region1,2013,38.10292306666667,26.6038313,-0.6576146206666666,47.131562550000005,29.08070628333333,814.3379923333333,1.9683305121666665
region1,2014,35.01265301666667,28.599328383333333,0.658315411,45.15346146666667,24.88670156666667,907.4110424999999,1.2855853688333332
region1,2015,34.75319353333333,27.402673399999998,-0.11253125433333333,44.53754805,24.974764500000003,913.1987516666667,2.553987612333333
region1,2016,40.75879988333333,29.03322953333333,-0.8104771409999999,50.8239193,30.695352566666667,739.731547,7.911735376666666
region1,2017,39.312629083333334,28.19884396666667,-1.592010289,48.77817408333333,29.852722466666666,782.6468199999999,5.21938751
region1,2018,37.936274833333336,32.842453,0.42193309233333337,47.357846583333334,28.516420366666665,825.9387411666667,6.688781345
region1,2019,36.70430438333333,40.45065498333333,2.1806216233333333,45.640915549999995,27.76947626666667,860.6462603333333,5.36453736
region1,2020,38.27168461666667,32.06978351666667,1.2044722975,47.509134933333335,29.019955966666668,809.4842631666667,2.111823608
region10,1949,36.32261403333333,33.4648161,1.63125052,45.919564533333336,26.721371966666666,869.013387,0.8990834766666667
region10,1950,37.93821843333333,39.8477802,-0.15326517933333328,47.1990738,28.672834433333332,822.1992593333333,2.2218667386666664
region10,1951,39.97829816666667,41.28677113333333,1.396207474,48.917784366666666,31.036853166666663,758.397054,1.3998418726666666
region10,1952,37.81176883333333,33.987520866666664,0.009217204666666682,46.85744223333334,28.762430833333337,824.6630449999999,1.7603085833333332
region10,1953,41.081593833333336,32.76619973333334,-0.5519361960000001,50.88832603333333,31.263347,725.6716106666667,2.9484876796666666
region10,1954,40.915927866666664,37.36906303333333,0.2914454933333333,50.367574033333334,31.46693166666667,732.1961876666666,2.7571878240000003
region10,1955,37.69241206666667,29.827150666666665,-0.995773734,46.7604103,28.612050366666665,826.7092286666666,0.8630417393333333
region10,1956,38.06328203333333,44.38126056666666,1.8606418366666666,46.95770516666666,29.179169966666667,814.048584,1.03633356
region10,1957,38.13138836666667,33.43662896666667,0.6278336446666667,47.28059006666666,28.979975366666668,814.8440350000001,1.4608250833333336
region10,1958,40.732304866666674,35.45701506666666,0.3148670203333334,49.641399400000005,31.823310233333334,738.475423,3.0279794533333333
region10,1959,40.94184366666667,36.082557666666666,-0.32701047266666666,50.105344133333325,31.769131966666663,728.0145263333334,1.176091859
region10,1960,38.651681233333335,35.04419996666667,0.019618430666666686,47.72249986666666,29.580260600000003,797.2332963333333,0.5152667759999999
region10,1961,40.71555326666667,38.03011003333333,-0.6052454316666666,49.7348887,31.694664633333332,737.6025186666667,2.093475103333333
region10,1962,38.067081433333335,30.629293433333334,-0.7274578213333333,47.21148426666667,28.91428313333333,815.6479696666667,0.27630837766666666
region10,1963,40.674688966666665,33.610686300000005,0.026363970666666667,49.87662889999999,31.463082,739.8803510000001,2.0094544086666666
region10,1964,39.59365463333334,34.984044366666666,0.6573292909999999,48.47347133333333,30.711816799999998,772.5795083333334,4.557858746666667
region10,1965,39.487808199999996,37.102732333333336,1.637200374,48.678291333333334,30.297753666666665,772.4951376666668,0.47260006266666665
region10,1966,40.1446368,29.12733366666667,-1.3724100383333333,49.59349316666667,30.682540933333332,751.5377196666667,0.22500423599999997
region10,1967,40.64475123333333,37.854200999999996,-0.8070505866666666,49.296126066666666,31.986765533333337,740.2685953333333,3.2142461136666665
region10,1968,40.96095276666667,34.35797276666667,-0.7985725493333334,50.5044886,31.416880300000003,733.285848,4.897121273333333
region10,1969,38.27691143333333,37.53565723333333,1.3485505773333333,46.949910499999994,29.595903366666665,809.6649780000001,1.1994417846666667
region10,1970,40.0204175,34.3235019,-0.2851031156666667,48.91124216666666,31.1261508,758.5705563333332,1.7782376633333332
region10,1971,38.27377826666667,41.73198573333333,1.7286376143333335,46.93696593333333,29.61022696666667,809.3626706666668,0.25379168999999996
region10,1972,38.0593796,43.710503233333334,2.5499408233333334,46.6888644,29.429334033333333,815.440857,0.27797086033333335
region10,1973,38.378467566666664,27.233634633333335,-0.5929604263333333,47.33444723333333,29.4219564,806.637634,0.34198756999999996
region10,1974,39.5875664,48.69444276666667,1.8635240766666668,47.7469673,31.419830966666666,770.2024536666667,1.3452209806666666
region10,1975,39.197669966666666,34.001295733333336,-0.44156118233333325,48.446922300000004,29.945122400000002,782.8722533333333,2.9174251166666667
region10,1976,39.299368533333336,39.19001453333333,1.6965033906666667,48.25949476666667,30.336303033333333,779.2771809999999,2.0561376233333335
region10,1977,40.4313011,16.61949033,-2.665660303333333,50.902931233333334,29.953318300000003,746.8940426666667,2.1573503016666664
region10,1978,40.824030566666664,37.28294626666666,0.886962155,49.1066119,32.53285663333333,731.841573,0.8327083973333332
region10,1979,37.4080162,27.564838100000003,-0.616921962,46.6609713,28.1476021,835.8001913333334,0.6399167769999999
region10,1980,40.868520100000005,33.84744293333333,-0.4006034486666667,49.96428806666666,31.777965566666666,734.034383,3.5364959999999996
region10,1981,41.87187573333333,32.443638166666666,0.23795698066666668,51.10541786666666,32.63255566666667,700.5148519999999,1.454066965
region10,1982,39.186587,43.757295,2.279509146666667,48.06360883333334,30.297412866666665,782.4170936666666,1.9206086393333335
region10,1983,40.3429133,41.2819144,2.6723642759999997,48.605183933333336,32.0806637,747.1526083333333,0.913750181
region10,1984,38.97004953333333,37.1518351,3.5141900400000003,47.355616266666665,30.576088566666666,788.4535930000001,0.759958426
region10,1985,37.066508,29.5122684,1.2073406663333333,46.109624233333335,28.02788796666667,845.8141683333333,0.7285874896666668
region10,1986,38.210283933333336,34.77963763333333,0.4805887056666666,46.93996176666667,29.469422666666663,810.6127526666666,0.092283403
region10,1987,40.72921373333333,30.65421166666667,-1.1062674726666666,49.87457656666666,31.5794417,735.0191653333333,0.21883758133333334
region10,1988,41.33043923333333,26.715895999999997,-2.94059658,51.4613851,31.183546033333332,719.756266,2.974812823666667
region10,1989,39.7748413,33.21440856666667,-0.8697677296666666,48.94940183333333,30.6053206,762.1520996666667,1.6034835296666667
region10,1990,41.4447034,30.761233333333333,-1.1979132693333334,50.994290666666664,31.888868333333335,713.4852293333333,1.9372168793333333
region10,1991,39.8413658,34.489437433333336,-0.7590104700000001,49.21480816666667,30.46523156666667,769.761658,5.57390038
region10,1992,43.12075933333333,27.38907306666667,-1.8545476966666667,52.766675299999996,33.47223283333333,666.153727,3.4690754
region10,1993,38.527782433333336,31.4627215,-1.4001711036666666,47.24946723333333,29.7979393,801.1973266666668,1.2471125533333334
region10,1994,41.05379993333333,23.40322335333333,-1.71481057,50.78883996666667,31.317344666666667,724.6286213333333,1.884212673333333
region10,1995,40.43295286666667,38.7933909,-0.09084863666666666,49.44588339999999,31.407469399999997,748.0896200000001,3.8403753833333334
region10,1996,41.241647066666665,44.99854150000001,2.92153478,50.21303433333333,32.250247933333334,721.8824666666666,3.1833335566666663
region10,1997,39.76242953333333,47.466302899999995,3.16966152,48.5395139,30.980763733333333,764.0622763333334,0.6228875713333334
region10,1998,41.35323333333333,35.6743609,1.3500296269999998,50.04207993333333,32.65685396666667,718.4513956666666,2.7112043666666668
region10,1999,40.37176133333333,44.4136149,1.7512639366666667,49.185941066666665,31.547460533333332,749.8467203333333,4.862858653333333
region10,2000,41.80187733333333,32.5103798,-0.8567978433333333,51.3809446,32.22131666666667,703.998698,1.5604249356666668
region10,2001,39.2898407,22.304053,-2.33382579,48.35177356666667,30.226241433333332,777.961202,1.1534334723333333
region10,2002,40.13772963333333,36.50405753333333,-1.2902453733333334,49.28837456666667,30.981812166666668,755.8433026666667,3.526383636333333
region10,2003,41.57263053333333,32.37050276666667,-2.1877793833333334,50.75247830000001,32.39085896666666,709.7965086666667,1.8720584486666667
region10,2004,41.6519216,31.658302000000003,-2.3618278133333335,51.04594803333333,32.25818826666667,708.6318363333334,3.0880338333333337
region10,2005,41.356811533333335,27.39057796666667,-1.28543389,50.508815766666665,32.2003479,715.7308146666668,0.909725071
region10,2006,40.05753453333333,38.96850013333333,0.716160753,49.06041973333333,31.045269,754.6664226666667,0.8929667466666666
region10,2007,40.775561,36.59041976666666,-0.56667309,50.3272438,31.2191334,735.271505,1.8614668853333332
region10,2008,38.476039899999996,33.4759407,-1.1567587266666666,47.55604806666667,29.3971952,804.3875119999999,1.1477626166666666
region10,2009,39.9400851,29.3163007,-1.2293038763333333,49.39896646666667,30.482554766666667,760.4633786666667,1.9230917319999998
region10,2010,40.63002903333334,32.901823033333336,-0.5891315743333333,49.7020747,31.55807366666666,742.2503456666667,4.059137661333334
region10,2011,39.455321,41.948136,2.2538860633333333,47.87934366666667,31.0247364,773.3348793333333,1.7813211196666667
region10,2012,40.8967387,34.86862023333333,-0.024546277000000005,50.314535766666665,31.47469203333333,733.8700563333333,4.72666303
region10,2013,40.718262966666664,32.99411393333333,-0.5082305066666667,49.95342253333333,31.480159099999998,738.4665526666668,3.545470953
region10,2014,40.57567343333333,33.70324323333333,-1.24615237,49.6660029,31.491827,740.8920493333334,2.285671116
region10,2015,43.81965636666666,32.6854528,-1.2625201533333332,53.259900433333335,34.36493556666667,644.419047,3.3811418233333335
region10,2016,42.50293223333333,40.6728115,-1.036204735,51.49120586666667,33.51557666666667,683.2398476666667,2.080608406666667
region10,2017,39.65567523333333,46.15001933333334,1.3839830966666666,47.94331613333333,31.3656699,768.5622353333333,1.09199182
region10,2018,40.8491262,36.3283666,-0.30852272000000003,49.739953333333325,31.947126366666666,732.4153036666667,2.5107711933333334
region10,2019,40.061368333333334,31.077874499999997,-1.766135254,49.18010710000001,30.937699,754.0972496666667,1.458270979
region10,2020,40.43153506666667,30.956608766666665,-1.0422641053333332,49.474456800000006,31.378154733333332,744.5928749999999,1.198087683
region2,1949,41.925987250000006,27.9069767,0.406749716,51.90117455,31.926119800000002,703.766174,5.71470034
region2,1950,39.6280613,24.053702350000002,-2.04033935,49.52166555,29.716850299999997,768.727814,3.8513252145
region2,1951,40.056718849999996,29.3424416,0.685506313,49.43863675,30.6728096,756.1842345,2.3882253045
region2,1952,40.22774125,32.8081579,1.340850115,49.8216095,30.63722895,753.9593505,5.3768820150000005
region2,1953,41.06467245,30.5408764,1.4106104065,50.48852155,31.64182755,729.2740475,5.570137620000001
region2,1954,41.318956400000005,24.77192405,-1.4020408949999998,51.9013138,30.73631095,724.0233765,6.964025749999999
region2,1955,39.76284985,27.096234350000003,-0.36949831,49.1423092,30.4112415,768.560028,6.091513405
region2,1956,37.905813249999994,27.4793587,0.5233819630000001,47.1466942,28.64742755,825.0898745,5.052832065
region2,1957,40.047014250000004,24.51845835,-0.6031450865000001,49.8193951,30.2772694,757.6317445,2.8487756235
region2,1958,39.5174217,31.938879,-0.4082627,48.58676145,30.445873249999998,775.3667605,7.33036326
region2,1959,37.878196700000004,25.218607900000002,0.241451517,47.983310700000004,27.746798499999997,824.295929,4.21328771
region2,1960,40.088811899999996,28.8717089,0.684584692,49.33483885,30.8390026,765.2745055,11.342244610000002
region2,1961,37.900436400000004,28.1562042,0.12060713949999996,47.80636785,27.992483149999998,825.988953,5.711544035
region2,1962,40.0316715,24.06128595,-1.1078134179999999,49.7010956,30.35823155,771.0555420000001,17.4805183
region2,1963,36.87898255,23.4053297,-0.953025875,46.8718605,26.9068184,850.046173,1.8772002465000002
region2,1964,38.9982662,26.113082900000002,-2.172962305,49.13518905,28.862269400000002,787.3468325,2.20375031
region2,1965,38.145650849999996,20.74185945,-3.63132608,48.30689045,27.98013305,816.8945925,5.10987532
region2,1966,38.8248806,20.95488735,-3.6933292150000003,48.17247775,29.481558800000002,797.373657,6.96880687
region2,1967,38.76101875,26.785711300000003,-0.30435919850000004,48.59147835,28.921921750000003,794.2999875,2.9508628835
region2,1968,38.20464895,22.91069605,-0.35022164899999997,48.34173775,28.075558649999998,811.234619,2.7951189249999997
region2,1969,39.103691100000006,24.6693745,-1.183761029,48.40372085,29.7946596,790.6232299999999,7.869494095
region2,1970,37.22717665,27.00408075,0.025597781000000014,46.78897285,27.66854955,845.898987,5.356818915000001
region2,1971,38.6700115,27.3099098,-0.248892106,47.9888172,29.3434887,805.9980774999999,9.403513555
region2,1972,39.8504219,28.84284785,1.14364821,49.14989855,30.556199999999997,769.812378,11.932650550000002
region2,1973,40.0098057,35.52048305,3.071548815,49.186674100000005,30.8077068,759.6575925,6.0774444249999995
region2,1974,40.59993935,29.14856435,0.856410861,50.5980339,30.61129475,743.1010739999999,7.186157345
region2,1975,39.1256161,28.16503045,1.109887241,48.502740900000006,29.73290635,786.075012,4.0556755945
region2,1976,40.83351705,31.10996815,2.11904597,51.0123043,30.6579676,735.1421205,3.3427755815
region2,1977,37.03379055,25.627872449999998,0.28011793000000007,46.88593295,27.1779947,849.6866454999999,3.4602629545
region2,1978,37.18791385,36.097847,1.915223005,46.234031650000006,28.13763615,846.022003,7.009469295
region2,1979,38.338420850000006,30.6335926,1.1318569835,48.125160199999996,28.534814850000004,805.4304505,3.171706619
region2,1980,39.92980955,29.26399805,0.4055591215,49.174293500000005,30.6801586,761.6277769999999,5.10555673
region2,1981,38.53159905,21.72514055,-1.828011215,48.6453018,28.413599050000002,812.2475890000001,9.14736317
region2,1982,37.452137,27.625796299999998,-0.0969621685,46.8612957,28.026783950000002,837.691284,4.0778191375
region2,1983,41.4171829,29.8866091,-0.45256598299999995,50.800584799999996,32.00683215,716.6062314999999,4.64988166
region2,1984,39.2187786,34.363513,1.24412656,48.7061043,29.726912499999997,790.167297,8.031731595
region2,1985,40.6101589,18.534380900000002,-1.7298631650000003,50.61879345,30.609758400000004,740.289764,3.7986505925
region2,1986,40.3030052,28.04227925,-0.4288570765,49.89547535,30.7089767,753.47821,7.945213219999999
region2,1987,39.798824350000004,28.5600128,0.27574221050000003,49.331951149999995,30.261948599999997,764.884857,4.7874132405
region2,1988,39.358184800000004,24.63866995,-0.38271996399999997,49.09721945,29.6168852,780.405823,5.472863315
region2,1989,39.1465683,24.02586175,-1.0817159434999999,49.035305,29.245764700000002,784.4551389999999,3.3054441199999998
region2,1990,40.429645550000004,28.6321831,1.125746281,50.4880657,30.375268,750.3655699999999,6.560125815
region2,1991,42.6016731,28.9444952,0.69016443,52.4750519,32.7405367,682.2231445,5.126350585
region2,1992,40.015409500000004,22.252594950000002,-1.7487008,49.85931395,30.187851900000002,759.8615725,4.848862585
region2,1993,38.782774,31.05094145,1.51879078,48.0657196,29.494070049999998,795.331177,4.73653811
region2,1994,37.801576600000004,32.6394634,0.9925384225,47.6869545,27.929739950000002,827.1142884999999,4.960882185
region2,1995,41.248519900000005,19.679381399999997,-1.1743562225,51.31065175,31.17805575,719.5955200000001,4.06099403
region2,1996,38.4235859,33.41589735,0.8907675764999999,47.98449325,28.87127685,809.5979615,6.27771366
region2,1997,40.426527,33.75333215,2.945584775,49.73923495,31.08944705,750.2446285000001,7.025150405
region2,1998,42.14271165,29.87629605,1.284899535,51.4501324,32.83539675,696.073273,4.645819425
region2,1999,41.93161775,23.528267900000003,-1.653025089,52.05487635,31.806079849999996,707.6077574999999,10.235562904999998
region2,2000,41.99553295,31.0107117,0.053438361999999996,51.8230362,32.14936255,704.2535399999999,8.75410008
region2,2001,39.17424015,24.514017099999997,0.033047303500000014,48.78664015,29.558068249999998,786.277924,4.67307544
region2,2002,44.07182885,20.287979149999998,-2.69195545,54.3817711,33.7502203,638.0460204999999,5.37927556
region2,2003,38.62426375,30.83385655,0.4665526345,48.071975699999996,29.169013,806.6658325000001,10.384568915
region2,2004,40.222757349999995,31.917912450000003,2.468107465,49.6162834,30.8156052,757.121277,7.822068915
region2,2005,40.463592500000004,29.78509335,1.705231485,50.29524615,30.62957095,751.5810240000001,9.249231345
region2,2006,42.74448015,32.1387291,1.348669501,52.58823965,32.891798,686.8764955,14.575094230000001
region2,2007,41.05799675,35.20921325,2.8028883899999997,50.344341299999996,31.751745200000002,725.1765135,4.49915707
region2,2008,42.394632349999995,30.27119735,0.31803453000000004,52.1748924,32.62707615,695.5913390000001,13.18651364
region2,2009,40.3367939,27.3387804,0.8286366465,50.172657,30.49752045,754.983704,8.768056535
region2,2010,41.9556675,31.692007999999998,1.9351496105,51.0054264,32.90810395,701.022827,5.06400043
region2,2011,40.37877845,32.47428895,0.04248428500000001,49.763547900000006,30.9969063,756.775513,11.933125275000002
region2,2012,45.047166849999996,27.18987085,1.0237799895,54.73056029999999,35.36523915,615.174347,12.38503171
region2,2013,41.372579599999995,26.7663212,-0.569392353,50.28111265,32.456446650000004,721.3513485,8.36463199
region2,2014,38.37166595,27.40559005,1.3119675499999999,48.4652824,28.262366299999996,809.3634340000001,5.084219515
region2,2015,38.38272285,25.4496746,-0.029165953500000008,47.96392635,28.805790899999998,809.4157104999999,8.332968825
region2,2016,44.46046065,26.0182543,-0.643584994,54.60765455,34.289863600000004,636.6699825000001,16.93852518
region2,2017,43.54850385,26.425319700000003,-1.395354927,53.14686965,33.9442997,663.64328,13.908643730000001
region2,2018,40.89109805,27.41805745,0.633085985,50.48176575,31.3062954,742.937439,12.736613285
region2,2019,41.09080695,37.7203274,3.03483188,50.0045662,32.1800985,738.0180965,15.190018644999999
region2,2020,42.44241905,27.948867800000002,0.6258634329999999,51.70225525,33.151553199999995,692.993286,11.80397715
region3,1949,47.280824259999996,30.20097236,1.4124392958,57.62091752,36.93705292,547.2883852,10.769706626
region3,1950,46.28015594,23.475487519999998,-0.8103793032000001,56.75473404,35.79601936,576.3720824,12.09830297
region3,1951,44.9972389,26.933690260000002,0.3136881116,55.265630339999994,34.7127411,614.4286194,9.782496474
region3,1952,46.04850234,32.26953774,0.8222925184000001,56.404644,35.683259559999996,586.5815064000001,13.927781712000002
region3,1953,46.09474487999999,27.976403799999996,0.272501529,56.45758513999999,35.74117164,582.8489563999999,10.873333032
region3,1954,46.89846116,22.31783294,-2.24824071,58.394186360000006,35.39292908,562.8836304,14.697219380000002
region3,1955,45.8783325,25.2666107,-1.3893915894,56.31075668,35.43287736,598.5563354,20.800248445999998
region3,1956,44.037563320000004,24.12814522,0.14388194699999998,54.19540098,33.8853611,648.8551150000001,13.839706134
region3,1957,46.52708208,28.61466368,0.9448933248,56.35069582,36.7013996,569.4022950000001,10.732055808000002
region3,1958,43.7925972,33.27963486,0.5740588126,53.10975878000001,34.4610222,656.0965088,16.271065236
region3,1959,44.2333786,21.90380632,-0.072934097,55.21316452,33.24850428,639.1163942000001,10.238610354
region3,1960,45.30136184,26.47923778,0.143807506,55.31424792,35.282073600000004,616.0830078,20.160070214
region3,1961,43.69248812,29.11545486,0.8399159376,54.07741394,33.30033798,659.484314,14.182802473999999
region3,1962,45.170420060000005,28.381601319999998,0.7395128042,55.271275319999994,35.05806732,623.3179686000001,24.09006424
region3,1963,42.857725540000004,25.387713639999998,-0.6014349026,53.493620299999996,32.21888086,675.4083376,7.9584786318
region3,1964,44.0286995,27.860643,-1.0832198334,54.81434554,33.23938486,640.3588987999999,7.059288128
region3,1965,44.15653536,24.4230381,-1.9693167813999999,55.0426323,33.26417886,640.5066774,10.268363144
region3,1966,44.3513794,19.5184124,-3.525422716,54.475868219999995,34.2242363,639.861255,16.148466488
region3,1967,44.4957306,24.910277920000002,-1.700894422,55.144308460000005,33.855705640000004,626.7171632,8.289146304
region3,1968,43.15814288,21.677986920000002,-0.0801916222,54.10502242,32.21523628,664.2921632,5.795755292
region3,1969,44.287610619999995,21.956036,-2.0752600180000003,54.1166458,34.44822846,639.4163086000001,13.090890594000001
region3,1970,42.65774078,25.2957035,0.1648206474,52.62150802,32.68259886,686.6555542,10.4547902
region3,1971,45.00595704,24.88790778,-0.4095913884000001,55.2254776,34.7832905,627.6957152,23.177540020000002
region3,1972,46.64922258,30.333461,1.02120316,56.3552437,36.94040262,575.1197208,22.787046624000002
region3,1973,45.7360939,33.12111702,2.586791968,55.18182678000001,36.27431792,593.738989,12.975575634
region3,1974,47.4255127,26.82497902,0.24826687499999997,57.92253874000001,36.926438919999995,549.3785826000001,19.482034998
region3,1975,44.79219664,28.672966380000002,0.8048781128,54.95127182,34.620986540000004,620.2308350000001,9.2306624
region3,1976,47.22985992,26.9130535,1.3052071032,58.09858322,36.34808962,550.461456,11.699009180000001
region3,1977,42.3083847,25.9990589,-0.3949478144,53.06228026,31.554864880000004,696.2173951999999,9.152566378
region3,1978,42.89499436,33.74086992,1.4227732413999998,52.35353624,33.422729079999996,684.810205,18.393962870000003
region3,1979,44.30411452,29.755562199999996,1.3002032656,54.6639885,33.94157296,636.871582,14.480488404000003
region3,1980,44.90117186,31.151546860000003,1.6830438132,54.630740360000004,35.17240332,618.7100768,12.504283046000001
region3,1981,44.38099974000001,20.50390702,-1.7916733274000003,54.94144442,33.8042633,646.6482058,21.536244978
region3,1982,43.08072738,25.677844219999997,-0.48836976940000004,53.21996764000001,32.93875464,672.3374392,8.830681328
region3,1983,46.23629074,28.3539604,-0.20397852060000005,55.87272263999999,36.598020940000005,576.0992002,10.040776826
region3,1984,44.433215340000004,34.80680044,1.2662317862,54.290805060000004,34.57621458,638.288147,14.340804123999998
region3,1985,46.44817734,18.81043588,-1.6283813003999998,56.96696472,35.9130146,573.4770632,14.030519637999998
region3,1986,46.31339034,25.80307464,-0.427154333,56.41828004,36.21103326,581.1920408,16.45621137
region3,1987,45.2446785,28.169966520000003,-0.9347400843999999,54.94095154,35.53652228,610.6697266,14.646863594000001
region3,1988,44.824322519999996,24.65846328,-1.6680976194,55.33652954,34.29780806,625.1243162,14.757834416
region3,1989,44.90468216,26.13257256,-0.9714953855999999,55.377806080000006,34.41760328,615.602704,8.362623654
region3,1990,46.51451264,26.32600518,1.3515628826000001,57.01070558,36.003756700000004,575.939502,15.480987644
region3,1991,48.12894666,27.096069720000003,-0.354512714,58.72684022,37.51979522,523.2611144,13.347253517999999
region3,1992,46.31578828,23.018349460000003,-2.619527222,56.75858000000001,35.86812972,577.6894532,12.866157676
region3,1993,44.77264558,30.791092279999997,1.256852638,54.24542238,35.28740618,622.3351562,11.839730832
region3,1994,44.714654540000005,35.55232696,0.8529000368,54.952345279999996,34.46519814,629.6181824,16.017366314
region3,1995,46.65109328,20.45335502,-1.2422467962000001,57.360898580000004,35.92092324,562.4819092,9.498435109999999
region3,1996,43.83430406,31.04024392,0.7537704944,53.91998978,33.74192504,653.7319336,13.786189824
region3,1997,45.90908736,32.4614811,2.434436752,55.73117218,36.07628708,590.7473388000001,13.425247198
region3,1998,47.35519256,34.093086240000005,1.2283303606,56.9556389,37.75082854,546.0349610000001,12.120197978
region3,1999,47.53124082,23.357025880000002,-2.639094352,58.53591917999999,36.52383882,551.753479,23.813789554000003
region3,2000,47.35006864,31.656016540000003,0.1515570052,58.043785879999994,36.65268632,547.5066650000001,13.45630645
region3,2001,44.5697914,21.47443162,-0.6910628556,54.95658568,34.17470704,630.3045286,11.189582591999999
region3,2002,48.76288912,19.0398022,-2.3327881340000003,60.14792786,37.37336424,501.6666932,11.015714784
region3,2003,44.93975448,34.08279456,1.3264862312,54.40040742,35.4797741,625.878528,20.265747436
region3,2004,45.97018888,33.1674244,3.74786682,55.94779894,35.97192534,590.511621,14.969998648
region3,2005,46.35730896,29.116969660000002,2.0251914594,56.18079834,36.518928519999996,580.7765929999999,16.677458772
region3,2006,47.94666138,23.56455538,-0.9163466511999999,58.545891559999994,37.345563500000004,539.8172362,24.93557912
region3,2007,46.321961959999996,33.073567960000005,1.0176186176,56.43311841999999,36.20491258,570.9535462,9.73282523
region3,2008,48.07653198,25.884149179999998,-1.9455926236,58.50791244,37.64319152,536.8026,25.892679396
region3,2009,45.774343879999996,24.74103432,-1.0932214396,56.123134619999995,35.42817534,598.8944945999999,17.239064694
region3,2010,46.06882782,33.281549840000004,2.0567534444,55.59792710000001,36.53884162,583.9013978,12.976432238000001
region3,2011,45.79001466,28.57618788,-1.2963447933999999,55.95985642000001,35.607376120000005,604.8577452,22.854585825999997
region3,2012,49.62762756,27.332033539999998,-0.06024434359999997,60.0523834,39.18758622,484.9104188,20.646238132
region3,2013,46.24062268,28.49000626,0.3186137558,55.88397522,36.593685519999994,581.1926942,15.002168000000001
region3,2014,44.31872942,26.97714616,1.1892319327999998,54.844464900000006,33.78863564,637.1903318,12.465034876
region3,2015,44.3259178,26.85351486,-0.140922232,54.24194795999999,34.40828476,639.268286,17.328638656000003
region3,2016,49.246787260000005,26.847839,-0.1233659162,59.60881958,38.88392334,499.62825940000005,24.705470660000003
region3,2017,49.60989148,27.636202259999997,-0.633906895,59.77138368,39.44224014,496.49389659999997,30.05901184
region3,2018,46.07066347999999,24.912315380000003,0.028914339999999972,56.1427147,35.99862592,594.3845702000001,20.162125204
region3,2019,47.785232539999996,38.272684479999995,3.883587908,56.91722336,38.644748680000006,553.7615538,32.93261814
region3,2020,48.748574080000004,27.62576864,0.16838450459999993,58.75430682,38.741459680000006,519.8968259999999,29.408674062
region4,1949,54.7949061375,43.299406525,1.56481862775,65.8909883625,43.69576645,350.399519875,40.99719525
region4,1950,54.6733665375,32.2625029,0.42736059137500004,66.1041894,43.235435475,358.091428875,46.5223118125
region4,1951,52.0967888625,33.2318253375,0.7016455128750001,63.447260375,40.745657449999996,429.0999165,39.0496513875
region4,1952,54.1202011125,38.4795901875,0.01580514475,65.597692025,42.634413225,377.24366375,48.803798175
region4,1953,53.092803475,33.186128625,-1.397666078875,64.98132515,41.1867614,395.209163875,35.005617862499996
region4,1954,54.296166424999996,30.8189062875,-1.55613899525,66.7408680875,41.8414054,373.85195550000003,49.1582549
region4,1955,53.9043684125,30.7497386875,-3.07061743625,65.9108171375,41.8937583,395.95925925,60.495135325
region4,1956,52.85764025,31.0222106,-1.63345233375,64.637614725,41.0647707,416.120544375,47.21827525
region4,1957,55.050131325,34.1881930875,-0.943126675,66.314058775,43.7832579625,345.9954605,44.3678160375
region4,1958,50.728140825,42.3495474,1.585047438,61.2009959125,40.243802525,468.16819200000003,38.1079008375
region4,1959,52.6231207875,29.982174875000002,-0.39975091012499997,64.4723782375,40.7639617875,417.480011,41.8243987375
region4,1960,51.8389611375,36.828548425,0.813481907,62.621798525,41.054963137499996,445.04482662500004,47.4595301
region4,1961,52.4091196125,35.449169875,0.106587973,64.03663635,40.77160835,427.78122525000003,45.7815256
region4,1962,52.97751665,38.166146275,1.166258662875,64.4893870125,41.4488940125,408.244402,42.6078598625
region4,1963,51.7529816625,32.4622146875,-0.5587701951249999,63.7124342875,39.7797102875,443.967727625,45.03513315
region4,1964,51.5161881375,38.4181769,-0.083664141125,63.5500731625,39.47474385,448.12626075000003,41.102640612500004
region4,1965,53.0296373375,38.33349275,1.356473476375,64.7069449375,41.3519549375,403.29189875000003,41.1703863375
region4,1966,52.330026625,31.402242675,-0.29681450512500007,63.6362357,41.0153198125,424.5157565,41.2639761
region4,1967,53.295186525,28.94114755,-0.539052101125,64.98011542500001,41.6088199625,395.20309625,42.6127202
region4,1968,50.934402925,31.049361,0.7082205195,62.982786662500004,38.87594175,449.86470399999996,26.80092084625
region4,1969,51.022192475,32.8352138875,-0.36511605825,62.3885431125,39.6473374375,457.801218,34.8719418
region4,1970,51.0260772875,33.6792502375,-0.030383788125000012,62.442689425,39.594097125000005,461.0486945,38.4187590875
region4,1971,52.717320925,33.8938100375,0.042260327375,64.518762575,40.903835775000005,423.297021875,52.461132075
region4,1972,55.140683175,35.178929075,0.55907264025,66.259588725,44.0160474875,354.5727025,58.676979
region4,1973,53.3119735875,44.849744799999996,1.636599972625,63.808522225000004,42.797128675,401.312118625,49.431210975
region4,1974,56.0057029625,38.2924397,1.466462202875,67.491469375,44.5094070375,332.83669475,62.340699650000005
region4,1975,52.846682075000004,39.551495075,1.9428789856250002,64.30497075,41.3810963625,399.601283875,31.4750908525
region4,1976,53.9438481375,35.434965375,1.696991911375,65.9119029,41.975435274999995,375.631817,39.956965625
region4,1977,49.662114625,34.9486534625,0.682245267375,61.574761387500004,37.748994575,497.52370837499996,33.0560598375
region4,1978,50.504834675,37.6243586625,0.6279384975,61.38129045,39.623418799999996,481.81929587499997,44.57076335
region4,1979,52.626222125,39.2619032875,0.44036562612499996,64.14879895,41.093454362500005,423.949663,50.701062675
region4,1980,51.9089961125,42.0860514875,2.45440284875,62.941359524999996,40.8655572125,430.49851424999997,36.183109425
region4,1981,52.3352870875,26.0890459875,-1.9560561025,64.486094,40.1708865125,437.341838875,53.547478674999994
region4,1982,51.9314761125,34.4480121125,-0.42255647487500003,63.3985548,40.4508442875,430.1322765,34.3654592875
region4,1983,52.7227630625,41.6414847375,1.049577034875,63.270269400000004,42.166575449999996,404.455101,33.987607974999996
region4,1984,51.71150925,41.2317047,1.171941613625,63.0153627375,40.40014315,439.836755875,36.79490255
region4,1985,53.7824626,26.485447875000002,-1.006804670875,65.322718625,42.2385950125,387.35833175,49.99249625
region4,1986,54.4452528875,24.765928275,-0.8385472205,66.08913373749999,42.7891058875,371.2167415,51.0276708875
region4,1987,53.58894825,38.23746585,-0.807673561125,63.8485264875,43.322960375,395.449131125,50.3382317625
region4,1988,52.1873483625,28.0591928875,-2.031983468375,64.26114655,40.099973225,424.768055,37.2274537125
region4,1989,53.590400725,36.5321340625,-0.27997241949999996,64.8799915375,42.3012819375,386.2871915,41.70801185
region4,1990,53.9429302125,40.821624975,2.47900909225,65.2137289,42.6555848125,378.923542125,42.861767112500004
region4,1991,55.468775275,41.7961578375,0.270479275625,66.8151807625,44.1189875625,342.934560875,54.71977045
region4,1992,53.929682275,29.777998925,-0.74718770275,65.434815875,42.4111247,377.90574649999996,42.860084275000006
region4,1993,52.3483281125,38.3384628375,1.42259240075,62.760365462500005,41.926936624999996,418.1202545,36.300971025
region4,1994,52.8952274375,37.9154939875,-0.18324192150000002,64.3042793375,41.485152725,412.89874475,45.9292054375
region4,1995,54.3946704875,33.224507325,0.42883808199999995,65.450607775,43.329945075,360.71225925,41.125880175
region4,1996,51.2694773625,38.586532125,1.14735647775,62.650391575,39.891070825,451.958032625,36.4800179
region4,1997,53.7130127,40.070362575,1.50176478525,64.7364702375,42.6858415625,381.43219750000003,40.2854386
region4,1998,53.3041787,42.87848615,1.346403807125,63.7687048875,42.825029375,395.994710875,42.112953175
region4,1999,56.147433275,31.075229874999998,-1.71758750775,67.7617225625,44.5253291125,335.4578515,67.5883479625
region4,2000,54.584407812500004,29.2344656,-2.443969293375,66.958043575,42.2043333,358.191698125,42.60054135
region4,2001,52.3482646875,30.0162010375,-2.03013483525,63.6972298625,40.993704799999996,427.595624875,42.8079903125
region4,2002,54.8531408375,31.216450925,-0.91546760075,67.0113625375,42.677697162499996,349.299778125,43.0621624
region4,2003,53.3673224625,43.33452605,1.491744893375,63.5917115125,43.139476275,409.179174375,57.9152732
region4,2004,53.5894770375,29.276030312499998,1.013222233625,65.0866084125,42.0917697125,385.9793645,41.5742740125
region4,2005,54.713509575,41.1726949125,1.659886830375,65.34184645,44.0796718625,360.7056065,49.3964443125
region4,2006,55.0723548125,26.8597970125,-1.10787187225,66.8344278375,43.3026342375,361.610830375,62.3604746375
region4,2007,53.8036461,29.9685878875,-1.54840866725,65.595508575,42.0007448125,375.01491925,38.649001975
region4,2008,54.869347575,31.7708897375,-3.189656288875,66.5432410375,43.1795826125,364.10076325,58.13326885
region4,2009,53.249224175,31.45503045,-1.15863482825,64.7467846875,41.7502694,398.41959375,43.39841275
region4,2010,51.945072662499996,41.6291911625,1.272246142,62.4198150625,41.4597640125,438.567770125,44.719233575000004
region4,2011,53.4791974875,32.0003905375,-1.717608489125,65.475326525,41.4669099,406.17586525,56.485896587499994
region4,2012,56.2617321125,33.0723366625,-1.55068387775,67.787718275,44.7228365,316.051984875,52.2010985
region4,2013,53.39101745,37.229281875,0.362252556375,64.4825386875,42.2976922875,391.78529925,41.3548241125
region4,2014,52.326625825,35.958680612500004,1.75304124525,63.65955975,40.9870457625,429.5936795,46.174905325
region4,2015,53.036926287499995,34.8130466875,0.21621729474999998,63.861681925,42.2016634875,413.320482375,54.521050450000004
region4,2016,56.4285483125,40.8518393,0.6891367429999999,67.2151875375,45.6458864125,317.63600825000003,59.6029797375
region4,2017,58.0010275875,28.378762725,-2.45885680625,69.8748831625,46.1179375625,291.69048425,79.1688570875
region4,2018,53.9937791875,35.51042915,0.5328231050000001,65.0547070625,42.9297342125,382.90344600000003,47.45981545
region4,2019,55.5141272375,47.715465075,2.454955398375,65.707895275,45.31479025,358.39214325,70.4655270375
region4,2020,56.664710062500006,44.4076020625,1.680145091375,67.5845842375,45.747712612499996,330.162377375,79.3803549125
region5,1949,37.646866466666665,20.11848865,-0.8352918983333333,47.69113225,27.597929983333334,835.8165688333333,9.330858086666668
region5,1950,35.32470703333333,24.278756466666668,0.851168022,45.266139366666664,25.386444416666667,899.0023383333333,3.0673038861666666
region5,1951,34.412171683333334,21.20336611666667,1.4408107406666666,43.910809199999996,24.9237423,930.7339668333334,6.003147576666667
region5,1952,35.729935000000005,21.486811633333332,2.2343579933333335,45.501514433333334,25.950622883333335,889.8027446666666,4.170356223833333
region5,1953,37.17165405,16.421206466666668,-0.9025147651666666,46.99373563333333,27.348371816666667,846.9260048333334,5.742504863166666
region5,1954,38.8673706,15.4568661,-2.3273144961666667,49.64031283333333,28.08905125,801.3106283333333,9.146218842666666
region5,1955,37.41575815,19.429159483333333,-0.666374166,47.090857183333334,27.73179753333333,844.647644,11.078021496666667
region5,1956,34.878461816666665,17.549633021666665,-1.3478493821666666,45.10197766666667,24.650122633333336,919.5337329999999,8.92562251
region5,1957,37.0247771,15.614953373333334,-1.3477730553333334,47.21763228333333,26.837218583333335,852.1481136666666,6.344468596666666
region5,1958,36.11215466666666,16.924806736666667,0.06306091583333333,45.51950391666667,26.71114348333333,875.8118293333333,4.7655489185
region5,1959,34.93652155,17.639413773333334,0.45781774233333333,45.39679338333334,24.478075983333337,915.4823908333333,6.448384786666668
region5,1960,35.30552961666667,20.14385221666667,0.9675901231666666,44.4867484,26.119366333333332,906.8779805,9.343190568166667
region5,1961,36.7171599,16.919526408333333,-0.37005538299999996,46.52519036666666,26.90119425,867.1415611666666,10.858623979
region5,1962,35.34782473333333,20.07813691666667,0.8725135365,44.885489150000005,25.813063933333336,906.4460643333333,10.513826956666668
region5,1963,34.63917096666666,15.804950401666666,-1.1828625731666667,44.84312756666666,24.42978893333333,920.4763583333333,4.388905466333333
region5,1964,37.56038791666666,16.773990466666667,-3.376473486666667,48.1879444,26.923741966666665,839.0202325,9.637911221666668
region5,1965,34.51611583333333,19.3195591,-1.1315746004999998,44.746826166666665,24.2893656,927.700215,5.961241524166667
region5,1966,36.26403266666667,21.597098650000003,1.2509171566666668,45.534990916666665,26.993800800000002,874.4665216666666,6.638550249000001
region5,1967,35.77930355,20.379604016666665,0.28107731016666665,45.734153133333336,25.81850815,885.1440626666666,3.8981049753333337
region5,1968,35.920604383333334,18.62433196,-0.2658488901666667,45.984423316666664,25.854331000000002,880.7288516666667,3.463632563333334
region5,1969,35.9775187,20.75513715,1.3539469046666666,45.31417591666667,26.642825116666668,884.4308255,6.418754211666666
region5,1970,34.32002703333333,18.478279750000002,0.11933108616666666,43.905008333333335,24.731947883333333,933.5672896666666,5.615825864333334
region5,1971,35.58694555,20.64244,0.9765143343333333,45.203825,25.969669666666665,899.3340153333334,10.088930873833332
region5,1972,36.47785948333333,20.86727648333333,0.3475081331666667,46.214825966666666,26.738141383333332,872.9925951666668,12.653337638333333
region5,1973,36.97340678333333,23.7691722,1.99568501,45.49138703333333,28.450753516666666,854.3218686666668,7.743787982166666
region5,1974,37.47604116666667,20.706593350000002,1.0602180265,46.97601508333333,27.975147566666667,841.216603,10.066789543333334
region5,1975,35.566041633333334,20.472334383333333,1.3953304593333333,44.74844996666667,26.3863376,891.2922861666666,2.155491867333333
region5,1976,38.201840383333334,19.735887683333335,1.0095877991666666,48.406945549999996,27.98674645,815.2534183333333,3.5637069533333334
region5,1977,33.3991887,15.176770691666666,-2.954014837666667,44.103604616666665,22.700397166666665,961.4035025,4.671432341
region5,1978,33.26553821666666,20.50763035,1.3642248393333334,42.6791706,23.844320616666668,966.0248025,8.132902494333335
region5,1979,33.68048761666667,21.512626633333337,1.53720608,43.372693383333335,23.98400116666667,956.2539478333333,11.542470553333333
region5,1980,35.907365166666665,16.835216058333334,1.0172091518333333,45.4551525,26.366940166666666,884.0235085,6.062396178166666
region5,1981,36.98899171666667,16.957773683333333,0.009766131500000016,46.90191778333334,27.0788002,856.2611178333333,8.507425721999999
region5,1982,33.924704866666666,18.90299668333333,1.3421161868333333,43.70572345,24.151694949999996,943.7840055,4.3958710603333335
region5,1983,38.640190116666666,22.04395405,1.6444769104999999,47.22261555,30.057060250000003,801.5562329999999,5.006217004
region5,1984,35.52493255,23.054649366666666,1.2309556263333334,44.648037566666666,26.39832495,902.9077238333333,7.8949545955
region5,1985,37.2397976,23.326028166666664,1.3212156288333334,46.91412863333333,27.55414611666667,843.6381528333333,6.498464729166667
region5,1986,36.451801933333336,21.93157576666667,1.5991327278333334,46.05819573333333,26.8388796,870.8671481666667,7.938947564333334
region5,1987,39.10634866666667,18.16401085,0.2566293456666666,48.51541075,29.700842533333333,793.3610636666667,10.02519793
region5,1988,36.56743685,17.174008201666666,-1.132121269,46.546616883333336,26.5831601,865.5627443333333,7.117521837166667
region5,1989,35.921262416666664,20.720908650000002,-1.3584872350000001,45.803629550000004,26.0390822,883.5709641666666,6.497479875500001
region5,1990,37.33365885,17.827050683333333,-0.9238614928333334,47.569404600000006,27.094766616666664,841.6450905,4.762664283666666
region5,1991,38.6351916,22.2418766,1.2679806348333333,48.57784843333334,28.686888366666665,806.5773828333334,8.380077532666666
region5,1992,37.870862966666664,20.241469849999998,-0.09754425449999997,46.94767506666667,28.78574625,827.2979228333334,6.699237327833333
region5,1993,35.802428866666666,22.39182823333333,2.192649125,44.79707208333334,26.801685333333335,885.8165375,4.3598956079999995
region5,1994,34.38310943333333,20.588524183333334,2.2570846078333333,43.883665083333334,24.88588396666667,927.5425725,2.8124687584999997
region5,1995,38.674282383333335,18.17912481666667,0.15149629133333328,48.144716233333334,29.19804065,800.6421811666665,6.66120882
region5,1996,33.667862883333335,19.947335233333334,0.7719835740000001,43.581899633333336,23.751359616666665,951.5104883333333,4.259473940833334
region5,1997,35.694746349999996,21.240000900000002,1.8329275158333334,45.06069313333333,26.335028649999998,891.7170118333333,5.3591358436666665
region5,1998,39.91665076666667,18.897805700000003,0.28442132416666666,48.50510596666667,31.32959268333333,766.4451088333334,6.3985499133333334
region5,1999,39.896794,19.06062905,-0.6763176783333332,49.79928841666666,29.993634233333335,774.1045635,13.895998086666667
region5,2000,39.79158783333333,15.288477421666665,-1.5727149348333336,50.51873715,29.060058916666666,769.4664918333333,6.5034536185
region5,2001,36.321165066666666,18.309072166666667,0.42941020999999996,45.89788055,26.744255066666668,874.6942531666667,7.355806751666667
region5,2002,40.22664198333333,23.397441233333335,1.1432848064999999,49.83769418333333,30.610611566666666,754.6210326666666,4.966571991333333
region5,2003,36.30087185,16.869178771666665,-0.5635569451666665,45.95624861666667,26.642077733333334,878.1520301666666,11.742390478333334
region5,2004,37.99341806666666,20.100309066666664,0.8417160315,47.55342293333334,28.43569976666667,821.4152323333333,5.263292790666666
region5,2005,38.976465233333336,21.102210833333334,1.4812978648333333,48.7154344,29.239604316666668,798.846578,10.706492346666666
region5,2006,40.30600865,20.313874883333334,-0.7629288778333333,49.84482701666667,30.767090166666666,759.5222676666667,14.11231899
region5,2007,37.80479176666667,22.527894983333336,0.4469879491666667,47.07163618333333,28.528906833333334,822.2821546666668,4.065042689
region5,2008,37.492531766666666,24.281712216666666,0.7693542856666666,47.13493731666667,27.85202345,843.4596251666667,13.419968175000001
region5,2009,36.26963235,21.138350816666666,0.6295513505,46.331216816666675,26.206656133333336,878.8165798333333,9.062002254833333
region5,2010,38.54503631666667,18.45804215,0.7896989560000001,47.81591988333333,29.269398383333336,808.1326803333333,8.703717231666667
region5,2011,36.534673700000006,23.49691645,1.5635961805,46.11828741666667,26.952651333333336,869.3437803333333,8.39457997
region5,2012,42.09862771666667,20.604297165,-0.1137084401666667,51.846431716666665,32.345119149999995,699.2556153333334,7.898108361166667
region5,2013,36.69341565,22.620370866666665,0.11477772783333334,46.02348138333334,27.364041333333333,860.0847371666667,5.026785658333334
region5,2014,33.26236755,21.41867415,1.0623716528333333,43.36109735,23.164273566666665,967.6334233333333,9.294512866333333
region5,2015,35.25479918333333,18.828244028333334,1.324613651,44.73593965,25.76984215,901.201518,5.732616183833334
region5,2016,41.6306699,22.933010566666667,1.4930923781666667,50.93151030000001,32.33016681666667,720.869161,15.262273788333333
region5,2017,41.67090288333333,22.738092733333332,1.9053351096666666,50.95820615,32.38520176666667,723.2759906666666,16.280088016666667
region5,2018,36.4358276,20.592679816666667,1.789224,46.131208433333335,26.74292405,874.1799930000001,10.954465315
region5,2019,36.32368691666667,27.16378656666667,3.163116355,45.13241578333333,27.510739966666666,879.2381983333333,13.14465098
region5,2020,38.70191065,25.142415666666665,3.958639743333334,47.64553325,29.766881299999998,808.4910584999999,14.908749558333334
region6,1949,50.37525404,23.632596398,0.44121147799999993,62.8905487,37.848157119999996,479.9297058,37.758280858
region6,1950,52.0722168,24.191066646,0.2437532482,65.18459702,38.9514385,427.529541,36.109489364
region6,1951,50.824534619999994,17.549576202,-0.814992488,64.03817136,37.6017788,467.00407720000004,38.664377286000004
region6,1952,51.32297822,22.701706988,-1.1636812796,63.925989519999995,38.71203612,455.7164186,42.072855638
region6,1953,51.138455199999996,21.19342596,-1.881126398,64.67072981999999,37.6004593,456.2652282,37.381914619999996
region6,1954,52.7215515,15.561739631999998,-2.645209692,66.39899138000001,39.03343926,429.1822022,55.768009836
region6,1955,52.41031494,18.454378116,-3.46944747,65.62067945999999,39.19382212,442.766571,62.918865654
region6,1956,51.2874283,16.200550290000002,-2.247749854,64.56623914,37.99565582,461.4374144,47.104305178
region6,1957,52.23248674,23.917310738,-2.4616167062,64.83128812,39.619535459999994,438.71056200000004,51.523294818
region6,1958,48.960184479999995,27.5581232,2.8311647879999997,60.18251876000001,37.73691904,512.804944,28.544137822000003
region6,1959,50.5980919,18.709159942,-0.5381338998,63.13444440000001,38.05347558,476.5374756,40.638305378
region6,1960,49.21695862,21.577314175999998,0.617134709,61.242737580000004,37.18045996,519.5752136,43.24321607
region6,1961,50.90159836,24.125480070000002,1.0220513404,63.26274032,38.54640504,474.2236084,47.105770217999996
region6,1962,49.72958986,23.290324202,1.172704985,61.92908022,37.528038779999996,499.3910826,35.3844085674
region6,1963,51.17687838,17.91431619,-0.9884925920000001,63.75399016,38.5834671,469.39536160000006,51.70845232200001
region6,1964,50.76819382,18.647074692,-2.923473452,64.06041717999999,37.47343138,487.7583189999999,58.404788034
region6,1965,50.654073340000004,20.300933268,-0.9244629054000001,63.05942076,38.248822419999996,476.0916198,42.089814906
region6,1966,51.119911200000004,22.910949326,-0.5610810774,63.37277374,38.85614926,461.5602966,42.6510513958
region6,1967,52.03689348,15.417994402,-1.9024521360000002,65.03994216000001,39.01763914,434.59831539999993,43.208949552
region6,1968,49.567881,24.264613054,0.3037912152000001,61.62722626,37.499337780000005,495.4490786,29.679197546
region6,1969,49.6301834,24.972065548,1.3411541882,61.742103580000006,37.50670472,497.1536132,32.09850816
region6,1970,49.76525496,21.812737828,0.0613925466,61.929354860000004,37.597077920000004,501.7390808,40.013190806
region6,1971,50.73672636,18.490675919999997,-0.973964277,63.585656740000005,37.87900696,472.73341659999994,41.669946913000004
region6,1972,52.71117554,20.563688841999998,-0.5458114514,65.29626160000001,40.11023104,421.8727844,50.8962011896
region6,1973,49.1409912,33.4821144,1.913349486,59.803000659999995,38.4769966,524.3719176,45.142951768
region6,1974,52.70029222000001,28.01929321,1.7262532493999998,65.1069626,40.29683302,422.567621,50.96281039
region6,1975,49.54911576,29.488204387999996,2.830428551,61.13425216,37.954273979999996,489.78560159999995,23.2371338254
region6,1976,51.9751854,18.11565627,-0.5735244866,65.13142318,38.81498682,430.41779800000006,34.7873445228
region6,1977,48.42171324,20.348253820000004,-0.6013643096,61.41401824,35.4322754,534.8095582,31.854340630000003
region6,1978,49.87575912,17.906820112,-1.4091410420000001,61.886294559999996,37.86621054,508.0530762,52.418203061999996
region6,1979,49.35880356,26.848654959999998,0.3741946124,61.05056838,37.665916419999995,518.6286256000001,45.976977328
region6,1980,50.10743866,21.570503228,1.1764576854,62.897955319999994,37.29765586,485.41241439999993,36.20444665
region6,1981,52.16318054,16.867204488,-2.385938406,65.17913668,39.13429182,443.9394714,55.360292058000006
region6,1982,50.60219194,20.120846488,-0.4422594536,62.76724776000001,38.429598240000004,471.02580560000007,36.686597342000006
region6,1983,50.15062028,27.204231648,1.1547894727999999,61.62734986,38.66309356,483.63933099999997,34.693841546
region6,1984,49.52997592,22.803139872,0.6857251542,61.84446412,37.2015999,511.94069840000003,42.526300822
region6,1985,50.97129594,30.6172598,1.692057944,62.2643776,39.68094368,465.26762099999996,42.589057318
region6,1986,52.496796419999995,22.874324992,0.9030667668,64.87737578,40.117151639999996,425.84142460000004,47.156070767
region6,1987,50.722221360000006,26.63773956,2.1814516654,62.075441,39.36178742,476.5468078,44.01359058
region6,1988,49.96558532,25.163619722,1.4334109054000002,62.748821279999994,37.16532288,488.474939,33.536276618
region6,1989,51.44238738,24.250456898,0.03422413440000001,64.02554855999999,38.861261739999996,448.5194152,40.280971718
region6,1990,51.39719083999999,24.965590694000003,0.591391576,64.10403670000001,38.6870926,447.29928,34.969791042000004
region6,1991,51.98590621999999,28.280959106,0.7271394782,64.47502594,39.48693238,445.88869020000004,50.79307723
region6,1992,51.890444179999996,27.045642465999997,2.4466846002000002,63.610781859999996,40.157318499999995,435.20452879999993,38.39401102000001
region6,1993,49.96872102,25.569443494,2.791790032,61.57157364,38.3516369,488.65950919999995,34.510463374
region6,1994,50.32748032,24.244508558,1.216197784,63.00690536,37.637305839999996,479.1583068,35.89219627
region6,1995,52.30713118,26.975255179999998,1.1402133584,64.0575104,40.539268119999996,422.36323819999996,38.213882548
region6,1996,50.87846298,16.209592712,-1.2887010808,64.31204224000001,37.44931604,462.93423459999997,34.91911732
region6,1997,50.82662734,30.285391047999997,1.9633705374000001,62.562178040000006,39.08390884000001,460.11887179999997,31.988299135
region6,1998,51.062383260000004,26.703768358,2.0993814829999997,62.550073999999995,39.56525994,464.68093280000005,42.835792246
region6,1999,54.17054442,29.040796678000003,0.4756100348,66.09932556,42.22762642,394.649896,65.816508712
region6,2000,53.61406248000001,18.24107895,-1.5578648714,67.11636658,40.10165214,387.40408019999995,42.09218585
region6,2001,50.33284912,26.552138134,0.4561713894,61.890358739999996,38.776168059999996,497.75676860000004,52.850236912
region6,2002,52.11339038,25.77573905,-0.06787541040000007,64.83513792,39.38193586,428.4369994,39.18488483
region6,2003,50.98370514,22.489877318,-0.4556365668,62.679467779999996,39.276842120000005,468.3831116,44.95868586
region6,2004,52.34403916,23.372407148,-0.7786556206,64.3374367,40.343853,421.73610840000003,40.857169238000004
region6,2005,52.88726197999999,25.99209996,1.5159939474,64.24340136,41.522591039999995,416.74684740000004,50.193378896
region6,2006,53.94705810000001,17.464906308,-2.356217338,67.33984604,40.5468258,399.1437012,65.692807238
region6,2007,51.36632615999999,25.504858398,0.11043257580000002,63.579499039999995,39.15060046,447.8567018,36.550372737800004
region6,2008,52.25484694000001,23.386513608,0.06254862480000004,64.94528428,39.54978792,435.9171722,50.517454518
region6,2009,51.86488496,22.161098652,0.34897549699999997,64.73939894,38.971890259999995,432.88457020000004,34.712232924
region6,2010,49.48450622,28.656475081999996,0.9970015036,60.83221664,38.13265648,503.802002,35.183951588
region6,2011,52.41459046,17.288219758,-1.94687483,65.56487580000001,39.257015620000004,437.5133482,57.45158232599999
region6,2012,53.88071444,25.896703422,-2.3961148039999998,66.37759856,41.363835519999995,390.1881348,54.287934142
region6,2013,51.58751908000001,20.644503596,-2.4129114178,64.4587532,38.72448118,445.95950899999997,40.47644639
region6,2014,50.15021056,21.241226188000002,-0.9095608471999999,62.69964066,37.58529892,497.3756164,48.350779174
region6,2015,51.6185112,23.803476138,0.027724182800000007,63.1969635,40.0362045,452.5881654,49.356484024000004
region6,2016,54.36161346,31.940982253999998,2.2176926722,66.68739545999999,42.01976014,383.415445,61.56585412
region6,2017,55.78183822,21.396656606,-0.22674437139999998,68.06892778,43.49598658,349.647293,69.874419542
region6,2018,52.46619262,20.639447584000003,-0.462873455,65.41038664,39.51622084,423.90659780000004,44.551782324
region6,2019,51.414758299999995,33.5448532,1.6859815120000001,62.48403856,40.34139176,458.09240719999997,47.157766529999996
region6,2020,53.10742034,27.349171925999997,1.6552716020000002,65.14435652,41.053516,422.41976000000005,63.620851124
region7,1949,40.639002825000006,16.570024275,0.8102330845,52.21933935,29.052170725000003,757.3394625,21.007418625
region7,1950,41.08803465,15.2303624025,0.6841989835000001,53.735782625,28.438818450000003,731.7191465,8.6283465525
region7,1951,40.16166495,13.81005787,1.0019554,52.227401725,28.088150974999998,765.47013825,14.3115198775
region7,1952,40.21973895,17.14897965,3.8730926825000003,51.3745823,29.063687799999997,759.3937685,8.553738065000001
region7,1953,41.977503775,12.2967683075,-1.377580649,54.357034675,29.586824399999998,713.0313570000001,16.5168630975
region7,1954,44.47586725,11.14841126,-3.3645124725,57.398942,31.547873975,648.9418335,25.348376025
region7,1955,43.096317275,13.14779698,-2.78644833,55.061754225,31.127292625,689.88172925,28.76812315
region7,1956,40.2672987,10.212381835,-3.8938186150000003,52.69576455,27.829754825000002,768.850998,21.377565375
region7,1957,42.578689575,13.31170894,-4.06044412,54.570616725,30.58839035,701.60522475,22.93553875
region7,1958,40.02701095,16.93525505,1.5073989752499999,50.4467249,29.60071755,762.4110412499999,9.364026525
region7,1959,41.25624275,13.23697926,0.68985738575,53.394358624999995,29.11576035,735.21875025,17.71555615
region7,1960,38.877920175,17.691514025,1.5891225975,49.58768365,28.171420575,803.5384825,14.755555535
region7,1961,42.23799515,14.5555321075,0.23745796749999998,54.225332225,30.2439699,709.45608525,20.57653475
region7,1962,39.221907625,18.0801649275,1.899676981,50.527285575,27.917123325,791.67601025,11.09126782
region7,1963,41.56790735,12.4448893025,-0.2744704905,53.36241055,29.77313615,722.1457825,13.7519418
region7,1964,42.961065274999996,13.608980425,-2.1611783187499998,55.33420085,30.5877366,695.14053375,28.979050649999998
region7,1965,40.275365825,14.429196582500001,-0.80702035075,52.30105495,28.246600175,762.907593,15.1482172025
region7,1966,41.586095825,17.390809775,1.4406619875,53.193703625,29.970738425,717.4993895,11.007044515
region7,1967,42.421394375000006,11.3099689575,-1.5784754445,54.922657,29.918036,694.3296507499999,12.491442430000001
region7,1968,41.476641674999996,14.7250599675,-0.17970687425000004,53.500642775,29.455358025,720.847519,10.7200914725
region7,1969,39.724864025,18.26155924,1.0732904825,50.457335475,28.992651475,778.593689,13.220775230000001
region7,1970,40.2250824,15.034326069999999,0.5521829055,51.61619665,28.832373625,767.18988025,16.176899905
region7,1971,40.56495855,17.113818425,0.833279578,51.85822105,29.2649069,754.15397625,15.698012945
region7,1972,42.7118845,15.435480604999999,-0.2703764535,54.523612975,30.8976598,693.29598975,20.537094475
region7,1973,40.685766224999995,24.7767544,2.569738895,50.3814802,30.986241800000002,752.0421755,16.486840465
region7,1974,42.7074461,22.090324175,3.4559147375,53.512487425,31.898578625,690.92417925,16.297744295
region7,1975,40.176737775,16.350480310000002,0.64882072725,51.1493082,29.1992259,756.0111234999999,6.7719898800000005
region7,1976,43.7796612,15.363484865,-0.53587791325,55.861499775,31.690497875,654.7325745,11.399598965000001
region7,1977,40.38825225,12.5922351,-2.1706219,53.1764307,27.59739635,762.44723475,16.210155265
region7,1978,38.656038275,17.15327215,1.21851718475,49.4449215,27.863849175,813.42903125,18.8911881575
region7,1979,38.30454065,18.132743112500002,1.1611330784999998,49.607099525,27.000343325000003,829.95698525,24.076317799999998
region7,1980,41.2887039,14.012570625,1.0236313495,52.835632325,29.738970275,732.976242,17.7281816
region7,1981,44.450738900000005,11.319277395,-2.290473611,57.329092024999994,31.57212735,645.64794925,24.120519875
region7,1982,40.072457325,15.0158510175,0.93283252375,51.5483427,28.586205,768.2796022499999,14.6740082425
region7,1983,42.06654265,19.710824,2.8568066325,52.145577425,31.9694438,706.50852975,13.12139464
region7,1984,39.825715075,21.9407933,1.84453369625,50.0840273,29.56254245,784.4564515,19.538232825
region7,1985,41.68720055,20.55535005,1.8973887825,53.08017445,30.2867098,717.475052,14.1738665
region7,1986,41.689105049999995,18.105499975,1.7602711625,52.878493325,30.4936061,719.564972,15.5370124825
region7,1987,43.907609925,19.755359175000002,2.0923655332499997,54.885028825,32.933973800000004,659.8223875,20.8935518325
region7,1988,41.3536644,14.3388407275,0.41332555925,53.3084259,29.391072774999998,727.7927855,13.35389531
region7,1989,42.193980225,13.3581180575,-2.2250046660000002,54.54482745,29.83709335,702.74031075,16.478265765
region7,1990,42.460713375,15.257252935,-1.351635613,54.652277,30.264410975,692.4961705,10.62043141
region7,1991,43.657382975000004,15.83570479,-0.50573737125,55.8191414,31.484623925,672.3244782500001,24.45526885
region7,1992,44.026154500000004,17.278939725,0.26375763100000005,55.2002449,32.84453775,651.05188,16.4121481275
region7,1993,39.3292656,20.022367,2.9876025,49.284037624999996,29.376650350000002,787.2025605,12.32949842
region7,1994,40.296520225,17.59240007,4.972568275,51.745620725,28.84456775,752.8783415,7.647514855
region7,1995,43.2010536,17.316835175,1.8763104675,54.245859124999996,32.1512866,675.193802,15.87670065
region7,1996,40.240504275,11.66875875,0.03436400825000002,52.489157675,27.983948725,760.1522825,10.725476745
region7,1997,40.3165197,17.592487575,1.994568615,51.298941625,29.33273315,756.67085275,10.2918278
region7,1998,43.067840575,18.653899225,1.30206510325,52.825922975,33.308694375,682.624237,17.7897079
region7,1999,45.24402715,19.935336575,1.7981999825,56.346144675,34.1367321,630.035446,30.761380175
region7,2000,45.368974675,11.8743667525,-1.26225566825,58.192123425,32.54349135,607.535347,12.99352584
region7,2001,40.49435425,15.78214005,-0.07075560499999997,51.4193945,29.558905125000003,763.432663,22.797939024999998
region7,2002,44.396720875,15.638174787499999,-0.21527238075,56.5858898,32.204740075,638.05874625,14.456631885
region7,2003,42.140559225000004,13.732125550000001,-1.61892186025,53.656716375,30.620209225,710.42874125,20.15224745
region7,2004,43.0946455,16.4827580575,-0.72030926275,54.588546725,31.5910492,673.4211425,12.72474455
region7,2005,44.5639572,16.942284824999998,0.82154779825,55.601576775,33.5142436,641.1998445,22.059118725
region7,2006,45.328239425,13.853141775,-1.10081590675,57.364299775,33.289106849999996,622.91618325,28.94654275
region7,2007,42.191309925,19.474926699999997,0.72126101825,53.25867365,31.1184459,697.4884950000001,10.595526812500001
region7,2008,41.575811375,19.697769649999998,1.81840372725,52.9626732,30.1818881,728.84060675,21.46739745
region7,2009,41.8878603,19.1982913,3.4995677475,53.605009075,30.1692009,714.03160075,13.8706805825
region7,2010,40.8604975,19.782669075,4.0731002075,50.987363825,30.730388650000002,743.955185,14.1253680125
region7,2011,41.7970009,16.557295545000002,2.5214117475,53.391850475,30.204267975,720.818512,19.7377476825
region7,2012,46.2157469,16.2401423525,-0.3286268045,58.352174775,34.06120775,584.6782987500001,18.057568525
region7,2013,41.718043325,16.0261077575,-2.76200523825,53.6279993,29.802130724999998,717.66065975,13.7798451125
region7,2014,40.078699125,14.0712869225,-0.8778296475,52.1133928,28.04338455,775.961029,23.766895775
region7,2015,42.161099425,15.285432329999999,1.2067179075,53.8073988,30.50790405,704.2375795,16.4275457825
region7,2016,46.40117455,20.770132525,2.532604665,57.49926565,35.29789545,592.87304675,30.382168274999998
region7,2017,46.318155274999995,18.2922921,1.48329426125,57.7810726,34.854185075000004,594.97400675,28.2104838
region7,2018,41.683862675,13.704624175,0.19693480624999996,53.4059496,29.965017324999998,725.3210449999999,21.549842575
region7,2019,40.8402252,21.946427825,3.106424955,51.15074445,30.523138075000002,750.2495575,21.543093
region7,2020,43.549147625,18.09353089,4.1837927075,54.638688099999996,32.4560485,678.91587825,30.96341705
region8,1949,30.922435133333334,9.529245303333333,0.5397702405,43.17397753333333,18.672455783333334,1036.4985151666667,6.686874025000001
region8,1950,31.49594245,10.533833273333334,0.02643105899999998,43.54849943333334,19.445242883333332,1017.8530686666667,2.6827073101666663
region8,1951,32.33348336666666,9.645117368333333,-0.1570381921666667,44.21251235,20.4618546,990.8183403333333,2.5861788105000003
region8,1952,30.494475366666666,10.804102591666668,1.5226434661666666,41.78587151666667,19.193847966666667,1046.7031128333333,1.8255455056666667
region8,1953,34.53046386666667,8.276468916666667,-1.4754699363333332,46.76382256666667,22.302998549999998,926.1979166666666,5.6758850066666655
region8,1954,35.68107415,8.284744906666667,-1.1786528318333334,48.03772418333333,23.323424983333336,894.4314476666667,4.683483365
region8,1955,32.91132736666667,8.481062408333333,-1.86644802,44.98948035,20.836805666666667,972.5293683333333,3.58520798
region8,1956,31.415386183333336,9.79398735,-1.2640047661666667,43.50679398333333,19.325870833333333,1016.8395588333333,3.2380389165000003
region8,1957,32.844649,9.387617341666667,-1.188643258,44.85922878333333,20.827498433333332,976.5313638333333,3.561484216666667
region8,1958,33.79274241666667,10.454938178333334,1.8831752316666668,44.734668733333336,22.850359283333333,945.2986665,2.021407058
region8,1959,33.6399835,8.343273721666668,-0.9942526123333334,45.88893701666667,21.392205233333332,950.7065933333333,4.041714408333333
region8,1960,31.70975305,10.285065016666666,-0.3728557181666667,42.951818483333334,20.472101233333333,1007.2001139999999,1.9876025025
region8,1961,34.70216275,8.164168583333334,-2.2892868916666664,46.68347358333333,22.727152516666667,921.3663931666666,4.383171076666667
region8,1962,30.851170866666667,11.455173413333334,0.3418541376666666,42.30450565,19.3962393,1034.386597,0.9969538271666667
region8,1963,34.72683398333333,9.228930316666666,-0.13577024166666665,47.05678111666666,22.390110016666668,919.3820185,2.7416497675000002
region8,1964,34.14317131666667,9.355801991666667,-1.4808242438333332,46.23219363333334,22.058342616666664,940.0380355000001,7.003828636666667
region8,1965,31.144829133333335,10.115722655,0.24047155200000003,42.90939015,19.38466265,1026.1021216666666,2.0111004953333333
region8,1966,32.257856999999994,9.597163998333334,1.5028497561666665,44.00385218333333,20.51411535,988.6190603333334,0.4815631461666667
region8,1967,33.7545484,10.330462606666666,-0.007046659166666691,45.4558913,22.052931466666667,948.0969745000001,3.7742323066666663
region8,1968,33.56319715,10.192253895,0.5401118619999999,45.47071331666667,21.651584,955.0446271666666,4.0586416895
region8,1969,31.575131116666665,10.152308795,1.4748451223333332,42.97959263333333,20.170033466666666,1013.8878286666667,2.2117780835
region8,1970,32.46277523333333,10.239384735,0.938172713,43.6131007,21.30771986666667,990.7913111666667,4.894378381666667
region8,1971,31.897618616666666,11.637585886666665,1.3534468401666668,43.16588336666667,20.625975933333333,1003.5322364999998,2.0210900265
region8,1972,32.117998766666666,11.59778929,1.559058546,43.49511211666666,20.74169285,996.2003288333334,1.6914498253333334
region8,1973,31.43632855,11.121497718333332,1.788450358333333,42.2017212,20.684556016666665,1017.4809983333334,1.9263267070000003
region8,1974,33.12657768333333,11.694694671666667,1.0231092605,44.434161499999995,21.819699916666668,965.3434661666666,1.619498303
region8,1975,31.969010049999998,10.705489951666666,-0.639776554,43.48781965,20.452304833333333,999.4482641666667,2.0146739929999997
region8,1976,33.988583266666666,10.148980618333333,0.9878497031666668,46.03445878333333,21.9437227,941.2268978333333,2.1024329743333334
region8,1977,33.71486951666667,6.711731988333334,-1.9959274916666667,46.571001700000004,20.858222,952.3808391666666,4.060026885
region8,1978,32.59594346666667,12.386644685,0.5157241229999999,43.48551495,21.697506266666664,982.120321,3.331453691666667
region8,1979,29.386074383333334,11.051146111666666,1.5499675368333332,40.98250388333333,17.78600695,1081.4624635,4.84861938
region8,1980,34.21488251666667,9.109532683333333,-0.5170196581666667,46.4276937,22.003888149999998,937.229593,6.2659951466666675
region8,1981,37.04223188333333,8.38715784,-1.2419843438333333,49.349063883333336,24.7263476,848.5961305,3.4552617466666664
region8,1982,32.735572166666664,11.138912048333333,0.22106066249999998,44.324881233333336,21.151417566666666,979.8956181666667,4.175774575
region8,1983,34.19547111666667,12.567885383333333,3.1599377183333335,44.63724645,23.755880666666666,934.3713378333333,2.2660834803333336
region8,1984,32.2690347,11.88257949,2.9301136331666666,43.0612596,21.476238883333334,995.3091428333333,3.5843916916666667
region8,1985,31.752872466666663,9.897298151666666,1.6509833283333333,43.4544894,20.063191416666665,1006.8317356666666,1.883179774
region8,1986,32.96707726666667,13.617234843333334,1.8735948016666668,43.8349304,22.10123443333333,968.6330661666667,1.2549959648333333
region8,1987,35.12931125,10.553953971666667,1.9822157066666666,46.37351353333333,23.884042100000002,905.8939921666666,1.6809624253333333
region8,1988,34.27753353333333,7.6587241100000005,-1.1347493275,46.73403993333333,21.819931333333333,932.4696458333333,3.411722185
region8,1989,33.15543396666667,9.700097001666666,-2.8277295028333334,45.05443573333333,21.249903666666665,962.7742111666666,2.8243371646666664
region8,1990,35.075065599999995,9.424853236666667,-1.8789079404999998,47.09672101666666,23.055440583333333,907.5564173333332,3.0634495833333335
region8,1991,34.44717058333333,9.5955321,-1.4957629261666667,46.62915421666667,22.26095135,934.1248885,7.093418905
region8,1992,36.06025631666667,9.289048688333333,-0.3356046871666667,47.833230333333326,24.284780483333332,879.4479575,3.599915166666667
region8,1993,32.03804206666667,10.499929425,0.23175720449999995,43.28885968333333,20.789119383333333,998.6377666666667,3.1572693506666667
region8,1994,32.7708181,8.931792506666667,2.605771846666667,44.51383843333334,21.026376883333334,974.0822445,1.6027601361666666
region8,1995,34.679656349999995,12.9812274,1.965414965,45.703773500000004,23.660124166666666,922.6354160000001,4.971123098333334
region8,1996,33.033286116666666,10.839398621666666,2.982281227666667,44.739683783333334,21.317320183333333,970.777751,3.1162485689999997
region8,1997,31.669379233333334,13.901017666666666,2.8512262896666667,42.83346493333334,20.506473233333335,1010.2892663333332,2.0722303006666665
region8,1998,35.212050749999996,10.819757456666666,2.8710618816666664,46.28068605000001,24.146655716666668,907.0560505,5.005714975
region8,1999,36.38365555,12.438339393333331,2.537884605,47.674778616666664,25.0878051,874.3373823333333,7.901038163333333
region8,2000,37.438908266666665,9.022525153333333,0.25305692266666663,49.94048436666666,24.93579515,836.0533855,2.0844170248333334
region8,2001,32.76955793333334,9.99299034,-0.618905405,44.15317345,21.38417625,976.833924,3.7707339333333336
region8,2002,34.94974295,7.642044788333333,-2.6907284866666665,47.15783819999999,22.738566733333332,915.6351826666665,5.695527006666667
region8,2003,34.60314528333333,9.791745256666667,-2.7460777566666668,46.037509916666664,23.164242116666667,922.151489,3.9711206383333333
region8,2004,35.194492016666665,9.168141665,-2.6027086665,47.08795548333333,23.306100200000003,903.3275454999999,3.4358454320000003
region8,2005,36.009884516666666,11.410676956666668,0.20011167216666667,47.620365783333334,24.396504733333334,880.8650818333334,3.760182718333334
region8,2006,36.46013896666667,10.639781775000001,0.06620330133333337,48.155364350000006,24.767686833333332,867.7452291666667,5.588821961666667
region8,2007,34.45592118333334,10.782652533333334,-0.7262198428333333,46.14805413333334,22.765598616666665,924.3742168333333,1.8400039961666668
region8,2008,33.35575803333334,9.853544314999999,-0.9168768420000001,45.50893211666667,21.2021084,961.0992523333333,4.082081536666666
region8,2009,33.79157955,12.129008605000001,1.0562156451666667,45.4788081,22.10641065,947.5813701666666,3.039409239833333
region8,2010,33.65522383333333,10.38126452,1.5849152613333333,44.96724955,22.340840333333333,954.6651813333333,6.545248271666666
region8,2011,33.141956666666665,12.831019871666667,2.9650806483333336,44.43749046666667,21.847285916666664,965.5960601666666,3.7719655616666663
region8,2012,37.468883516666665,9.0750347,-0.2799544388333333,49.83194286666667,25.104865383333333,836.2356058333334,4.833960011666666
region8,2013,33.597565016666664,8.486943948333334,-2.9697103190000003,45.426017116666664,21.76797421666667,954.8794365,5.000120675
region8,2014,33.025254866666664,12.826000693333333,1.686096525,44.54149881666667,21.50778165,972.5686123333334,6.168062606666666
region8,2015,36.614757516666664,8.708390719999999,0.6536166566666667,48.6014468,24.6330789,861.4059655,4.22421801
region8,2016,37.590628933333335,10.80591838,-0.196673949,49.07427406666667,26.107439033333332,837.8858233333334,8.190396981666666
region8,2017,36.22872225,13.569320365000001,0.7498967856666668,47.44126825,25.01614125,875.4367570000001,4.027862866666667
region8,2018,34.16310561666666,10.364604071666667,-0.6814813223333333,46.00895561666667,22.3194542,933.9956659999999,3.4925219416666664
region8,2019,32.36904271666666,11.774155299999999,0.6416804868333333,43.3751653,21.372775066666666,988.6993101666667,4.711343650666667
region8,2020,34.120451616666664,10.818152016666666,2.850760997,45.43790943333334,22.814668333333334,938.6487735000001,4.902153431666667
region9,1949,45.82609433333334,10.37120645,-0.5411777793333333,58.7027817,32.948313399999996,611.3658753333333,31.5421845
region9,1950,49.2662646,9.556868713333332,-1.3804269233333333,63.00836820000001,35.51549656666666,512.2558186666666,34.659389833333336
region9,1951,50.245402033333335,12.017813036666666,-1.3522834789999998,63.2357661,37.24914676666666,475.89709466666665,30.193702066666663
region9,1952,47.03934606666667,17.4757767,1.4442893266666665,59.15146763333333,34.918616633333336,574.6193743333333,30.604831066666666
region9,1953,49.60116323333333,10.503453896666667,-0.3974323876666666,63.03923286666667,36.159387599999995,502.34570333333335,37.695529300000004
region9,1954,50.203714999999995,10.512402686666666,-1.8097126296666666,63.70221326666666,36.70043306666667,485.7909343333333,36.409718166666664
region9,1955,47.20632043333333,8.504180096666667,-2.088915666666667,60.65125653333333,33.750021600000004,568.0001626666666,30.433285366666667
region9,1956,49.13631693333334,12.983744053333332,-0.5350437016666666,62.242532100000005,36.03219223333333,509.43413333333336,32.00264803333334
region9,1957,48.98411433333333,9.50712251,-1.6830767806666664,62.17685446666667,35.78106116666667,520.2604876666667,34.22837956666667
region9,1958,48.2222888,17.465014153333335,1.2952948623333331,60.15249886666667,36.27486673333333,534.428955,25.713466033333333
region9,1959,50.941075633333334,8.529762126666666,-1.1705413653333332,64.6233673,37.24405796666667,460.9075826666667,36.9872853
region9,1960,48.69204076666667,10.763580796666666,-1.841035228,61.783159866666665,35.59851583333333,520.8572693333334,28.441048633333335
region9,1961,49.569309233333335,9.280538563333332,-2.28054277,62.70023346666667,36.41981126666666,501.2302446666667,33.7369995
region9,1962,47.487581866666666,12.230816529999998,-0.5955248433333334,59.899945566666666,35.0750828,555.1518046666666,24.951927216666665
region9,1963,49.6023547,12.529589176666668,-1.1584980986666666,62.68481953333333,36.51429556666667,499.5746766666667,31.8651282
region9,1964,48.11963016666667,9.524531673333334,-0.141307849,60.9434535,35.2887694,545.1583556666666,35.2592888
region9,1965,48.7217496,13.991833040000001,0.07916553733333333,61.06761296666667,36.36507543333334,519.5578816666667,27.825907400000002
region9,1966,48.4815089,11.765672039999998,0.7170995943333334,61.455618533333336,35.493014,524.488963,26.024383543333332
region9,1967,48.6532987,14.231169696666667,-0.27964208500000004,61.21249386666667,36.08549753333333,522.0328773333333,27.359320333333333
region9,1968,49.67967986666667,11.224676126666667,-0.027322332000000005,62.33014550000001,37.018409733333336,498.5926513333333,33.2536799
region9,1969,47.999626166666665,16.18286465333333,0.5479444443333333,60.251569100000005,35.7493337,541.8706153333334,28.007028266666666
region9,1970,48.87064996666667,12.16829903,-0.21794466166666668,61.43252053333333,36.28840256666667,518.2316793333333,29.25003943333333
region9,1971,48.043969466666674,11.311179150000001,-0.37929229833333333,60.9639727,35.11209423333333,534.8244833333333,21.577740363333334
region9,1972,48.197886133333334,8.760255963333334,-0.50270188,61.2612203,35.12160553333333,536.30659,27.182519276666667
region9,1973,46.2914543,17.1410691,1.7849360733333335,57.28838856666666,35.28827666666667,588.885315,21.822669976666663
region9,1974,48.64084623333334,12.95278121,-0.49706161100000007,61.3241437,35.9519132,520.5858966666666,26.253620766666668
region9,1975,47.47480266666667,12.942560843333332,-0.5784629676666667,59.653403000000004,35.286914833333334,560.0627949999999,30.04086716666667
region9,1976,48.77333576666666,8.94430748,-0.655335007,61.9331029,35.60846456666666,519.927958,28.6672449
region9,1977,48.96804046666667,6.842867373333333,-1.7195636033333332,62.71471913333334,35.20495603333334,511.3534646666667,24.996559466666668
region9,1978,50.77178956666666,19.7074995,0.31189727766666664,62.39913816666667,39.134526566666665,461.21668466666665,31.781019866666668
region9,1979,47.53637056666667,14.981101023333332,2.40824032,59.524426766666664,35.5428257,558.430796,30.199659999999998
region9,1980,50.2992884,15.991800293333332,1.4791158033333334,62.781630199999995,37.817728699999996,484.54659033333337,39.1701406
region9,1981,51.06691106666667,9.438258,-1.4241760576666664,64.29803593333334,37.826288866666665,454.4668173333334,32.90781786666667
region9,1982,49.197475466666674,16.482775053333334,0.18468852833333335,61.22546513333333,37.1607253,509.25281766666666,30.643431033333332
region9,1983,47.884100600000004,22.439103766666666,3.695319336666667,58.73619206666667,37.02018546666667,541.1148376666666,23.158867206666667
region9,1984,49.5515124,14.1540524,3.822268246666667,61.4679095,37.6399002,502.4994913333333,35.7977775
region9,1985,47.902990966666664,12.381094453333333,1.6258139600000001,59.929730733333336,35.8747686,551.268158,33.519819899999995
region9,1986,49.84834033333333,16.262851723333334,1.0827223853333334,61.9468587,37.7412408,480.55099500000006,22.374768903333333
region9,1987,48.735216799999996,9.77453105,-0.7423637303333334,61.39795936666667,36.06400553333334,514.0537616666667,21.632476190000002
region9,1988,49.76562753333334,11.55974739,-0.9712855206666667,62.521823866666665,37.00541943333334,496.40095,34.88521576666667
region9,1989,50.11742023333333,9.64644399,-1.28983716,63.1952642,37.037228266666666,490.0918173333334,40.96607016666667
region9,1990,49.86233393333333,8.33416049,-2.6096878033333333,63.21256763333333,36.51043573333333,490.064789,33.0257597
region9,1991,48.839413966666676,11.07368741,-1.4649813183333331,61.88069786666666,35.785249066666665,525.0674843333333,33.75857163333333
region9,1992,51.10272596666667,12.672725986666668,-0.4086530803333333,63.43183263333333,38.754801433333334,460.9882303333334,39.75650726666667
region9,1993,48.96321486666667,18.503007586666666,1.9535831909999999,60.90432736666667,37.0242761,521.7806396666666,37.33205733333333
region9,1994,49.68328476666667,8.994330076666666,-1.014287213,62.788431800000005,36.56972756666667,494.011963,31.75025623333333
region9,1995,49.159077966666665,19.6670828,1.0626637923333335,60.8802935,37.432132700000004,512.0651956666667,31.34986943333333
region9,1996,52.10946273333334,11.765157226666666,0.43525858666666656,65.39116673333332,38.824527100000005,432.88819366666667,42.51193236666666
region9,1997,50.10772323333333,13.958270403333332,-0.3613204556666667,62.591969799999994,37.6193644,478.753896,28.756894766666665
region9,1998,48.96204756666666,19.426756533333332,1.3330291516666666,60.690855666666664,37.225646966666666,518.0221863333333,33.3677085
region9,1999,49.07378766666667,11.801277970000001,0.9709073496666667,61.702676133333334,36.43338203333334,511.42262800000003,29.419556933333336
region9,2000,51.850384999999996,10.415135226666667,-1.72514184,65.3747762,38.32653426666666,439.284149,41.1487789
region9,2001,48.70298386666667,11.518095663333334,-0.815459898,61.184628800000006,36.21570903333333,523.819356,31.8289865
region9,2002,50.5499255,8.687586690000002,-2.65474423,63.749396,37.348152166666665,482.02654,44.14129893333333
region9,2003,50.3813375,12.933478046666666,-3.1007911333333333,62.95154063333333,37.811136266666665,474.28544133333327,32.90145653333333
region9,2004,51.1193657,10.922744763333334,-2.27547836,63.751088466666666,38.49225233333333,467.54474899999997,49.554353066666664
region9,2005,49.26601413333333,18.310808533333333,1.9609239900000002,60.8709221,37.6443119,504.03046666666665,28.081254633333334
region9,2006,49.947266899999995,14.136448709999998,0.6223357500000001,62.815144866666664,37.075077666666665,487.095571,31.187079766666667
region9,2007,49.96138893333333,7.98813106,-2.5342792633333335,63.28614423333334,36.632745766666666,485.4646506666666,30.192728666666667
region9,2008,49.13720573333333,10.642363556666666,-3.002720116666667,62.004501366666666,36.258259466666665,513.948334,33.65981326666667
region9,2009,50.67521286666666,9.43192705,-2.598089696666667,63.84367496666667,37.492507266666664,471.47944133333334,38.239999766666664
region9,2010,49.19204586666667,13.185825333333334,-0.6952987863333333,61.66911313333333,36.704544066666664,515.0132346666667,36.1576767
region9,2011,49.85211183333333,14.686422810000002,0.6895809566666666,62.389591233333334,37.30934396666667,495.0026143333334,38.12781973333333
region9,2012,50.50385666666667,9.12056415,-1.6970481083333333,63.853565233333335,37.14116286666667,479.7513933333333,41.4051043
region9,2013,50.658925366666665,8.933053016666667,-2.9142704800000003,63.83038076666666,37.475667333333334,477.1997476666667,43.82093363333333
region9,2014,51.25968676666667,8.16243649,-3.43367823,64.4965108,38.01007586666667,449.42913799999997,33.04432106666667
region9,2015,53.47357433333334,10.253153486666667,-3.1719010300000003,66.3661677,40.57020313333333,395.508209,46.30562656666667
region9,2016,51.38434853333334,13.321080683333335,-1.3032265193333334,63.843162533333334,38.92601266666667,458.919373,46.17441623333334
region9,2017,51.1340243,18.778134653333336,0.28838797433333335,63.24783323333333,39.0145887,458.6488546666667,38.92570716666666
region9,2018,52.0842069,8.479688083333334,-2.3103011866666665,65.34731546666667,38.81703566666666,432.4898933333334,42.54393893333333
region9,2019,49.90511573333333,15.810549433333334,0.106933453,61.969095900000006,37.83691976666666,494.52963266666666,39.23221206666667
region9,2020,50.26674903333333,11.476826983333332,0.18115289066666662,62.94272106666667,37.5716896,478.68449899999996,32.40760676666667
