R01,R02,amplitude1,amplitude2,tpeak1,tpeak2,rho1,rho2,psi,chi,mu
1.0234375,2.9921875,0.654296875,0.283203125,0.834438901,0.974678891,0.009667969,0.003574219,0.486328125,0.166015625,0.007443965
3.0234375,4.9921875,0.154296875,0.783203125,0.335807826,0.476047816,0.004667969,0.008574219,0.986328125,0.666015625,0.002448965
4.0234375,1.9921875,0.404296875,0.033203125,0.086492289,0.725363353,0.002167969,0.001074219,0.236328125,0.916015625,0.009941465
2.0234375,3.9921875,0.904296875,0.533203125,0.585123364,0.226732279,0.007167969,0.006074219,0.736328125,0.416015625,0.004946465
2.5234375,1.4921875,0.029296875,0.408203125,0.211150058,0.10207451,0.008417969,0.009824219,0.361328125,0.791015625,0.008692715
4.5234375,3.4921875,0.529296875,0.908203125,0.709781132,0.600705585,0.003417969,0.004824219,0.861328125,0.291015625,0.003697715
3.5234375,2.4921875,0.779296875,0.158203125,0.95909667,0.351390047,0.000917969,0.007324219,0.111328125,0.041015625,0.006195215
1.5234375,4.4921875,0.279296875,0.658203125,0.460465595,0.850021122,0.005917969,0.002324219,0.611328125,0.541015625,0.001200215
1.7734375,1.7421875,0.966796875,0.970703125,0.273478942,0.787692238,0.009042969,0.006699219,0.298828125,0.228515625,0.00057584
3.7734375,3.7421875,0.466796875,0.470703125,0.772110017,0.289061163,0.004042969,0.001699219,0.798828125,0.728515625,0.00557084
4.7734375,2.7421875,0.216796875,0.720703125,0.522794479,0.5383767,0.001542969,0.009199219,0.048828125,0.978515625,0.00307334
2.7734375,4.7421875,0.716796875,0.220703125,0.024163405,0.039745626,0.006542969,0.004199219,0.548828125,0.478515625,0.00806834
2.2734375,2.2421875,0.341796875,0.845703125,0.647452248,0.164403395,0.007792969,0.000449219,0.423828125,0.853515625,0.00432209
4.2734375,4.2421875,0.841796875,0.345703125,0.148821173,0.663034469,0.002792969,0.005449219,0.923828125,0.353515625,0.00931709
3.2734375,1.2421875,0.591796875,0.595703125,0.398136711,0.413718932,0.000292969,0.002949219,0.173828125,0.103515625,0.00182459
1.2734375,3.2421875,0.091796875,0.095703125,0.896767785,0.912350006,0.005292969,0.007949219,0.673828125,0.603515625,0.00681959
1.3984375,1.1171875,0.498046875,0.126953125,0.616287806,0.631870027,0.004980469,0.005136719,0.705078125,0.259765625,0.008380527
3.3984375,3.1171875,0.998046875,0.626953125,0.117656731,0.133238952,0.009980469,0.000136719,0.205078125,0.759765625,0.003385527
4.3984375,2.1171875,0.748046875,0.376953125,0.366972269,0.881185564,0.007480469,0.007636719,0.955078125,0.509765625,0.005883027
2.3984375,4.1171875,0.248046875,0.876953125,0.865603343,0.38255449,0.002480469,0.002636719,0.455078125,0.009765625,0.000888027
2.8984375,2.6171875,0.873046875,0.001953125,0.491630037,0.257896721,0.003730469,0.001386719,0.580078125,0.634765625,0.007131777
4.8984375,4.6171875,0.373046875,0.501953125,0.990261112,0.756527796,0.008730469,0.006386719,0.080078125,0.134765625,0.002136777
3.8984375,1.6171875,0.123046875,0.251953125,0.740945575,0.008581184,0.006230469,0.003886719,0.830078125,0.384765625,0.009629277
1.8984375,3.6171875,0.623046875,0.751953125,0.2423145,0.507212258,0.001230469,0.008886719,0.330078125,0.884765625,0.004634277
1.6484375,2.3671875,0.185546875,0.564453125,0.055327847,0.569541143,0.004355469,0.004511719,0.517578125,0.322265625,0.004009902
3.6484375,4.3671875,0.685546875,0.064453125,0.553958922,0.070910068,0.009355469,0.009511719,0.017578125,0.822265625,0.009004902
4.6484375,1.3671875,0.935546875,0.814453125,0.803274459,0.81885668,0.006855469,0.002011719,0.767578125,0.572265625,0.001512402
2.6484375,3.3671875,0.435546875,0.314453125,0.304643384,0.320225605,0.001855469,0.007011719,0.267578125,0.072265625,0.006507402
2.1484375,1.8671875,0.560546875,0.689453125,0.927932227,0.444883374,0.003105469,0.008261719,0.642578125,0.697265625,0.000263652
4.1484375,3.8671875,0.060546875,0.189453125,0.429301153,0.943514449,0.008105469,0.003261719,0.142578125,0.197265625,0.005258652
3.1484375,2.8671875,0.310546875,0.939453125,0.179985616,0.195567837,0.005605469,0.005761719,0.892578125,0.447265625,0.002761152
1.1484375,4.8671875,0.810546875,0.439453125,0.67861669,0.694198911,0.000605469,0.000761719,0.392578125,0.947265625,0.007756152
1.2109375,1.9296875,0.232421875,0.861328125,0.38255449,0.366972269,0.007011719,0.009667969,0.908203125,0.150390625,0.005414746
3.2109375,3.9296875,0.732421875,0.361328125,0.881185564,0.865603343,0.002011719,0.004667969,0.408203125,0.650390625,0.000419746
4.2109375,2.9296875,0.982421875,0.611328125,0.631870027,0.117656731,0.004511719,0.007167969,0.658203125,0.900390625,0.007912246
2.2109375,4.9296875,0.482421875,0.111328125,0.133238952,0.616287806,0.009511719,0.002167969,0.158203125,0.400390625,0.002917246
2.7109375,2.4296875,0.607421875,0.986328125,0.507212258,0.740945575,0.005761719,0.003417969,0.783203125,0.775390625,0.009160996
4.7109375,4.4296875,0.107421875,0.486328125,0.008581184,0.2423145,0.000761719,0.008417969,0.283203125,0.275390625,0.004165996
3.7109375,1.4296875,0.357421875,0.736328125,0.257896721,0.990261112,0.003261719,0.000917969,0.533203125,0.025390625,0.006663496
1.7109375,3.4296875,0.857421875,0.236328125,0.756527796,0.491630037,0.008261719,0.005917969,0.033203125,0.525390625,0.001668496
1.9609375,2.6796875,0.419921875,0.423828125,0.943514449,0.429301153,0.006386719,0.000292969,0.845703125,0.212890625,0.002292871
3.9609375,4.6796875,0.919921875,0.923828125,0.444883374,0.927932227,0.001386719,0.005292969,0.345703125,0.712890625,0.007287871
4.9609375,1.6796875,0.669921875,0.173828125,0.195567837,0.179985616,0.003886719,0.002792969,0.595703125,0.962890625,0.004790371
2.9609375,3.6796875,0.169921875,0.673828125,0.694198911,0.67861669,0.008886719,0.007792969,0.095703125,0.462890625,0.009785371
2.4609375,1.1796875,0.794921875,0.298828125,0.070910068,0.553958922,0.005136719,0.006542969,0.970703125,0.837890625,0.003541621
4.4609375,3.1796875,0.294921875,0.798828125,0.569541143,0.055327847,0.000136719,0.001542969,0.470703125,0.337890625,0.008536621
3.4609375,2.1796875,0.044921875,0.048828125,0.81885668,0.803274459,0.002636719,0.009042969,0.720703125,0.087890625,0.001044121
1.4609375,4.1796875,0.544921875,0.548828125,0.320225605,0.304643384,0.007636719,0.004042969,0.220703125,0.587890625,0.006039121
1.3359375,2.0546875,0.888671875,0.705078125,0.164403395,0.024163405,0.002324219,0.001855469,0.126953125,0.306640625,0.008848809
3.3359375,4.0546875,0.388671875,0.205078125,0.663034469,0.522794479,0.007324219,0.006855469,0.626953125,0.806640625,0.003853809
4.3359375,1.0546875,0.138671875,0.955078125,0.912350006,0.273478942,0.009824219,0.004355469,0.376953125,0.556640625,0.006351309
2.3359375,3.0546875,0.638671875,0.455078125,0.413718932,0.772110017,0.004824219,0.009355469,0.876953125,0.056640625,0.001356309
2.8359375,1.5546875,0.263671875,0.580078125,0.787692238,0.896767785,0.001074219,0.005605469,0.001953125,0.681640625,0.005102559
4.8359375,3.5546875,0.763671875,0.080078125,0.289061163,0.398136711,0.006074219,0.000605469,0.501953125,0.181640625,0.000107559
3.8359375,2.5546875,0.513671875,0.830078125,0.039745626,0.647452248,0.008574219,0.008105469,0.251953125,0.431640625,0.007600059
1.8359375,4.5546875,0.013671875,0.330078125,0.5383767,0.148821173,0.003574219,0.003105469,0.751953125,0.931640625,0.002605059
1.5859375,1.3046875,0.701171875,0.017578125,0.725363353,0.211150058,0.001699219,0.008730469,0.064453125,0.369140625,0.003229434
3.5859375,3.3046875,0.201171875,0.517578125,0.226732279,0.709781132,0.006699219,0.003730469,0.564453125,0.869140625,0.008224434
4.5859375,2.3046875,0.451171875,0.267578125,0.476047816,0.460465595,0.009199219,0.006230469,0.314453125,0.619140625,0.000731934
2.5859375,4.3046875,0.951171875,0.767578125,0.974678891,0.95909667,0.004199219,0.001230469,0.814453125,0.119140625,0.005726934
2.0859375,2.8046875,0.076171875,0.142578125,0.351390047,0.834438901,0.000449219,0.004980469,0.189453125,0.744140625,0.001980684
4.0859375,4.8046875,0.576171875,0.642578125,0.850021122,0.335807826,0.005449219,0.009980469,0.689453125,0.244140625,0.006975684
3.0859375,1.8046875,0.826171875,0.392578125,0.600705585,0.585123364,0.007949219,0.002480469,0.439453125,0.494140625,0.004478184
1.0859375,3.8046875,0.326171875,0.892578125,0.10207451,0.086492289,0.002949219,0.007480469,0.939453125,0.994140625,0.009473184
1.1171875,1.3984375,0.833984375,0.525390625,0.888976675,0.156612284,0.005683594,0.009121094,0.259765625,0.455078125,0.000653887
3.1171875,3.3984375,0.333984375,0.025390625,0.3903456,0.655243359,0.000683594,0.004121094,0.759765625,0.955078125,0.005648887
4.1171875,2.3984375,0.083984375,0.775390625,0.141030063,0.405927821,0.003183594,0.006621094,0.009765625,0.705078125,0.003151387
2.1171875,4.3984375,0.583984375,0.275390625,0.639661137,0.904558896,0.008183594,0.001621094,0.509765625,0.205078125,0.008146387
2.6171875,2.8984375,0.458984375,0.650390625,0.016372294,0.779901127,0.006933594,0.002871094,0.384765625,0.580078125,0.004400137
4.6171875,4.8984375,0.958984375,0.150390625,0.515003369,0.281270053,0.001933594,0.007871094,0.884765625,0.080078125,0.009395137
3.6171875,1.8984375,0.708984375,0.900390625,0.764318906,0.53058559,0.004433594,0.000371094,0.134765625,0.330078125,0.001902637
1.6171875,3.8984375,0.208984375,0.400390625,0.265687832,0.031954515,0.009433594,0.005371094,0.634765625,0.830078125,0.006897637
1.8671875,2.1484375,0.521484375,0.212890625,0.452674485,0.0942834,0.005058594,0.000996094,0.447265625,0.392578125,0.006273262
3.8671875,4.1484375,0.021484375,0.712890625,0.951305559,0.592914474,5.86E-05,0.005996094,0.947265625,0.892578125,0.001278262
4.8671875,1.1484375,0.271484375,0.462890625,0.701990022,0.343598937,0.002558594,0.003496094,0.197265625,0.642578125,0.008770762
2.8671875,3.1484375,0.771484375,0.962890625,0.203358947,0.842230012,0.007558594,0.008496094,0.697265625,0.142578125,0.003775762
2.3671875,1.6484375,0.146484375,0.087890625,0.577332253,0.96688778,0.006308594,0.007246094,0.322265625,0.517578125,0.007522012
4.3671875,3.6484375,0.646484375,0.587890625,0.078701179,0.468256706,0.001308594,0.002246094,0.822265625,0.017578125,0.002527012
3.3671875,2.6484375,0.896484375,0.337890625,0.328016716,0.717572243,0.003808594,0.009746094,0.072265625,0.267578125,0.005024512
1.3671875,4.6484375,0.396484375,0.837890625,0.82664779,0.218941168,0.008808594,0.004746094,0.572265625,0.767578125,2.95E-05
1.4921875,2.5234375,0.052734375,0.931640625,0.67082558,0.499421148,0.000996094,0.001933594,0.541015625,0.111328125,0.004712324
3.4921875,4.5234375,0.552734375,0.431640625,0.172194505,0.998052222,0.005996094,0.006933594,0.041015625,0.611328125,0.009707324
4.4921875,1.5234375,0.802734375,0.681640625,0.421510042,0.25010561,0.008496094,0.004433594,0.791015625,0.861328125,0.002214824
2.4921875,3.5234375,0.302734375,0.181640625,0.920141117,0.748736685,0.003496094,0.009433594,0.291015625,0.361328125,0.007209824
2.9921875,1.0234375,0.677734375,0.806640625,0.296852274,0.624078916,0.002246094,0.005683594,0.666015625,0.986328125,0.000966074
4.9921875,3.0234375,0.177734375,0.306640625,0.795483348,0.125447842,0.007246094,0.000683594,0.166015625,0.486328125,0.005961074
3.9921875,2.0234375,0.427734375,0.556640625,0.546167811,0.873394454,0.009746094,0.008183594,0.916015625,0.236328125,0.003463574
1.9921875,4.0234375,0.927734375,0.056640625,0.047536736,0.374763379,0.004746094,0.003183594,0.416015625,0.736328125,0.008458574
1.7421875,1.7734375,0.365234375,0.369140625,0.234523389,0.312434495,0.000371094,0.007558594,0.728515625,0.048828125,0.007834199
3.7421875,3.7734375,0.865234375,0.869140625,0.733154464,0.811065569,0.005371094,0.002558594,0.228515625,0.548828125,0.002839199
4.7421875,2.7734375,0.615234375,0.119140625,0.982470001,0.063118957,0.007871094,0.005058594,0.978515625,0.798828125,0.005336699
2.7421875,4.7734375,0.115234375,0.619140625,0.483838927,0.561750032,0.002871094,5.86E-05,0.478515625,0.298828125,0.000341699
2.2421875,2.2734375,0.990234375,0.494140625,0.857812233,0.686407801,0.001621094,0.003808594,0.603515625,0.923828125,0.006585449
4.2421875,4.2734375,0.490234375,0.994140625,0.359181158,0.187776726,0.006621094,0.008808594,0.103515625,0.423828125,0.001590449
3.2421875,1.2734375,0.240234375,0.244140625,0.109865621,0.935723338,0.009121094,0.001308594,0.853515625,0.173828125,0.009082949
1.2421875,3.2734375,0.740234375,0.744140625,0.608496695,0.437092263,0.004121094,0.006308594,0.353515625,0.673828125,0.004087949
1.1796875,2.4609375,0.287109375,0.072265625,0.343598937,0.515003369,0.008339844,0.002714844,0.837890625,0.470703125,0.001434355
3.1796875,4.4609375,0.787109375,0.572265625,0.842230012,0.016372294,0.003339844,0.007714844,0.337890625,0.970703125,0.006429355
4.1796875,1.4609375,0.537109375,0.322265625,0.592914474,0.764318906,0.000839844,0.000214844,0.587890625,0.720703125,0.003931855
2.1796875,3.4609375,0.037109375,0.822265625,0.0942834,0.265687832,0.005839844,0.005214844,0.087890625,0.220703125,0.008926855
2.6796875,1.9609375,0.912109375,0.197265625,0.717572243,0.3903456,0.009589844,0.008964844,0.962890625,0.595703125,0.002683105
4.6796875,3.9609375,0.412109375,0.697265625,0.218941168,0.888976675,0.004589844,0.003964844,0.462890625,0.095703125,0.007678105
3.6796875,2.9609375,0.162109375,0.447265625,0.468256706,0.141030063,0.002089844,0.006464844,0.712890625,0.345703125,0.000185605
1.6796875,4.9609375,0.662109375,0.947265625,0.96688778,0.639661137,0.007089844,0.001464844,0.212890625,0.845703125,0.005180605
1.9296875,1.2109375,0.099609375,0.634765625,0.779901127,0.701990022,0.007714844,0.007089844,0.900390625,0.408203125,0.00580498
3.9296875,3.2109375,0.599609375,0.134765625,0.281270053,0.203358947,0.002714844,0.002089844,0.400390625,0.908203125,0.00080998
4.9296875,2.2109375,0.849609375,0.884765625,0.031954515,0.951305559,0.000214844,0.009589844,0.650390625,0.658203125,0.00830248
2.9296875,4.2109375,0.349609375,0.384765625,0.53058559,0.452674485,0.005214844,0.004589844,0.150390625,0.158203125,0.00330748
2.4296875,2.7109375,0.724609375,0.509765625,0.156612284,0.328016716,0.008964844,0.000839844,0.775390625,0.533203125,0.00955123
4.4296875,4.7109375,0.224609375,0.009765625,0.655243359,0.82664779,0.003964844,0.005839844,0.275390625,0.033203125,0.00455623
3.4296875,1.7109375,0.474609375,0.759765625,0.904558896,0.078701179,0.001464844,0.003339844,0.525390625,0.283203125,0.00705373
1.4296875,3.7109375,0.974609375,0.259765625,0.405927821,0.577332253,0.006464844,0.008339844,0.025390625,0.783203125,0.00205873
1.3046875,1.5859375,0.568359375,0.478515625,0.125447842,0.857812233,0.003652344,0.006152344,0.119140625,0.064453125,0.002995293
3.3046875,3.5859375,0.068359375,0.978515625,0.624078916,0.359181158,0.008652344,0.001152344,0.619140625,0.564453125,0.007990293
4.3046875,2.5859375,0.318359375,0.228515625,0.873394454,0.608496695,0.006152344,0.008652344,0.369140625,0.814453125,0.000497793
2.3046875,4.5859375,0.818359375,0.728515625,0.374763379,0.109865621,0.001152344,0.003652344,0.869140625,0.314453125,0.005492793
2.8046875,2.0859375,0.193359375,0.353515625,0.998052222,0.234523389,0.004902344,0.002402344,0.244140625,0.939453125,0.001746543
4.8046875,4.0859375,0.693359375,0.853515625,0.499421148,0.733154464,0.009902344,0.007402344,0.744140625,0.439453125,0.006741543
3.8046875,1.0859375,0.943359375,0.103515625,0.25010561,0.483838927,0.007402344,0.004902344,0.494140625,0.189453125,0.004244043
1.8046875,3.0859375,0.443359375,0.603515625,0.748736685,0.982470001,0.002402344,0.009902344,0.994140625,0.689453125,0.009239043
1.5546875,2.8359375,0.755859375,0.791015625,0.561750032,0.920141117,0.003027344,0.004277344,0.181640625,0.001953125,0.009863418
3.5546875,4.8359375,0.255859375,0.291015625,0.063118957,0.421510042,0.008027344,0.009277344,0.681640625,0.501953125,0.004868418
4.5546875,1.8359375,0.005859375,0.541015625,0.312434495,0.67082558,0.005527344,0.001777344,0.431640625,0.751953125,0.007365918
2.5546875,3.8359375,0.505859375,0.041015625,0.811065569,0.172194505,0.000527344,0.006777344,0.931640625,0.251953125,0.002370918
2.0546875,1.3359375,0.380859375,0.916015625,0.437092263,0.047536736,0.004277344,0.008027344,0.056640625,0.876953125,0.006117168
4.0546875,3.3359375,0.880859375,0.416015625,0.935723338,0.546167811,0.009277344,0.003027344,0.556640625,0.376953125,0.001122168
3.0546875,2.3359375,0.630859375,0.666015625,0.686407801,0.296852274,0.006777344,0.005527344,0.306640625,0.126953125,0.008614668
1.0546875,4.3359375,0.130859375,0.166015625,0.187776726,0.795483348,0.001777344,0.000527344,0.806640625,0.626953125,0.003619668
1.0390625,1.6640625,0.431640625,0.724609375,0.635765582,0.573436698,0.005019531,0.001503906,0.779296875,0.724609375,0.001863613
3.0390625,3.6640625,0.931640625,0.224609375,0.137134508,0.074805623,1.95E-05,0.006503906,0.279296875,0.224609375,0.006858613
4.0390625,2.6640625,0.681640625,0.974609375,0.386450045,0.822752235,0.002519531,0.004003906,0.529296875,0.474609375,0.004361113
2.0390625,4.6640625,0.181640625,0.474609375,0.88508112,0.324121161,0.007519531,0.009003906,0.029296875,0.974609375,0.009356113
2.5390625,2.1640625,0.806640625,0.599609375,0.261792276,0.448778929,0.006269531,0.005253906,0.904296875,0.349609375,0.003112363
4.5390625,4.1640625,0.306640625,0.099609375,0.760423351,0.947410004,0.001269531,0.000253906,0.404296875,0.849609375,0.008107363
3.5390625,1.1640625,0.056640625,0.849609375,0.511107814,0.199463392,0.003769531,0.007753906,0.654296875,0.599609375,0.000614863
1.5390625,3.1640625,0.556640625,0.349609375,0.012476739,0.698094467,0.008769531,0.002753906,0.154296875,0.099609375,0.005609863
1.7890625,2.9140625,0.244140625,0.037109375,0.199463392,0.635765582,0.005644531,0.008378906,0.966796875,0.662109375,0.006234238
3.7890625,4.9140625,0.744140625,0.537109375,0.698094467,0.137134508,0.000644531,0.003378906,0.466796875,0.162109375,0.001239238
4.7890625,1.9140625,0.994140625,0.287109375,0.947410004,0.88508112,0.003144531,0.005878906,0.716796875,0.412109375,0.008731738
2.7890625,3.9140625,0.494140625,0.787109375,0.448778929,0.386450045,0.008144531,0.000878906,0.216796875,0.912109375,0.003736738
2.2890625,1.4140625,0.619140625,0.162109375,0.822752235,0.261792276,0.006894531,0.004628906,0.841796875,0.287109375,0.009980488
4.2890625,3.4140625,0.119140625,0.662109375,0.324121161,0.760423351,0.001894531,0.009628906,0.341796875,0.787109375,0.004985488
3.2890625,2.4140625,0.369140625,0.412109375,0.074805623,0.012476739,0.004394531,0.002128906,0.591796875,0.537109375,0.007482988
1.2890625,4.4140625,0.869140625,0.912109375,0.573436698,0.511107814,0.009394531,0.007128906,0.091796875,0.037109375,0.002487988
1.4140625,2.2890625,0.712890625,0.818359375,0.916245562,0.791587793,0.000332031,0.009941406,0.060546875,0.818359375,0.002800176
3.4140625,4.2890625,0.212890625,0.318359375,0.417614487,0.292956718,0.005332031,0.004941406,0.560546875,0.318359375,0.007795176
4.4140625,1.2890625,0.462890625,0.568359375,0.16829895,0.542272256,0.007832031,0.007441406,0.310546875,0.068359375,0.000302676
2.4140625,3.2890625,0.962890625,0.068359375,0.666930024,0.043641181,0.002832031,0.002441406,0.810546875,0.568359375,0.005297676
2.9140625,1.7890625,0.087890625,0.943359375,0.043641181,0.16829895,0.001582031,0.003691406,0.185546875,0.193359375,0.001551426
4.9140625,3.7890625,0.587890625,0.443359375,0.542272256,0.666930024,0.006582031,0.008691406,0.685546875,0.693359375,0.006546426
3.9140625,2.7890625,0.837890625,0.693359375,0.791587793,0.417614487,0.009082031,0.001191406,0.435546875,0.943359375,0.004048926
1.9140625,4.7890625,0.337890625,0.193359375,0.292956718,0.916245562,0.004082031,0.006191406,0.935546875,0.443359375,0.009043926
1.6640625,1.0390625,0.900390625,0.380859375,0.479943371,0.978574446,0.000957031,0.000566406,0.248046875,0.755859375,0.009668301
3.6640625,3.0390625,0.400390625,0.880859375,0.978574446,0.479943371,0.005957031,0.005566406,0.748046875,0.255859375,0.004673301
4.6640625,2.0390625,0.150390625,0.130859375,0.729258909,0.729258909,0.008457031,0.003066406,0.498046875,0.005859375,0.007170801
2.6640625,4.0390625,0.650390625,0.630859375,0.230627834,0.230627834,0.003457031,0.008066406,0.998046875,0.505859375,0.002175801
2.1640625,2.5390625,0.275390625,0.255859375,0.60460114,0.105970065,0.002207031,0.006816406,0.123046875,0.130859375,0.005922051
4.1640625,4.5390625,0.775390625,0.755859375,0.105970065,0.60460114,0.007207031,0.001816406,0.623046875,0.630859375,0.000927051
3.1640625,1.5390625,0.525390625,0.005859375,0.355285603,0.355285603,0.009707031,0.009316406,0.373046875,0.880859375,0.008419551
1.1640625,3.5390625,0.025390625,0.505859375,0.853916677,0.853916677,0.004707031,0.004316406,0.873046875,0.380859375,0.003424551
1.2265625,2.7265625,0.947265625,0.177734375,0.090387844,0.215045613,0.007675781,0.005410156,0.326171875,0.708984375,0.001083145
3.2265625,4.7265625,0.447265625,0.677734375,0.589018919,0.713676688,0.002675781,0.000410156,0.826171875,0.208984375,0.006078145
4.2265625,1.7265625,0.197265625,0.427734375,0.838334456,0.46436115,0.000175781,0.007910156,0.076171875,0.458984375,0.003580645
2.2265625,3.7265625,0.697265625,0.927734375,0.339703382,0.962992225,0.005175781,0.002910156,0.576171875,0.958984375,0.008575645
2.7265625,1.2265625,0.322265625,0.052734375,0.962992225,0.838334456,0.008925781,0.001660156,0.451171875,0.333984375,0.004829395
4.7265625,3.2265625,0.822265625,0.552734375,0.46436115,0.339703382,0.003925781,0.006660156,0.951171875,0.833984375,0.009824395
3.7265625,2.2265625,0.572265625,0.302734375,0.215045613,0.589018919,0.001425781,0.004160156,0.201171875,0.583984375,0.002331895
1.7265625,4.2265625,0.072265625,0.802734375,0.713676688,0.090387844,0.006425781,0.009160156,0.701171875,0.083984375,0.007326895
1.9765625,1.9765625,0.634765625,0.615234375,0.526690035,0.02805896,0.008300781,0.004785156,0.388671875,0.646484375,0.00670252
3.9765625,3.9765625,0.134765625,0.115234375,0.02805896,0.526690035,0.003300781,0.009785156,0.888671875,0.146484375,0.00170752
4.9765625,2.9765625,0.384765625,0.865234375,0.277374497,0.277374497,0.000800781,0.002285156,0.138671875,0.396484375,0.00920002
2.9765625,4.9765625,0.884765625,0.365234375,0.776005572,0.776005572,0.005800781,0.007285156,0.638671875,0.896484375,0.00420502
2.4765625,2.4765625,0.009765625,0.740234375,0.402032266,0.900663341,0.009550781,0.008535156,0.263671875,0.271484375,0.00795127
4.4765625,4.4765625,0.509765625,0.240234375,0.900663341,0.402032266,0.004550781,0.003535156,0.763671875,0.771484375,0.00295627
3.4765625,1.4765625,0.759765625,0.990234375,0.651347803,0.651347803,0.002050781,0.006035156,0.013671875,0.521484375,0.00545377
1.4765625,3.4765625,0.259765625,0.490234375,0.152716729,0.152716729,0.007050781,0.001035156,0.513671875,0.021484375,0.00045877
1.3515625,1.3515625,0.166015625,0.271484375,0.370867824,0.433196708,0.002988281,0.003222656,0.607421875,0.865234375,0.004517207
3.3515625,3.3515625,0.666015625,0.771484375,0.869498898,0.931827783,0.007988281,0.008222656,0.107421875,0.365234375,0.009512207
4.3515625,2.3515625,0.916015625,0.021484375,0.620183361,0.183881171,0.005488281,0.000722656,0.857421875,0.115234375,0.002019707
2.3515625,4.3515625,0.416015625,0.521484375,0.121552287,0.682512245,0.000488281,0.005722656,0.357421875,0.615234375,0.007014707
2.8515625,2.8515625,0.541015625,0.396484375,0.74484113,0.557854477,0.004238281,0.009472656,0.732421875,0.240234375,0.000770957
4.8515625,4.8515625,0.041015625,0.896484375,0.246210055,0.059223402,0.009238281,0.004472656,0.232421875,0.740234375,0.005765957
3.8515625,1.8515625,0.291015625,0.146484375,0.495525592,0.807170014,0.006738281,0.006972656,0.982421875,0.990234375,0.003268457
1.8515625,3.8515625,0.791015625,0.646484375,0.994156667,0.30853894,0.001738281,0.001972656,0.482421875,0.490234375,0.008263457
1.6015625,2.1015625,0.478515625,0.958984375,0.807170014,0.370867824,0.003613281,0.006347656,0.669921875,0.802734375,0.007639082
3.6015625,4.1015625,0.978515625,0.458984375,0.30853894,0.869498898,0.008613281,0.001347656,0.169921875,0.302734375,0.002644082
4.6015625,1.1015625,0.728515625,0.708984375,0.059223402,0.121552287,0.006113281,0.008847656,0.919921875,0.052734375,0.005141582
2.6015625,3.1015625,0.228515625,0.208984375,0.557854477,0.620183361,0.001113281,0.003847656,0.419921875,0.552734375,0.000146582
2.1015625,1.6015625,0.853515625,0.833984375,0.183881171,0.74484113,0.004863281,9.77E-05,0.544921875,0.177734375,0.006390332
4.1015625,3.6015625,0.353515625,0.333984375,0.682512245,0.246210055,0.009863281,0.005097656,0.044921875,0.677734375,0.001395332
3.1015625,2.6015625,0.103515625,0.583984375,0.931827783,0.994156667,0.007363281,0.002597656,0.794921875,0.927734375,0.008887832
1.1015625,4.6015625,0.603515625,0.083984375,0.433196708,0.495525592,0.002363281,0.007597656,0.294921875,0.427734375,0.003892832
1.0703125,2.1953125,0.111328125,0.466796875,0.581227808,0.300747829,0.009003906,0.005800781,0.974609375,0.904296875,0.005063535
3.0703125,4.1953125,0.611328125,0.966796875,0.082596734,0.799378904,0.004003906,0.000800781,0.474609375,0.404296875,6.85E-05
4.0703125,1.1953125,0.861328125,0.216796875,0.331912271,0.051432292,0.001503906,0.008300781,0.724609375,0.154296875,0.007561035
2.0703125,3.1953125,0.361328125,0.716796875,0.830543346,0.550063366,0.006503906,0.003300781,0.224609375,0.654296875,0.002566035
2.5703125,1.6953125,0.736328125,0.341796875,0.45657004,0.674721135,0.007753906,0.002050781,0.849609375,0.029296875,0.008809785
4.5703125,3.6953125,0.236328125,0.841796875,0.955201114,0.17609006,0.002753906,0.007050781,0.349609375,0.529296875,0.003814785
3.5703125,2.6953125,0.486328125,0.091796875,0.705885577,0.924036672,0.000253906,0.004550781,0.599609375,0.779296875,0.006312285
1.5703125,4.6953125,0.986328125,0.591796875,0.207254502,0.425405598,0.005253906,0.009550781,0.099609375,0.279296875,0.001317285
1.8203125,1.4453125,0.298828125,0.779296875,0.02026785,0.487734482,0.009628906,0.003925781,0.787109375,0.966796875,0.00194166
3.8203125,3.4453125,0.798828125,0.279296875,0.518898924,0.986365557,0.004628906,0.008925781,0.287109375,0.466796875,0.00693666
4.8203125,2.4453125,0.548828125,0.529296875,0.768214461,0.238418945,0.002128906,0.001425781,0.537109375,0.216796875,0.00443916
2.8203125,4.4453125,0.048828125,0.029296875,0.269583387,0.737050019,0.007128906,0.006425781,0.037109375,0.716796875,0.00943416
2.3203125,2.9453125,0.923828125,0.904296875,0.89287223,0.612392251,0.008378906,0.007675781,0.912109375,0.091796875,0.00319041
4.3203125,4.9453125,0.423828125,0.404296875,0.394241155,0.113761176,0.003378906,0.002675781,0.412109375,0.591796875,0.00818541
3.3203125,1.9453125,0.173828125,0.654296875,0.144925618,0.861707788,0.000878906,0.005175781,0.662109375,0.841796875,0.00069291
1.3203125,3.9453125,0.673828125,0.154296875,0.643556693,0.363076713,0.005878906,0.000175781,0.162109375,0.341796875,0.00568791
1.4453125,1.8203125,0.767578125,0.123046875,0.861707788,0.082596734,0.004316406,0.002988281,0.193359375,0.560546875,0.009121973
3.4453125,3.8203125,0.267578125,0.623046875,0.363076713,0.581227808,0.009316406,0.007988281,0.693359375,0.060546875,0.004126973
4.4453125,2.8203125,0.017578125,0.373046875,0.113761176,0.331912271,0.006816406,0.000488281,0.443359375,0.310546875,0.006624473
2.4453125,4.8203125,0.517578125,0.873046875,0.612392251,0.830543346,0.001816406,0.005488281,0.943359375,0.810546875,0.001629473
2.9453125,2.3203125,0.392578125,0.248046875,0.238418945,0.955201114,0.003066406,0.009238281,0.068359375,0.435546875,0.005375723
4.9453125,4.3203125,0.892578125,0.748046875,0.737050019,0.45657004,0.008066406,0.004238281,0.568359375,0.935546875,0.000380723
3.9453125,1.3203125,0.642578125,0.498046875,0.986365557,0.705885577,0.005566406,0.006738281,0.318359375,0.685546875,0.007873223
1.9453125,3.3203125,0.142578125,0.998046875,0.487734482,0.207254502,0.000566406,0.001738281,0.818359375,0.185546875,0.002878223
1.6953125,2.5703125,0.580078125,0.685546875,0.300747829,0.144925618,0.004941406,0.007363281,0.005859375,0.623046875,0.003502598
3.6953125,4.5703125,0.080078125,0.185546875,0.799378904,0.643556693,0.009941406,0.002363281,0.505859375,0.123046875,0.008497598
4.6953125,1.5703125,0.330078125,0.935546875,0.550063366,0.394241155,0.007441406,0.009863281,0.255859375,0.373046875,0.001005098
2.6953125,3.5703125,0.830078125,0.435546875,0.051432292,0.89287223,0.002441406,0.004863281,0.755859375,0.873046875,0.006000098
2.1953125,1.0703125,0.205078125,0.560546875,0.674721135,0.768214461,0.003691406,0.001113281,0.130859375,0.498046875,0.002253848
4.1953125,3.0703125,0.705078125,0.060546875,0.17609006,0.269583387,0.008691406,0.006113281,0.630859375,0.998046875,0.007248848
3.1953125,2.0703125,0.955078125,0.810546875,0.425405598,0.518898924,0.006191406,0.003613281,0.380859375,0.748046875,0.004751348
1.1953125,4.0703125,0.455078125,0.310546875,0.924036672,0.02026785,0.001191406,0.008613281,0.880859375,0.248046875,0.009746348
1.1328125,1.1328125,0.501953125,0.888671875,0.129343397,0.908454451,0.006347656,0.002207031,0.427734375,0.919921875,0.007092754
3.1328125,3.1328125,0.001953125,0.388671875,0.627974472,0.409823377,0.001347656,0.007207031,0.927734375,0.419921875,0.002097754
4.1328125,2.1328125,0.251953125,0.638671875,0.877290009,0.659138914,0.003847656,0.004707031,0.177734375,0.169921875,0.009590254
2.1328125,4.1328125,0.751953125,0.138671875,0.378658934,0.160507839,0.008847656,0.009707031,0.677734375,0.669921875,0.004595254
2.6328125,2.6328125,0.126953125,0.763671875,0.75263224,0.035850071,0.005097656,0.005957031,0.302734375,0.044921875,0.008341504
4.6328125,4.6328125,0.626953125,0.263671875,0.254001166,0.534481145,9.77E-05,0.000957031,0.802734375,0.544921875,0.003346504
3.6328125,1.6328125,0.876953125,0.513671875,0.004685628,0.285165608,0.002597656,0.008457031,0.052734375,0.794921875,0.005844004
1.6328125,3.6328125,0.376953125,0.013671875,0.503316703,0.783796682,0.007597656,0.003457031,0.552734375,0.294921875,0.000849004
1.8828125,2.3828125,0.814453125,0.326171875,0.690303356,0.846125567,0.006972656,0.007832031,0.365234375,0.982421875,0.000224629
3.8828125,4.3828125,0.314453125,0.826171875,0.191672281,0.347494492,0.001972656,0.002832031,0.865234375,0.482421875,0.005219629
4.8828125,1.3828125,0.064453125,0.076171875,0.440987819,0.59681003,0.004472656,0.005332031,0.115234375,0.232421875,0.002722129
2.8828125,3.3828125,0.564453125,0.576171875,0.939618893,0.098178955,0.009472656,0.000332031,0.615234375,0.732421875,0.007717129
2.3828125,1.8828125,0.439453125,0.451171875,0.31633005,0.222836724,0.005722656,0.004082031,0.490234375,0.107421875,0.003970879
4.3828125,3.8828125,0.939453125,0.951171875,0.814961125,0.721467798,0.000722656,0.009082031,0.990234375,0.607421875,0.008965879
3.3828125,2.8828125,0.689453125,0.201171875,0.565645587,0.472152261,0.003222656,0.001582031,0.240234375,0.857421875,0.001473379
1.3828125,4.8828125,0.189453125,0.701171875,0.067014513,0.970783335,0.008222656,0.006582031,0.740234375,0.357421875,0.006468379
1.2578125,2.7578125,0.345703125,0.544921875,0.409823377,0.690303356,0.001660156,0.008769531,0.646484375,0.513671875,0.008653691
3.2578125,4.7578125,0.845703125,0.044921875,0.908454451,0.191672281,0.006660156,0.003769531,0.146484375,0.013671875,0.003658691
4.2578125,1.7578125,0.595703125,0.794921875,0.659138914,0.939618893,0.009160156,0.006269531,0.896484375,0.263671875,0.006156191
2.2578125,3.7578125,0.095703125,0.294921875,0.160507839,0.440987819,0.004160156,0.001269531,0.396484375,0.763671875,0.001161191
2.7578125,1.2578125,0.970703125,0.669921875,0.534481145,0.31633005,0.000410156,0.002519531,0.521484375,0.388671875,0.007404941
4.7578125,3.2578125,0.470703125,0.169921875,0.035850071,0.814961125,0.005410156,0.007519531,0.021484375,0.888671875,0.002409941
3.7578125,2.2578125,0.220703125,0.919921875,0.285165608,0.067014513,0.007910156,1.95E-05,0.771484375,0.638671875,0.009902441
1.7578125,4.2578125,0.720703125,0.419921875,0.783796682,0.565645587,0.002910156,0.005019531,0.271484375,0.138671875,0.004907441
1.5078125,1.5078125,0.033203125,0.232421875,0.970783335,0.503316703,0.002285156,0.000644531,0.583984375,0.576171875,0.004283066
3.5078125,3.5078125,0.533203125,0.732421875,0.472152261,0.004685628,0.007285156,0.005644531,0.083984375,0.076171875,0.009278066
4.5078125,2.5078125,0.783203125,0.482421875,0.222836724,0.75263224,0.009785156,0.003144531,0.833984375,0.326171875,0.001785566
2.5078125,4.5078125,0.283203125,0.982421875,0.721467798,0.254001166,0.004785156,0.008144531,0.333984375,0.826171875,0.006780566
2.0078125,2.0078125,0.658203125,0.107421875,0.098178955,0.378658934,0.001035156,0.006894531,0.708984375,0.451171875,0.000536816
4.0078125,4.0078125,0.158203125,0.607421875,0.59681003,0.877290009,0.006035156,0.001894531,0.208984375,0.951171875,0.005531816
3.0078125,1.0078125,0.408203125,0.357421875,0.846125567,0.129343397,0.008535156,0.009394531,0.958984375,0.701171875,0.003034316
1.0078125,3.0078125,0.908203125,0.857421875,0.347494492,0.627974472,0.003535156,0.004394531,0.458984375,0.201171875,0.008029316
1.01171875,2.00390625,0.362304688,0.151367188,0.895793897,0.44001393,0.007177734,0.004248047,0.616210938,0.665039063,0.009170752
3.01171875,4.00390625,0.862304688,0.651367188,0.397162822,0.938645004,0.002177734,0.009248047,0.116210938,0.165039063,0.004175752
4.01171875,1.00390625,0.612304688,0.401367188,0.147847285,0.190698393,0.004677734,0.001748047,0.866210938,0.415039063,0.006673252
2.01171875,3.00390625,0.112304688,0.901367188,0.646478359,0.689329467,0.009677734,0.006748047,0.366210938,0.915039063,0.001678252
2.51171875,1.50390625,0.987304688,0.026367188,0.023189516,0.564671699,0.005927734,0.007998047,0.741210938,0.290039063,0.005424502
4.51171875,3.50390625,0.487304688,0.526367188,0.521820591,0.066040624,0.000927734,0.002998047,0.241210938,0.790039063,0.000429502
3.51171875,2.50390625,0.237304688,0.276367188,0.771136128,0.813987236,0.003427734,0.005498047,0.991210938,0.540039063,0.007922002
1.51171875,4.50390625,0.737304688,0.776367188,0.272505053,0.315356161,0.008427734,0.000498047,0.491210938,0.040039063,0.002927002
1.76171875,1.25390625,0.049804688,0.588867188,0.459491706,0.253027277,0.006552734,0.006123047,0.678710938,0.727539063,0.003551377
3.76171875,3.25390625,0.549804688,0.088867188,0.958122781,0.751658352,0.001552734,0.001123047,0.178710938,0.227539063,0.008546377
4.76171875,2.25390625,0.799804688,0.838867188,0.708807244,0.00371174,0.004052734,0.008623047,0.928710938,0.477539063,0.001053877
2.76171875,4.25390625,0.299804688,0.338867188,0.210176169,0.502342814,0.009052734,0.003623047,0.428710938,0.977539063,0.006048877
2.26171875,2.75390625,0.674804688,0.713867188,0.584149475,0.627000583,0.005302734,0.002373047,0.553710938,0.352539063,0.002302627
4.26171875,4.75390625,0.174804688,0.213867188,0.0855184,0.128369508,0.000302734,0.007373047,0.053710938,0.852539063,0.007297627
3.26171875,1.75390625,0.424804688,0.963867188,0.334833938,0.87631612,0.002802734,0.004873047,0.803710938,0.602539063,0.004800127
1.26171875,3.75390625,0.924804688,0.463867188,0.833465012,0.377685046,0.007802734,0.009873047,0.303710938,0.102539063,0.009795127
1.38671875,1.87890625,0.518554688,0.307617188,0.677642801,0.15953395,0.002490234,0.007060547,0.334960938,0.758789063,0.005112314
3.38671875,3.87890625,0.018554688,0.807617188,0.179011727,0.658165025,0.007490234,0.002060547,0.834960938,0.258789063,0.000117314
4.38671875,2.87890625,0.268554688,0.057617188,0.428327264,0.408849488,0.009990234,0.009560547,0.084960938,0.008789063,0.007609814
2.38671875,4.87890625,0.768554688,0.557617188,0.926958339,0.907480562,0.004990234,0.004560547,0.584960938,0.508789063,0.002614814
2.88671875,2.37890625,0.143554688,0.432617188,0.303669495,0.782822794,0.001240234,0.000810547,0.459960938,0.133789063,0.008858564
4.88671875,4.37890625,0.643554688,0.932617188,0.80230057,0.284191719,0.006240234,0.005810547,0.959960938,0.633789063,0.003863564
3.88671875,1.37890625,0.893554688,0.182617188,0.552985033,0.533507256,0.008740234,0.003310547,0.209960938,0.883789063,0.006361064
1.88671875,3.37890625,0.393554688,0.682617188,0.054353958,0.034876182,0.003740234,0.008310547,0.709960938,0.383789063,0.001366064
1.63671875,2.62890625,0.831054688,0.995117188,0.241340611,0.097205066,0.001865234,0.002685547,0.397460938,0.821289063,0.001990439
3.63671875,4.62890625,0.331054688,0.495117188,0.739971686,0.595836141,0.006865234,0.007685547,0.897460938,0.321289063,0.006985439
4.63671875,1.62890625,0.081054688,0.745117188,0.989287223,0.346520603,0.009365234,0.000185547,0.147460938,0.071289063,0.004487939
2.63671875,3.62890625,0.581054688,0.245117188,0.490656148,0.845151678,0.004365234,0.005185547,0.647460938,0.571289063,0.009482939
2.13671875,1.12890625,0.456054688,0.870117188,0.864629454,0.969809447,0.000615234,0.008935547,0.272460938,0.196289063,0.003239189
4.13671875,3.12890625,0.956054688,0.370117188,0.36599838,0.471178372,0.005615234,0.003935547,0.772460938,0.696289063,0.008234189
3.13671875,2.12890625,0.706054688,0.620117188,0.116682842,0.720493909,0.008115234,0.006435547,0.022460938,0.946289063,0.000741689
1.13671875,4.12890625,0.206054688,0.120117188,0.615313917,0.221862835,0.003115234,0.001435547,0.522460938,0.446289063,0.005736689
1.19921875,1.06640625,0.752929688,0.698242188,0.319251717,0.829569457,0.009521484,0.007529297,0.038085938,0.649414063,0.008702471
3.19921875,3.06640625,0.252929688,0.198242188,0.817882791,0.330938382,0.004521484,0.002529297,0.538085938,0.149414063,0.003707471
4.19921875,2.06640625,0.002929688,0.948242188,0.568567254,0.58025392,0.002021484,0.005029297,0.288085938,0.399414063,0.006204971
2.19921875,4.06640625,0.502929688,0.448242188,0.069936179,0.081622845,0.007021484,2.93E-05,0.788085938,0.899414063,0.001209971
2.69921875,2.56640625,0.377929688,0.573242188,0.693225022,0.206280614,0.008271484,0.003779297,0.163085938,0.274414063,0.007453721
4.69921875,4.56640625,0.877929688,0.073242188,0.194593948,0.704911688,0.003271484,0.008779297,0.663085938,0.774414063,0.002458721
3.69921875,1.56640625,0.627929688,0.823242188,0.443909485,0.455596151,0.000771484,0.001279297,0.413085938,0.524414063,0.009951221
1.69921875,3.56640625,0.127929688,0.323242188,0.94254056,0.954227226,0.005771484,0.006279297,0.913085938,0.024414063,0.004956221
1.94921875,2.31640625,0.565429688,0.010742188,0.755553907,0.891898341,0.008896484,0.001904297,0.225585938,0.711914063,0.004331846
3.94921875,4.31640625,0.065429688,0.510742188,0.256922832,0.393267267,0.003896484,0.006904297,0.725585938,0.211914063,0.009326846
4.94921875,1.31640625,0.315429688,0.260742188,0.007607295,0.642582804,0.001396484,0.004404297,0.475585938,0.461914063,0.001834346
2.94921875,3.31640625,0.815429688,0.760742188,0.506238369,0.143951729,0.006396484,0.009404297,0.975585938,0.961914063,0.006829346
2.44921875,1.81640625,0.190429688,0.135742188,0.132265064,0.019293961,0.007646484,0.005654297,0.100585938,0.336914063,0.000585596
4.44921875,3.81640625,0.690429688,0.635742188,0.630896138,0.517925035,0.002646484,0.000654297,0.600585938,0.836914063,0.005580596
3.44921875,2.81640625,0.940429688,0.385742188,0.880211675,0.268609498,0.000146484,0.008154297,0.350585938,0.586914063,0.003083096
1.44921875,4.81640625,0.440429688,0.885742188,0.381580601,0.767240573,0.005146484,0.003154297,0.850585938,0.086914063,0.008078096
1.32421875,2.94140625,0.096679688,0.854492188,0.101100621,0.549089477,0.004833984,0.000966797,0.756835938,0.805664063,0.007141533
3.32421875,4.94140625,0.596679688,0.354492188,0.599731696,0.050458403,0.009833984,0.005966797,0.256835938,0.305664063,0.002146533
4.32421875,1.94140625,0.846679688,0.604492188,0.849047233,0.798405015,0.007333984,0.003466797,0.506835938,0.055664063,0.009639033
2.32421875,3.94140625,0.346679688,0.104492188,0.350416159,0.29977394,0.002333984,0.008466797,0.006835938,0.555664063,0.004644033
2.82421875,1.44140625,0.721679688,0.979492188,0.973705002,0.424431709,0.003583984,0.007216797,0.881835938,0.180664063,0.008390283
4.82421875,3.44140625,0.221679688,0.479492188,0.475073927,0.923062783,0.008583984,0.002216797,0.381835938,0.680664063,0.003395283
3.82421875,2.44140625,0.471679688,0.729492188,0.22575839,0.175116172,0.006083984,0.009716797,0.631835938,0.930664063,0.005892783
1.82421875,4.44140625,0.971679688,0.229492188,0.724389465,0.673747246,0.001083984,0.004716797,0.131835938,0.430664063,0.000897783
1.57421875,1.69140625,0.284179688,0.416992188,0.537402812,0.73607613,0.004208984,0.009091797,0.944335938,0.868164063,0.000273408
3.57421875,3.69140625,0.784179688,0.916992188,0.038771737,0.237445056,0.009208984,0.004091797,0.444335938,0.368164063,0.005268408
4.57421875,2.69140625,0.534179688,0.166992188,0.288087274,0.985391668,0.006708984,0.006591797,0.694335938,0.118164063,0.002770908
2.57421875,4.69140625,0.034179688,0.666992188,0.786718349,0.486760593,0.001708984,0.001591797,0.194335938,0.618164063,0.007765908
2.07421875,2.19140625,0.909179688,0.291992188,0.412745043,0.362102824,0.002958984,0.002841797,0.819335938,0.243164063,0.004019658
4.07421875,4.19140625,0.409179688,0.791992188,0.911376118,0.860733899,0.007958984,0.007841797,0.319335938,0.743164063,0.009014658
3.07421875,1.19140625,0.159179688,0.041992188,0.66206058,0.112787287,0.005458984,0.000341797,0.569335938,0.993164063,0.001522158
1.07421875,3.19140625,0.659179688,0.541992188,0.163429506,0.611418362,0.000458984,0.005341797,0.069335938,0.493164063,0.006517158
1.10546875,1.59765625,0.182617188,0.909179688,0.825673902,0.681538357,0.008193359,0.008701172,0.639648438,0.954101563,0.002692861
3.10546875,3.59765625,0.682617188,0.409179688,0.327042827,0.182907282,0.003193359,0.003701172,0.139648438,0.454101563,0.007687861
4.10546875,2.59765625,0.932617188,0.659179688,0.07772729,0.930853894,0.000693359,0.006201172,0.889648438,0.204101563,0.000195361
2.10546875,4.59765625,0.432617188,0.159179688,0.576358364,0.432222819,0.005693359,0.001201172,0.389648438,0.704101563,0.005190361
2.60546875,2.09765625,0.557617188,0.784179688,0.202385058,0.307565051,0.009443359,0.004951172,0.514648438,0.079101563,0.001444111
4.60546875,4.09765625,0.057617188,0.284179688,0.701016133,0.806196125,0.004443359,0.009951172,0.014648438,0.579101563,0.006439111
3.60546875,1.09765625,0.307617188,0.534179688,0.95033167,0.058249513,0.001943359,0.002451172,0.764648438,0.829101563,0.003941611
1.60546875,3.09765625,0.807617188,0.034179688,0.451700596,0.556880588,0.006943359,0.007451172,0.264648438,0.329101563,0.008936611
1.85546875,2.84765625,0.495117188,0.346679688,0.264713943,0.619209472,0.007568359,0.001826172,0.577148438,0.891601563,0.009560986
3.85546875,4.84765625,0.995117188,0.846679688,0.763345017,0.120578398,0.002568359,0.006826172,0.077148438,0.391601563,0.004565986
4.85546875,1.84765625,0.745117188,0.096679688,0.51402948,0.86852501,6.84E-05,0.004326172,0.827148438,0.141601563,0.007063486
2.85546875,3.84765625,0.245117188,0.596679688,0.015398405,0.369893935,0.005068359,0.009326172,0.327148438,0.641601563,0.002068486
2.35546875,1.34765625,0.870117188,0.471679688,0.638687249,0.494551704,0.008818359,0.005576172,0.702148438,0.016601563,0.005814736
4.35546875,3.34765625,0.370117188,0.971679688,0.140056174,0.993182778,0.003818359,0.000576172,0.202148438,0.516601563,0.000819736
3.35546875,2.34765625,0.120117188,0.221679688,0.389371711,0.245236166,0.001318359,0.008076172,0.952148438,0.766601563,0.008312236
1.35546875,4.34765625,0.620117188,0.721679688,0.888002786,0.743867241,0.006318359,0.003076172,0.452148438,0.266601563,0.003317236
1.48046875,2.47265625,0.963867188,0.502929688,0.607522807,0.962018336,0.003505859,0.000263672,0.420898438,0.610351563,0.001756299
3.48046875,4.47265625,0.463867188,0.002929688,0.108891732,0.463387262,0.008505859,0.005263672,0.920898438,0.110351563,0.006751299
4.48046875,1.47265625,0.213867188,0.752929688,0.358207269,0.712702799,0.006005859,0.002763672,0.170898438,0.360351563,0.004253799
2.48046875,3.47265625,0.713867188,0.252929688,0.856838344,0.214071724,0.001005859,0.007763672,0.670898438,0.860351563,0.009248799
2.98046875,1.97265625,0.338867188,0.627929688,0.482865038,0.089413956,0.004755859,0.006513672,0.295898438,0.485351563,0.003005049
4.98046875,3.97265625,0.838867188,0.127929688,0.981496112,0.58804503,0.009755859,0.001513672,0.795898438,0.985351563,0.008000049
3.98046875,2.97265625,0.588867188,0.877929688,0.732180575,0.338729493,0.007255859,0.009013672,0.045898438,0.735351563,0.000507549
1.98046875,4.97265625,0.088867188,0.377929688,0.233549501,0.837360567,0.002255859,0.004013672,0.545898438,0.235351563,0.005502549
1.73046875,1.22265625,0.651367188,0.190429688,0.046562848,0.775031683,0.002880859,0.009638672,0.358398438,0.547851563,0.006126924
3.73046875,3.22265625,0.151367188,0.690429688,0.545193922,0.276400609,0.007880859,0.004638672,0.858398438,0.047851563,0.001131924
4.73046875,2.22265625,0.401367188,0.440429688,0.794509459,0.525716146,0.005380859,0.007138672,0.108398438,0.297851563,0.008624424
2.73046875,4.22265625,0.901367188,0.940429688,0.295878385,0.027085071,0.000380859,0.002138672,0.608398438,0.797851563,0.003629424
2.23046875,2.72265625,0.026367188,0.065429688,0.919167228,0.15174284,0.004130859,0.003388672,0.483398438,0.422851563,0.009873174
4.23046875,4.72265625,0.526367188,0.565429688,0.420536154,0.650373914,0.009130859,0.008388672,0.983398438,0.922851563,0.004878174
3.23046875,1.72265625,0.776367188,0.315429688,0.171220616,0.401058377,0.006630859,0.000888672,0.233398438,0.672851563,0.007375674
1.23046875,3.72265625,0.276367188,0.815429688,0.669851691,0.899689452,0.001630859,0.005888672,0.733398438,0.172851563,0.002380674
1.16796875,2.53515625,0.698242188,0.487304688,0.404953932,0.042667292,0.005849609,0.004482422,0.217773438,0.969726563,0.004409893
3.16796875,4.53515625,0.198242188,0.987304688,0.903585007,0.541298367,0.000849609,0.009482422,0.717773438,0.469726563,0.009404893
4.16796875,1.53515625,0.448242188,0.237304688,0.65426947,0.29198283,0.003349609,0.001982422,0.467773438,0.219726563,0.001912393
2.16796875,3.53515625,0.948242188,0.737304688,0.155638395,0.790613904,0.008349609,0.006982422,0.967773438,0.719726563,0.006907393
2.66796875,1.03515625,0.073242188,0.362304688,0.529611701,0.915271673,0.007099609,0.008232422,0.092773438,0.094726563,0.000663643
4.66796875,3.03515625,0.573242188,0.862304688,0.030980626,0.416640598,0.002099609,0.003232422,0.592773438,0.594726563,0.005658643
3.66796875,2.03515625,0.823242188,0.112304688,0.280296164,0.665956136,0.004599609,0.005732422,0.342773438,0.844726563,0.003161143
1.66796875,4.03515625,0.323242188,0.612304688,0.778927238,0.167325061,0.009599609,0.000732422,0.842773438,0.344726563,0.008156143
1.91796875,1.78515625,0.885742188,0.799804688,0.965913891,0.229653945,0.005224609,0.005107422,0.030273438,0.907226563,0.007531768
3.91796875,3.78515625,0.385742188,0.299804688,0.467282817,0.72828502,0.000224609,0.000107422,0.530273438,0.407226563,0.002536768
4.91796875,2.78515625,0.135742188,0.549804688,0.217967279,0.478969483,0.002724609,0.007607422,0.280273438,0.157226563,0.005034268
2.91796875,4.78515625,0.635742188,0.049804688,0.716598354,0.977600557,0.007724609,0.002607422,0.780273438,0.657226563,3.93E-05
2.41796875,2.28515625,0.260742188,0.924804688,0.093309511,0.852942789,0.006474609,0.001357422,0.155273438,0.032226563,0.006283018
4.41796875,4.28515625,0.760742188,0.424804688,0.591940585,0.354311714,0.001474609,0.006357422,0.655273438,0.532226563,0.001288018
3.41796875,1.28515625,0.510742188,0.674804688,0.841256123,0.603627251,0.003974609,0.003857422,0.405273438,0.782226563,0.008780518
1.41796875,3.28515625,0.010742188,0.174804688,0.342625048,0.104996177,0.008974609,0.008857422,0.905273438,0.282226563,0.003785518
1.29296875,1.41015625,0.416992188,0.081054688,0.186802837,0.323147272,0.001162109,0.006669922,0.999023438,0.563476563,0.00097583
3.29296875,3.41015625,0.916992188,0.581054688,0.685433912,0.821778346,0.006162109,0.001669922,0.499023438,0.063476563,0.00597083
4.29296875,2.41015625,0.666992188,0.331054688,0.934749449,0.073831734,0.008662109,0.009169922,0.749023438,0.313476563,0.00347333
2.29296875,4.41015625,0.166992188,0.831054688,0.436118375,0.572462809,0.003662109,0.004169922,0.249023438,0.813476563,0.00846833
2.79296875,2.91015625,0.791992188,0.206054688,0.810091681,0.697120578,0.002412109,0.000419922,0.874023438,0.438476563,0.00472208
4.79296875,4.91015625,0.291992188,0.706054688,0.311460606,0.198489503,0.007412109,0.005419922,0.374023438,0.938476563,0.00971708
3.79296875,1.91015625,0.041992188,0.456054688,0.062145069,0.946436115,0.009912109,0.002919922,0.624023438,0.688476563,0.00222458
1.79296875,3.91015625,0.541992188,0.956054688,0.560776143,0.44780504,0.004912109,0.007919922,0.124023438,0.188476563,0.00721958
1.54296875,2.16015625,0.229492188,0.643554688,0.747762796,0.385476156,0.000537109,0.003544922,0.811523438,0.500976563,0.006595205
3.54296875,4.16015625,0.729492188,0.143554688,0.249131722,0.884107231,0.005537109,0.008544922,0.311523438,0.000976563,0.001600205
4.54296875,1.16015625,0.979492188,0.893554688,0.498447259,0.136160619,0.008037109,0.001044922,0.561523438,0.250976563,0.009092705
2.54296875,3.16015625,0.479492188,0.393554688,0.997078334,0.634791693,0.003037109,0.006044922,0.061523438,0.750976563,0.004097705
2.04296875,1.66015625,0.604492188,0.518554688,0.37378949,0.510133925,0.001787109,0.009794922,0.936523438,0.375976563,0.007843955
4.04296875,3.66015625,0.104492188,0.018554688,0.872420565,0.01150285,0.006787109,0.004794922,0.436523438,0.875976563,0.002848955
3.04296875,2.66015625,0.354492188,0.768554688,0.623105028,0.759449462,0.009287109,0.007294922,0.686523438,0.625976563,0.005346455
1.04296875,4.66015625,0.854492188,0.268554688,0.124473953,0.260818387,0.004287109,0.002294922,0.186523438,0.125976563,0.000351455
1.05859375,1.33203125,0.584960938,0.842773438,0.572462809,0.108891732,0.007529297,0.000693359,0.151367188,0.223632813,0.00483915
3.05859375,3.33203125,0.084960938,0.342773438,0.073831734,0.607522807,0.002529297,0.005693359,0.651367188,0.723632813,0.00983415
4.05859375,2.33203125,0.334960938,0.592773438,0.323147272,0.358207269,2.93E-05,0.003193359,0.401367188,0.973632813,0.00234165
2.05859375,4.33203125,0.834960938,0.092773438,0.821778346,0.856838344,0.005029297,0.008193359,0.901367188,0.473632813,0.00733665
2.55859375,2.83203125,0.209960938,0.967773438,0.44780504,0.981496112,0.008779297,0.006943359,0.026367188,0.848632813,0.0010929
4.55859375,4.83203125,0.709960938,0.467773438,0.946436115,0.482865038,0.003779297,0.001943359,0.526367188,0.348632813,0.0060879
3.55859375,1.83203125,0.959960938,0.717773438,0.697120578,0.732180575,0.001279297,0.009443359,0.276367188,0.098632813,0.0035904
1.55859375,3.83203125,0.459960938,0.217773438,0.198489503,0.233549501,0.006279297,0.004443359,0.776367188,0.598632813,0.0085854
1.80859375,2.08203125,0.772460938,0.405273438,0.01150285,0.171220616,0.008154297,0.008818359,0.088867188,0.161132813,0.007961025
3.80859375,4.08203125,0.272460938,0.905273438,0.510133925,0.669851691,0.003154297,0.003818359,0.588867188,0.661132813,0.002966025
4.80859375,1.08203125,0.022460938,0.155273438,0.759449462,0.420536154,0.000654297,0.006318359,0.338867188,0.911132813,0.005463525
2.80859375,3.08203125,0.522460938,0.655273438,0.260818387,0.919167228,0.005654297,0.001318359,0.838867188,0.411132813,0.000468525
2.30859375,1.58203125,0.397460938,0.280273438,0.884107231,0.794509459,0.009404297,0.002568359,0.213867188,0.786132813,0.006712275
4.30859375,3.58203125,0.897460938,0.780273438,0.385476156,0.295878385,0.004404297,0.007568359,0.713867188,0.286132813,0.001717275
3.30859375,2.58203125,0.647460938,0.030273438,0.136160619,0.545193922,0.001904297,6.84E-05,0.463867188,0.036132813,0.009209775
1.30859375,4.58203125,0.147460938,0.530273438,0.634791693,0.046562848,0.006904297,0.005068359,0.963867188,0.536132813,0.004214775
1.43359375,2.70703125,0.303710938,0.749023438,0.852942789,0.264713943,0.002841797,0.007880859,0.932617188,0.317382813,0.000780713
3.43359375,4.70703125,0.803710938,0.249023438,0.354311714,0.763345017,0.007841797,0.002880859,0.432617188,0.817382813,0.005775713
4.43359375,1.70703125,0.553710938,0.999023438,0.104996177,0.015398405,0.005341797,0.005380859,0.682617188,0.567382813,0.003278213
2.43359375,3.70703125,0.053710938,0.499023438,0.603627251,0.51402948,0.000341797,0.000380859,0.182617188,0.067382813,0.008273213
2.93359375,1.20703125,0.928710938,0.624023438,0.229653945,0.638687249,0.004091797,0.004130859,0.807617188,0.692382813,0.004526963
4.93359375,3.20703125,0.428710938,0.124023438,0.72828502,0.140056174,0.009091797,0.009130859,0.307617188,0.192382813,0.009521963
3.93359375,2.20703125,0.178710938,0.874023438,0.977600557,0.888002786,0.006591797,0.001630859,0.557617188,0.442382813,0.002029463
1.93359375,4.20703125,0.678710938,0.374023438,0.478969483,0.389371711,0.001591797,0.006630859,0.057617188,0.942382813,0.007024463
1.68359375,1.95703125,0.116210938,0.061523438,0.29198283,0.451700596,0.003466797,0.002255859,0.870117188,0.254882813,0.006400088
3.68359375,3.95703125,0.616210938,0.561523438,0.790613904,0.95033167,0.008466797,0.007255859,0.370117188,0.754882813,0.001405088
4.68359375,2.95703125,0.866210938,0.311523438,0.541298367,0.202385058,0.005966797,0.004755859,0.620117188,0.504882813,0.008897588
2.68359375,4.95703125,0.366210938,0.811523438,0.042667292,0.701016133,0.000966797,0.009755859,0.120117188,0.004882813,0.003902588
2.18359375,2.45703125,0.741210938,0.186523438,0.665956136,0.576358364,0.004716797,0.006005859,0.995117188,0.629882813,0.007648838
4.18359375,4.45703125,0.241210938,0.686523438,0.167325061,0.07772729,0.009716797,0.001005859,0.495117188,0.129882813,0.002653838
3.18359375,1.45703125,0.491210938,0.436523438,0.416640598,0.825673902,0.007216797,0.008505859,0.745117188,0.379882813,0.005151338
1.18359375,3.45703125,0.991210938,0.936523438,0.915271673,0.327042827,0.002216797,0.003505859,0.245117188,0.879882813,0.000156338
1.24609375,2.26953125,0.038085938,0.264648438,0.15174284,0.747762796,0.005185547,0.007412109,0.698242188,0.208007813,0.003122119
3.24609375,4.26953125,0.538085938,0.764648438,0.650373914,0.249131722,0.000185547,0.002412109,0.198242188,0.708007813,0.008117119
4.24609375,1.26953125,0.788085938,0.014648438,0.899689452,0.997078334,0.002685547,0.009912109,0.948242188,0.958007813,0.000624619
2.24609375,3.26953125,0.288085938,0.514648438,0.401058377,0.498447259,0.007685547,0.004912109,0.448242188,0.458007813,0.005619619
2.74609375,1.76953125,0.663085938,0.389648438,0.775031683,0.37378949,0.006435547,0.001162109,0.573242188,0.833007813,0.001873369
4.74609375,3.76953125,0.163085938,0.889648438,0.276400609,0.872420565,0.001435547,0.006162109,0.073242188,0.333007813,0.006868369
3.74609375,2.76953125,0.413085938,0.139648438,0.027085071,0.124473953,0.003935547,0.003662109,0.823242188,0.083007813,0.004370869
1.74609375,4.76953125,0.913085938,0.639648438,0.525716146,0.623105028,0.008935547,0.008662109,0.323242188,0.583007813,0.009365869
1.99609375,1.01953125,0.350585938,0.952148438,0.712702799,0.560776143,0.005810547,0.003037109,0.510742188,0.145507813,0.009990244
3.99609375,3.01953125,0.850585938,0.452148438,0.214071724,0.062145069,0.000810547,0.008037109,0.010742188,0.645507813,0.004995244
4.99609375,2.01953125,0.600585938,0.702148438,0.463387262,0.810091681,0.003310547,0.000537109,0.760742188,0.895507813,0.007492744
2.99609375,4.01953125,0.100585938,0.202148438,0.962018336,0.311460606,0.008310547,0.005537109,0.260742188,0.395507813,0.002497744
2.49609375,2.51953125,0.975585938,0.827148438,0.338729493,0.436118375,0.007060547,0.009287109,0.635742188,0.770507813,0.006243994
4.49609375,4.51953125,0.475585938,0.327148438,0.837360567,0.934749449,0.002060547,0.004287109,0.135742188,0.270507813,0.001248994
3.49609375,1.51953125,0.225585938,0.577148438,0.58804503,0.186802837,0.004560547,0.006787109,0.885742188,0.020507813,0.008741494
1.49609375,3.51953125,0.725585938,0.077148438,0.089413956,0.685433912,0.009560547,0.001787109,0.385742188,0.520507813,0.003746494
1.37109375,1.64453125,0.819335938,0.170898438,0.432222819,0.903585007,0.000498047,0.003974609,0.479492188,0.364257813,0.001561182
3.37109375,3.64453125,0.319335938,0.670898438,0.930853894,0.404953932,0.005498047,0.008974609,0.979492188,0.864257813,0.006556182
4.37109375,2.64453125,0.069335938,0.420898438,0.681538357,0.65426947,0.007998047,0.001474609,0.229492188,0.614257813,0.004058682
2.37109375,4.64453125,0.569335938,0.920898438,0.182907282,0.155638395,0.002998047,0.006474609,0.729492188,0.114257813,0.009053682
2.87109375,2.14453125,0.444335938,0.045898438,0.556880588,0.030980626,0.001748047,0.007724609,0.354492188,0.739257813,0.002809932
4.87109375,4.14453125,0.944335938,0.545898438,0.058249513,0.529611701,0.006748047,0.002724609,0.854492188,0.239257813,0.007804932
3.87109375,1.14453125,0.694335938,0.295898438,0.307565051,0.280296164,0.009248047,0.005224609,0.104492188,0.489257813,0.000312432
1.87109375,3.14453125,0.194335938,0.795898438,0.806196125,0.778927238,0.004248047,0.000224609,0.604492188,0.989257813,0.005307432
1.62109375,2.89453125,0.506835938,0.608398438,0.993182778,0.841256123,0.001123047,0.005849609,0.291992188,0.301757813,0.005931807
3.62109375,4.89453125,0.006835938,0.108398438,0.494551704,0.342625048,0.006123047,0.000849609,0.791992188,0.801757813,0.000936807
4.62109375,1.89453125,0.256835938,0.858398438,0.245236166,0.591940585,0.008623047,0.008349609,0.041992188,0.551757813,0.008429307
2.62109375,3.89453125,0.756835938,0.358398438,0.743867241,0.093309511,0.003623047,0.003349609,0.541992188,0.051757813,0.003434307
2.12109375,1.39453125,0.131835938,0.733398438,0.120578398,0.217967279,0.002373047,0.002099609,0.416992188,0.676757813,0.009678057
4.12109375,3.39453125,0.631835938,0.233398438,0.619209472,0.716598354,0.007373047,0.007099609,0.916992188,0.176757813,0.004683057
3.12109375,2.39453125,0.881835938,0.983398438,0.86852501,0.467282817,0.009873047,0.004599609,0.166992188,0.426757813,0.007180557
1.12109375,4.39453125,0.381835938,0.483398438,0.369893935,0.965913891,0.004873047,0.009599609,0.666992188,0.926757813,0.002185557
1.08984375,2.80078125,0.905273438,0.100585938,0.642582804,0.771136128,0.006513672,0.006396484,0.096679688,0.403320313,0.00835126
3.08984375,4.80078125,0.405273438,0.600585938,0.143951729,0.272505053,0.001513672,0.001396484,0.596679688,0.903320313,0.00335626
4.08984375,1.80078125,0.155273438,0.350585938,0.393267267,0.521820591,0.004013672,0.008896484,0.346679688,0.653320313,0.00585376
2.08984375,3.80078125,0.655273438,0.850585938,0.891898341,0.023189516,0.009013672,0.003896484,0.846679688,0.153320313,0.00085876
2.58984375,1.30078125,0.280273438,0.225585938,0.268609498,0.147847285,0.005263672,0.000146484,0.221679688,0.528320313,0.00710251
4.58984375,3.30078125,0.780273438,0.725585938,0.767240573,0.646478359,0.000263672,0.005146484,0.721679688,0.028320313,0.00210751
3.58984375,2.30078125,0.530273438,0.475585938,0.517925035,0.397162822,0.002763672,0.002646484,0.471679688,0.278320313,0.00960001
1.58984375,4.30078125,0.030273438,0.975585938,0.019293961,0.895793897,0.007763672,0.007646484,0.971679688,0.778320313,0.00460501
1.83984375,1.55078125,0.717773438,0.663085938,0.206280614,0.958122781,0.007138672,0.003271484,0.159179688,0.465820313,0.003980635
3.83984375,3.55078125,0.217773438,0.163085938,0.704911688,0.459491706,0.002138672,0.008271484,0.659179688,0.965820313,0.008975635
4.83984375,2.55078125,0.467773438,0.913085938,0.954227226,0.708807244,0.004638672,0.000771484,0.409179688,0.715820313,0.001483135
2.83984375,4.55078125,0.967773438,0.413085938,0.455596151,0.210176169,0.009638672,0.005771484,0.909179688,0.215820313,0.006478135
2.33984375,2.05078125,0.092773438,0.538085938,0.829569457,0.0855184,0.005888672,0.009521484,0.034179688,0.590820313,0.000234385
4.33984375,4.05078125,0.592773438,0.038085938,0.330938382,0.584149475,0.000888672,0.004521484,0.534179688,0.090820313,0.005229385
3.33984375,1.05078125,0.842773438,0.788085938,0.081622845,0.334833938,0.003388672,0.007021484,0.284179688,0.340820313,0.002731885
1.33984375,3.05078125,0.342773438,0.288085938,0.58025392,0.833465012,0.008388672,0.002021484,0.784179688,0.840820313,0.007726885
1.46484375,1.17578125,0.249023438,0.444335938,0.923062783,0.615313917,0.001826172,0.004833984,0.815429688,0.059570313,0.007414697
3.46484375,3.17578125,0.749023438,0.944335938,0.424431709,0.116682842,0.006826172,0.009833984,0.315429688,0.559570313,0.002419697
4.46484375,2.17578125,0.999023438,0.194335938,0.175116172,0.864629454,0.009326172,0.002333984,0.565429688,0.809570313,0.009912197
2.46484375,4.17578125,0.499023438,0.694335938,0.673747246,0.36599838,0.004326172,0.007333984,0.065429688,0.309570313,0.004917197
2.96484375,2.67578125,0.624023438,0.319335938,0.050458403,0.490656148,0.000576172,0.008583984,0.940429688,0.934570313,0.008663447
4.96484375,4.67578125,0.124023438,0.819335938,0.549089477,0.989287223,0.005576172,0.003583984,0.440429688,0.434570313,0.003668447
3.96484375,1.67578125,0.374023438,0.069335938,0.798405015,0.241340611,0.008076172,0.006083984,0.690429688,0.184570313,0.006165947
1.96484375,3.67578125,0.874023438,0.569335938,0.29977394,0.739971686,0.003076172,0.001083984,0.190429688,0.684570313,0.001170947
1.71484375,2.42578125,0.436523438,0.756835938,0.486760593,0.677642801,0.002451172,0.005458984,0.877929688,0.122070313,0.000546572
3.71484375,4.42578125,0.936523438,0.256835938,0.985391668,0.179011727,0.007451172,0.000458984,0.377929688,0.622070313,0.005541572
4.71484375,1.42578125,0.686523438,0.506835938,0.73607613,0.926958339,0.009951172,0.007958984,0.627929688,0.872070313,0.003044072
2.71484375,3.42578125,0.186523438,0.006835938,0.237445056,0.428327264,0.004951172,0.002958984,0.127929688,0.372070313,0.008039072
2.21484375,1.92578125,0.811523438,0.881835938,0.611418362,0.303669495,0.001201172,0.001708984,0.752929688,0.997070313,0.004292822
4.21484375,3.92578125,0.311523438,0.381835938,0.112787287,0.80230057,0.006201172,0.006708984,0.252929688,0.497070313,0.009287822
3.21484375,2.92578125,0.061523438,0.631835938,0.362102824,0.054353958,0.008701172,0.004208984,0.502929688,0.247070313,0.001795322
1.21484375,4.92578125,0.561523438,0.131835938,0.860733899,0.552985033,0.003701172,0.009208984,0.002929688,0.747070313,0.006790322
1.15234375,1.86328125,0.483398438,0.553710938,0.066040624,0.381580601,0.008857422,0.000615234,0.549804688,0.418945313,0.008819541
3.15234375,3.86328125,0.983398438,0.053710938,0.564671699,0.880211675,0.003857422,0.005615234,0.049804688,0.918945313,0.003824541
4.15234375,2.86328125,0.733398438,0.803710938,0.813987236,0.132265064,0.001357422,0.003115234,0.799804688,0.668945313,0.006322041
2.15234375,4.86328125,0.233398438,0.303710938,0.315356161,0.630896138,0.006357422,0.008115234,0.299804688,0.168945313,0.001327041
2.65234375,2.36328125,0.858398438,0.678710938,0.938645004,0.506238369,0.007607422,0.006865234,0.674804688,0.543945313,0.005073291
4.65234375,4.36328125,0.358398438,0.178710938,0.44001393,0.007607295,0.002607422,0.001865234,0.174804688,0.043945313,7.83E-05
3.65234375,1.36328125,0.108398438,0.928710938,0.190698393,0.755553907,0.000107422,0.009365234,0.924804688,0.293945313,0.007570791
1.65234375,3.36328125,0.608398438,0.428710938,0.689329467,0.256922832,0.005107422,0.004365234,0.424804688,0.793945313,0.002575791
1.90234375,2.61328125,0.170898438,0.241210938,0.502342814,0.319251717,0.009482422,0.009990234,0.737304688,0.481445313,0.003200166
3.90234375,4.61328125,0.670898438,0.741210938,0.00371174,0.817882791,0.004482422,0.004990234,0.237304688,0.981445313,0.008195166
4.90234375,1.61328125,0.920898438,0.491210938,0.253027277,0.069936179,0.001982422,0.007490234,0.987304688,0.731445313,0.000702666
2.90234375,3.61328125,0.420898438,0.991210938,0.751658352,0.568567254,0.006982422,0.002490234,0.487304688,0.231445313,0.005697666
2.40234375,1.11328125,0.545898438,0.116210938,0.377685046,0.693225022,0.008232422,0.003740234,0.612304688,0.606445313,0.001951416
4.40234375,3.11328125,0.045898438,0.616210938,0.87631612,0.194593948,0.003232422,0.008740234,0.112304688,0.106445313,0.006946416
3.40234375,2.11328125,0.295898438,0.366210938,0.627000583,0.94254056,0.000732422,0.001240234,0.862304688,0.356445313,0.004448916
1.40234375,4.11328125,0.795898438,0.866210938,0.128369508,0.443909485,0.005732422,0.006240234,0.362304688,0.856445313,0.009443916
1.27734375,2.23828125,0.639648438,0.897460938,0.346520603,0.22575839,0.004169922,0.008427734,0.268554688,0.012695313,0.005385479
3.27734375,4.23828125,0.139648438,0.397460938,0.845151678,0.724389465,0.009169922,0.003427734,0.768554688,0.512695313,0.000390479
2.012,1.243,0.116,0.126,0.938,0.022,0.000253,0.000585,0.018554688,0.762695313,0.007882979