"date","time","RSVpos","fluApos","fluBpos","HHS_REGION"
2013.5095890411,2.50958904109598,0,1,0,"1"
2013.5095890411,2.50958904109598,2,28,0,"2"
2013.5095890411,2.50958904109598,1,0,0,"3"
2013.5095890411,2.50958904109598,3,22,4,"4"
2013.5095890411,2.50958904109598,0,10,2,"5"
2013.5095890411,2.50958904109598,3,1,0,"6"
2013.5095890411,2.50958904109598,1,0,0,"7"
2013.5095890411,2.50958904109598,1,1,0,"8"
2013.5095890411,2.50958904109598,5,5,22,"9"
2013.5095890411,2.50958904109598,0,1,0,"10"
2013.52876712329,2.52876712328771,0,2,0,"1"
2013.52876712329,2.52876712328771,1,8,2,"2"
2013.52876712329,2.52876712328771,2,1,0,"3"
2013.52876712329,2.52876712328771,8,23,4,"4"
2013.52876712329,2.52876712328771,3,7,0,"5"
2013.52876712329,2.52876712328771,5,3,0,"6"
2013.52876712329,2.52876712328771,0,0,0,"7"
2013.52876712329,2.52876712328771,0,4,0,"8"
2013.52876712329,2.52876712328771,1,7,19,"9"
2013.52876712329,2.52876712328771,0,4,0,"10"
2013.54794520548,2.54794520547944,0,2,0,"1"
2013.54794520548,2.54794520547944,5,12,0,"2"
2013.54794520548,2.54794520547944,1,0,0,"3"
2013.54794520548,2.54794520547944,4,31,2,"4"
2013.54794520548,2.54794520547944,3,1,0,"5"
2013.54794520548,2.54794520547944,5,1,1,"6"
2013.54794520548,2.54794520547944,1,1,0,"7"
2013.54794520548,2.54794520547944,1,3,0,"8"
2013.54794520548,2.54794520547944,4,26,10,"9"
2013.54794520548,2.54794520547944,1,9,1,"10"
2013.56712328767,2.56712328767117,0,0,0,"1"
2013.56712328767,2.56712328767117,2,12,0,"2"
2013.56712328767,2.56712328767117,2,8,0,"3"
2013.56712328767,2.56712328767117,3,26,6,"4"
2013.56712328767,2.56712328767117,2,2,1,"5"
2013.56712328767,2.56712328767117,6,0,2,"6"
2013.56712328767,2.56712328767117,0,0,0,"7"
2013.56712328767,2.56712328767117,0,2,0,"8"
2013.56712328767,2.56712328767117,1,5,5,"9"
2013.56712328767,2.56712328767117,0,5,0,"10"
2013.58630136986,2.58630136986312,0,1,0,"1"
2013.58630136986,2.58630136986312,7,5,1,"2"
2013.58630136986,2.58630136986312,0,5,0,"3"
2013.58630136986,2.58630136986312,8,31,2,"4"
2013.58630136986,2.58630136986312,2,2,0,"5"
2013.58630136986,2.58630136986312,6,3,0,"6"
2013.58630136986,2.58630136986312,0,0,0,"7"
2013.58630136986,2.58630136986312,0,2,0,"8"
2013.58630136986,2.58630136986312,1,2,7,"9"
2013.58630136986,2.58630136986312,0,7,0,"10"
2013.60547945205,2.60547945205485,0,0,0,"1"
2013.60547945205,2.60547945205485,6,12,0,"2"
2013.60547945205,2.60547945205485,0,1,0,"3"
2013.60547945205,2.60547945205485,9,30,5,"4"
2013.60547945205,2.60547945205485,5,3,0,"5"
2013.60547945205,2.60547945205485,4,13,2,"6"
2013.60547945205,2.60547945205485,0,0,0,"7"
2013.60547945205,2.60547945205485,0,0,0,"8"
2013.60547945205,2.60547945205485,1,4,13,"9"
2013.60547945205,2.60547945205485,0,6,0,"10"
2013.62465753425,2.62465753424658,0,5,0,"1"
2013.62465753425,2.62465753424658,3,11,0,"2"
2013.62465753425,2.62465753424658,0,0,0,"3"
2013.62465753425,2.62465753424658,12,28,2,"4"
2013.62465753425,2.62465753424658,1,2,0,"5"
2013.62465753425,2.62465753424658,4,7,0,"6"
2013.62465753425,2.62465753424658,0,0,0,"7"
2013.62465753425,2.62465753424658,0,5,1,"8"
2013.62465753425,2.62465753424658,2,5,9,"9"
2013.62465753425,2.62465753424658,0,3,0,"10"
2013.64383561644,2.64383561643831,0,0,0,"1"
2013.64383561644,2.64383561643831,4,3,0,"2"
2013.64383561644,2.64383561643831,1,0,0,"3"
2013.64383561644,2.64383561643831,9,35,5,"4"
2013.64383561644,2.64383561643831,3,2,0,"5"
2013.64383561644,2.64383561643831,5,5,1,"6"
2013.64383561644,2.64383561643831,0,2,0,"7"
2013.64383561644,2.64383561643831,30,0,0,"8"
2013.64383561644,2.64383561643831,1,3,6,"9"
2013.64383561644,2.64383561643831,0,2,0,"10"
2013.66301369863,2.66301369863004,0,1,0,"1"
2013.66301369863,2.66301369863004,2,3,0,"2"
2013.66301369863,2.66301369863004,2,1,0,"3"
2013.66301369863,2.66301369863004,22,43,1,"4"
2013.66301369863,2.66301369863004,2,3,0,"5"
2013.66301369863,2.66301369863004,9,2,0,"6"
2013.66301369863,2.66301369863004,0,1,0,"7"
2013.66301369863,2.66301369863004,0,1,0,"8"
2013.66301369863,2.66301369863004,2,1,2,"9"
2013.66301369863,2.66301369863004,1,1,0,"10"
2013.68219178082,2.682191780822,0,0,0,"1"
2013.68219178082,2.682191780822,1,11,0,"2"
2013.68219178082,2.682191780822,2,2,0,"3"
2013.68219178082,2.682191780822,12,78,4,"4"
2013.68219178082,2.682191780822,4,2,0,"5"
2013.68219178082,2.682191780822,7,17,2,"6"
2013.68219178082,2.682191780822,0,1,2,"7"
2013.68219178082,2.682191780822,1,0,0,"8"
2013.68219178082,2.682191780822,6,1,2,"9"
2013.68219178082,2.682191780822,0,1,0,"10"
2013.70136986301,2.70136986301372,1,0,0,"1"
2013.70136986301,2.70136986301372,0,10,0,"2"
2013.70136986301,2.70136986301372,1,0,1,"3"
2013.70136986301,2.70136986301372,7,71,10,"4"
2013.70136986301,2.70136986301372,3,5,0,"5"
2013.70136986301,2.70136986301372,7,8,0,"6"
2013.70136986301,2.70136986301372,0,0,0,"7"
2013.70136986301,2.70136986301372,0,2,0,"8"
2013.70136986301,2.70136986301372,4,2,1,"9"
2013.70136986301,2.70136986301372,0,4,1,"10"
2013.72054794521,2.72054794520545,0,0,0,"1"
2013.72054794521,2.72054794520545,0,27,0,"2"
2013.72054794521,2.72054794520545,1,0,0,"3"
2013.72054794521,2.72054794520545,7,68,4,"4"
2013.72054794521,2.72054794520545,2,1,0,"5"
2013.72054794521,2.72054794520545,12,6,2,"6"
2013.72054794521,2.72054794520545,0,1,0,"7"
2013.72054794521,2.72054794520545,1,4,0,"8"
2013.72054794521,2.72054794520545,6,3,1,"9"
2013.72054794521,2.72054794520545,4,5,0,"10"
2013.7397260274,2.73972602739718,0,3,0,"1"
2013.7397260274,2.73972602739718,0,20,0,"2"
2013.7397260274,2.73972602739718,4,0,0,"3"
2013.7397260274,2.73972602739718,5,66,14,"4"
2013.7397260274,2.73972602739718,10,1,0,"5"
2013.7397260274,2.73972602739718,22,2,3,"6"
2013.7397260274,2.73972602739718,0,1,0,"7"
2013.7397260274,2.73972602739718,0,3,2,"8"
2013.7397260274,2.73972602739718,4,3,2,"9"
2013.7397260274,2.73972602739718,1,3,1,"10"
2013.75890410959,2.75890410958914,0,0,0,"1"
2013.75890410959,2.75890410958914,0,31,1,"2"
2013.75890410959,2.75890410958914,3,1,0,"3"
2013.75890410959,2.75890410958914,9,116,14,"4"
2013.75890410959,2.75890410958914,1,2,0,"5"
2013.75890410959,2.75890410958914,29,1,3,"6"
2013.75890410959,2.75890410958914,1,1,0,"7"
2013.75890410959,2.75890410958914,1,6,1,"8"
2013.75890410959,2.75890410958914,5,7,1,"9"
2013.75890410959,2.75890410958914,3,3,0,"10"
2013.77808219178,2.77808219178087,0,0,0,"1"
2013.77808219178,2.77808219178087,0,9,3,"2"
2013.77808219178,2.77808219178087,1,4,0,"3"
2013.77808219178,2.77808219178087,25,123,17,"4"
2013.77808219178,2.77808219178087,8,5,1,"5"
2013.77808219178,2.77808219178087,25,7,0,"6"
2013.77808219178,2.77808219178087,1,4,1,"7"
2013.77808219178,2.77808219178087,0,5,4,"8"
2013.77808219178,2.77808219178087,10,8,1,"9"
2013.77808219178,2.77808219178087,1,1,1,"10"
2013.79726027397,2.7972602739726,1,1,0,"1"
2013.79726027397,2.7972602739726,0,6,0,"2"
2013.79726027397,2.7972602739726,1,2,0,"3"
2013.79726027397,2.7972602739726,62,144,26,"4"
2013.79726027397,2.7972602739726,8,5,0,"5"
2013.79726027397,2.7972602739726,45,11,2,"6"
2013.79726027397,2.7972602739726,1,0,1,"7"
2013.79726027397,2.7972602739726,0,4,1,"8"
2013.79726027397,2.7972602739726,3,17,1,"9"
2013.79726027397,2.7972602739726,2,7,1,"10"
2013.81643835616,2.81643835616433,1,0,0,"1"
2013.81643835616,2.81643835616433,0,7,0,"2"
2013.81643835616,2.81643835616433,3,1,1,"3"
2013.81643835616,2.81643835616433,97,99,14,"4"
2013.81643835616,2.81643835616433,8,8,0,"5"
2013.81643835616,2.81643835616433,56,8,3,"6"
2013.81643835616,2.81643835616433,4,0,4,"7"
2013.81643835616,2.81643835616433,1,9,4,"8"
2013.81643835616,2.81643835616433,6,19,0,"9"
2013.81643835616,2.81643835616433,0,8,0,"10"
2013.83561643836,2.83561643835606,2,3,0,"1"
2013.83561643836,2.83561643835606,25,4,0,"2"
2013.83561643836,2.83561643835606,6,13,0,"3"
2013.83561643836,2.83561643835606,118,121,11,"4"
2013.83561643836,2.83561643835606,18,7,0,"5"
2013.83561643836,2.83561643835606,60,20,3,"6"
2013.83561643836,2.83561643835606,8,2,0,"7"
2013.83561643836,2.83561643835606,0,7,0,"8"
2013.83561643836,2.83561643835606,7,11,0,"9"
2013.83561643836,2.83561643835606,0,6,0,"10"
2013.85479452055,2.85479452054801,4,4,0,"1"
2013.85479452055,2.85479452054801,60,6,0,"2"
2013.85479452055,2.85479452054801,9,1,1,"3"
2013.85479452055,2.85479452054801,129,148,23,"4"
2013.85479452055,2.85479452054801,36,11,5,"5"
2013.85479452055,2.85479452054801,69,17,3,"6"
2013.85479452055,2.85479452054801,14,2,3,"7"
2013.85479452055,2.85479452054801,3,35,2,"8"
2013.85479452055,2.85479452054801,15,17,4,"9"
2013.85479452055,2.85479452054801,2,9,2,"10"
2013.87397260274,2.87397260273974,9,3,0,"1"
2013.87397260274,2.87397260273974,71,11,2,"2"
2013.87397260274,2.87397260273974,12,4,1,"3"
2013.87397260274,2.87397260273974,138,183,17,"4"
2013.87397260274,2.87397260273974,25,19,3,"5"
2013.87397260274,2.87397260273974,111,60,6,"6"
2013.87397260274,2.87397260273974,13,8,1,"7"
2013.87397260274,2.87397260273974,6,39,7,"8"
2013.87397260274,2.87397260273974,7,20,4,"9"
2013.87397260274,2.87397260273974,13,10,2,"10"
2013.89315068493,2.89315068493147,3,7,0,"1"
2013.89315068493,2.89315068493147,79,17,4,"2"
2013.89315068493,2.89315068493147,17,12,2,"3"
2013.89315068493,2.89315068493147,192,172,21,"4"
2013.89315068493,2.89315068493147,60,34,0,"5"
2013.89315068493,2.89315068493147,127,94,6,"6"
2013.89315068493,2.89315068493147,26,14,0,"7"
2013.89315068493,2.89315068493147,2,93,2,"8"
2013.89315068493,2.89315068493147,21,28,2,"9"
2013.89315068493,2.89315068493147,3,10,0,"10"
2013.91232876712,2.9123287671232,8,6,1,"1"
2013.91232876712,2.9123287671232,157,22,2,"2"
2013.91232876712,2.9123287671232,34,26,4,"3"
2013.91232876712,2.9123287671232,145,214,44,"4"
2013.91232876712,2.9123287671232,72,59,2,"5"
2013.91232876712,2.9123287671232,128,105,4,"6"
2013.91232876712,2.9123287671232,23,22,0,"7"
2013.91232876712,2.9123287671232,4,149,0,"8"
2013.91232876712,2.9123287671232,12,30,0,"9"
2013.91232876712,2.9123287671232,11,27,0,"10"
2013.93150684932,2.93150684931516,9,11,0,"1"
2013.93150684932,2.93150684931516,152,25,2,"2"
2013.93150684932,2.93150684931516,42,32,1,"3"
2013.93150684932,2.93150684931516,155,248,28,"4"
2013.93150684932,2.93150684931516,119,66,2,"5"
2013.93150684932,2.93150684931516,169,138,5,"6"
2013.93150684932,2.93150684931516,33,35,1,"7"
2013.93150684932,2.93150684931516,6,223,1,"8"
2013.93150684932,2.93150684931516,22,48,2,"9"
2013.93150684932,2.93150684931516,13,30,0,"10"
2013.95068493151,2.95068493150688,23,29,4,"1"
2013.95068493151,2.95068493150688,140,39,10,"2"
2013.95068493151,2.95068493150688,64,74,2,"3"
2013.95068493151,2.95068493150688,144,483,37,"4"
2013.95068493151,2.95068493150688,142,150,2,"5"
2013.95068493151,2.95068493150688,164,356,6,"6"
2013.95068493151,2.95068493150688,45,45,0,"7"
2013.95068493151,2.95068493150688,13,333,3,"8"
2013.95068493151,2.95068493150688,26,61,5,"9"
2013.95068493151,2.95068493150688,13,80,0,"10"
2013.9698630137,2.96986301369861,24,26,2,"1"
2013.9698630137,2.96986301369861,140,93,6,"2"
2013.9698630137,2.96986301369861,58,100,2,"3"
2013.9698630137,2.96986301369861,82,451,25,"4"
2013.9698630137,2.96986301369861,187,169,2,"5"
2013.9698630137,2.96986301369861,182,580,9,"6"
2013.9698630137,2.96986301369861,43,89,0,"7"
2013.9698630137,2.96986301369861,10,427,1,"8"
2013.9698630137,2.96986301369861,36,99,3,"9"
2013.9698630137,2.96986301369861,38,167,2,"10"
2013.98904109589,2.98904109589034,33,65,1,"1"
2013.98904109589,2.98904109589034,173,141,3,"2"
2013.98904109589,2.98904109589034,92,208,2,"3"
2013.98904109589,2.98904109589034,101,705,32,"4"
2013.98904109589,2.98904109589034,271,240,1,"5"
2013.98904109589,2.98904109589034,204,1274,21,"6"
2013.98904109589,2.98904109589034,46,133,0,"7"
2013.98904109589,2.98904109589034,25,605,2,"8"
2013.98904109589,2.98904109589034,32,221,3,"9"
2013.98904109589,2.98904109589034,55,296,2,"10"
2014.02739726027,3.02739726027403,52,158,3,"1"
2014.02739726027,3.02739726027403,112,291,3,"2"
2014.02739726027,3.02739726027403,91,413,3,"3"
2014.02739726027,3.02739726027403,41,560,44,"4"
2014.02739726027,3.02739726027403,328,571,1,"5"
2014.02739726027,3.02739726027403,217,1022,21,"6"
2014.02739726027,3.02739726027403,53,189,0,"7"
2014.02739726027,3.02739726027403,60,987,1,"8"
2014.02739726027,3.02739726027403,68,522,10,"9"
2014.02739726027,3.02739726027403,84,386,2,"10"
2014.04657534247,3.04657534246576,43,261,3,"1"
2014.04657534247,3.04657534246576,116,331,0,"2"
2014.04657534247,3.04657534246576,97,494,1,"3"
2014.04657534247,3.04657534246576,84,543,51,"4"
2014.04657534247,3.04657534246576,266,574,0,"5"
2014.04657534247,3.04657534246576,197,831,21,"6"
2014.04657534247,3.04657534246576,52,200,0,"7"
2014.04657534247,3.04657534246576,51,712,0,"8"
2014.04657534247,3.04657534246576,75,676,14,"9"
2014.04657534247,3.04657534246576,76,344,1,"10"
2014.06575342466,3.06575342465749,68,293,3,"1"
2014.06575342466,3.06575342465749,95,360,2,"2"
2014.06575342466,3.06575342465749,81,563,1,"3"
2014.06575342466,3.06575342465749,42,497,59,"4"
2014.06575342466,3.06575342465749,272,407,0,"5"
2014.06575342466,3.06575342465749,210,686,26,"6"
2014.06575342466,3.06575342465749,51,177,0,"7"
2014.06575342466,3.06575342465749,75,549,8,"8"
2014.06575342466,3.06575342465749,93,741,27,"9"
2014.06575342466,3.06575342465749,93,276,5,"10"
2014.08493150685,3.08493150684922,65,271,2,"1"
2014.08493150685,3.08493150684922,41,430,9,"2"
2014.08493150685,3.08493150684922,58,577,6,"3"
2014.08493150685,3.08493150684922,41,373,69,"4"
2014.08493150685,3.08493150684922,274,401,7,"5"
2014.08493150685,3.08493150684922,203,464,39,"6"
2014.08493150685,3.08493150684922,61,112,0,"7"
2014.08493150685,3.08493150684922,85,323,9,"8"
2014.08493150685,3.08493150684922,96,690,42,"9"
2014.08493150685,3.08493150684922,78,176,2,"10"
2014.10410958904,3.10410958904117,54,238,4,"1"
2014.10410958904,3.10410958904117,31,335,13,"2"
2014.10410958904,3.10410958904117,62,450,7,"3"
2014.10410958904,3.10410958904117,44,340,65,"4"
2014.10410958904,3.10410958904117,209,271,6,"5"
2014.10410958904,3.10410958904117,175,310,32,"6"
2014.10410958904,3.10410958904117,58,96,1,"7"
2014.10410958904,3.10410958904117,111,238,5,"8"
2014.10410958904,3.10410958904117,113,416,40,"9"
2014.10410958904,3.10410958904117,83,121,2,"10"
2014.12328767123,3.1232876712329,79,192,2,"1"
2014.12328767123,3.1232876712329,38,301,21,"2"
2014.12328767123,3.1232876712329,38,491,10,"3"
2014.12328767123,3.1232876712329,33,264,72,"4"
2014.12328767123,3.1232876712329,207,187,2,"5"
2014.12328767123,3.1232876712329,151,211,53,"6"
2014.12328767123,3.1232876712329,50,53,4,"7"
2014.12328767123,3.1232876712329,166,160,0,"8"
2014.12328767123,3.1232876712329,107,308,51,"9"
2014.12328767123,3.1232876712329,83,91,4,"10"
2014.14246575342,3.14246575342463,82,161,6,"1"
2014.14246575342,3.14246575342463,44,245,31,"2"
2014.14246575342,3.14246575342463,48,373,11,"3"
2014.14246575342,3.14246575342463,22,176,51,"4"
2014.14246575342,3.14246575342463,213,146,1,"5"
2014.14246575342,3.14246575342463,127,141,65,"6"
2014.14246575342,3.14246575342463,57,40,1,"7"
2014.14246575342,3.14246575342463,207,104,5,"8"
2014.14246575342,3.14246575342463,94,244,53,"9"
2014.14246575342,3.14246575342463,77,94,3,"10"
2014.16164383562,3.16164383561636,61,129,4,"1"
2014.16164383562,3.16164383561636,26,147,28,"2"
2014.16164383562,3.16164383561636,30,320,21,"3"
2014.16164383562,3.16164383561636,34,111,51,"4"
2014.16164383562,3.16164383561636,225,127,11,"5"
2014.16164383562,3.16164383561636,100,85,76,"6"
2014.16164383562,3.16164383561636,73,26,1,"7"
2014.16164383562,3.16164383561636,216,74,5,"8"
2014.16164383562,3.16164383561636,100,198,44,"9"
2014.16164383562,3.16164383561636,58,53,7,"10"
2014.18082191781,3.18082191780832,54,96,7,"1"
2014.18082191781,3.18082191780832,16,137,51,"2"
2014.18082191781,3.18082191780832,29,194,13,"3"
2014.18082191781,3.18082191780832,30,91,49,"4"
2014.18082191781,3.18082191780832,204,84,10,"5"
2014.18082191781,3.18082191780832,104,62,74,"6"
2014.18082191781,3.18082191780832,48,23,0,"7"
2014.18082191781,3.18082191780832,242,51,10,"8"
2014.18082191781,3.18082191780832,86,169,52,"9"
2014.18082191781,3.18082191780832,49,37,8,"10"
2014.2,3.20000000000005,48,79,9,"1"
2014.2,3.20000000000005,19,91,71,"2"
2014.2,3.20000000000005,32,155,23,"3"
2014.2,3.20000000000005,24,66,40,"4"
2014.2,3.20000000000005,166,65,13,"5"
2014.2,3.20000000000005,73,58,76,"6"
2014.2,3.20000000000005,45,21,5,"7"
2014.2,3.20000000000005,214,42,19,"8"
2014.2,3.20000000000005,86,125,39,"9"
2014.2,3.20000000000005,52,20,6,"10"
2014.21917808219,3.21917808219177,39,102,13,"1"
2014.21917808219,3.21917808219177,26,86,109,"2"
2014.21917808219,3.21917808219177,29,127,29,"3"
2014.21917808219,3.21917808219177,13,58,38,"4"
2014.21917808219,3.21917808219177,150,51,14,"5"
2014.21917808219,3.21917808219177,65,33,68,"6"
2014.21917808219,3.21917808219177,24,23,4,"7"
2014.21917808219,3.21917808219177,167,36,10,"8"
2014.21917808219,3.21917808219177,81,114,43,"9"
2014.21917808219,3.21917808219177,31,22,6,"10"
2014.23835616438,3.2383561643835,23,116,29,"1"
2014.23835616438,3.2383561643835,14,94,147,"2"
2014.23835616438,3.2383561643835,21,105,61,"3"
2014.23835616438,3.2383561643835,23,84,48,"4"
2014.23835616438,3.2383561643835,127,40,12,"5"
2014.23835616438,3.2383561643835,45,31,79,"6"
2014.23835616438,3.2383561643835,29,9,0,"7"
2014.23835616438,3.2383561643835,149,21,29,"8"
2014.23835616438,3.2383561643835,44,59,50,"9"
2014.23835616438,3.2383561643835,26,7,9,"10"
2014.25753424658,3.25753424657523,19,113,41,"1"
2014.25753424658,3.25753424657523,14,96,198,"2"
2014.25753424658,3.25753424657523,12,84,77,"3"
2014.25753424658,3.25753424657523,17,77,40,"4"
2014.25753424658,3.25753424657523,91,28,18,"5"
2014.25753424658,3.25753424657523,24,23,75,"6"
2014.25753424658,3.25753424657523,19,12,4,"7"
2014.25753424658,3.25753424657523,119,43,25,"8"
2014.25753424658,3.25753424657523,46,48,33,"9"
2014.25753424658,3.25753424657523,22,4,14,"10"
2014.27671232877,3.27671232876719,18,87,63,"1"
2014.27671232877,3.27671232876719,5,126,194,"2"
2014.27671232877,3.27671232876719,10,75,94,"3"
2014.27671232877,3.27671232876719,11,66,39,"4"
2014.27671232877,3.27671232876719,76,33,21,"5"
2014.27671232877,3.27671232876719,21,41,85,"6"
2014.27671232877,3.27671232876719,23,13,5,"7"
2014.27671232877,3.27671232876719,106,25,33,"8"
2014.27671232877,3.27671232876719,27,26,47,"9"
2014.27671232877,3.27671232876719,17,6,14,"10"
2014.29589041096,3.29589041095892,15,114,71,"1"
2014.29589041096,3.29589041095892,5,104,187,"2"
2014.29589041096,3.29589041095892,16,58,119,"3"
2014.29589041096,3.29589041095892,6,81,42,"4"
2014.29589041096,3.29589041095892,41,19,34,"5"
2014.29589041096,3.29589041095892,16,22,55,"6"
2014.29589041096,3.29589041095892,18,13,7,"7"
2014.29589041096,3.29589041095892,95,20,33,"8"
2014.29589041096,3.29589041095892,37,14,66,"9"
2014.29589041096,3.29589041095892,16,5,10,"10"
2014.31506849315,3.31506849315065,12,87,55,"1"
2014.31506849315,3.31506849315065,6,93,155,"2"
2014.31506849315,3.31506849315065,5,53,73,"3"
2014.31506849315,3.31506849315065,11,68,52,"4"
2014.31506849315,3.31506849315065,41,19,31,"5"
2014.31506849315,3.31506849315065,24,21,45,"6"
2014.31506849315,3.31506849315065,14,9,7,"7"
2014.31506849315,3.31506849315065,69,14,27,"8"
2014.31506849315,3.31506849315065,21,25,58,"9"
2014.31506849315,3.31506849315065,9,7,13,"10"
2014.33424657534,3.33424657534238,9,61,79,"1"
2014.33424657534,3.33424657534238,1,66,89,"2"
2014.33424657534,3.33424657534238,3,54,68,"3"
2014.33424657534,3.33424657534238,8,79,57,"4"
2014.33424657534,3.33424657534238,30,33,42,"5"
2014.33424657534,3.33424657534238,17,12,39,"6"
2014.33424657534,3.33424657534238,7,11,7,"7"
2014.33424657534,3.33424657534238,44,22,37,"8"
2014.33424657534,3.33424657534238,14,10,43,"9"
2014.33424657534,3.33424657534238,8,7,8,"10"
2014.35342465753,3.35342465753433,7,37,67,"1"
2014.35342465753,3.35342465753433,0,48,54,"2"
2014.35342465753,3.35342465753433,7,44,52,"3"
2014.35342465753,3.35342465753433,7,90,81,"4"
2014.35342465753,3.35342465753433,16,18,36,"5"
2014.35342465753,3.35342465753433,6,7,37,"6"
2014.35342465753,3.35342465753433,5,11,9,"7"
2014.35342465753,3.35342465753433,34,21,37,"8"
2014.35342465753,3.35342465753433,12,16,64,"9"
2014.35342465753,3.35342465753433,7,3,10,"10"
2014.37260273973,3.37260273972606,2,12,31,"1"
2014.37260273973,3.37260273972606,2,47,49,"2"
2014.37260273973,3.37260273972606,4,27,31,"3"
2014.37260273973,3.37260273972606,1,72,70,"4"
2014.37260273973,3.37260273972606,10,11,32,"5"
2014.37260273973,3.37260273972606,5,15,22,"6"
2014.37260273973,3.37260273972606,6,10,5,"7"
2014.37260273973,3.37260273972606,26,24,39,"8"
2014.37260273973,3.37260273972606,12,15,63,"9"
2014.37260273973,3.37260273972606,4,10,12,"10"
2014.39178082192,3.39178082191779,5,7,23,"1"
2014.39178082192,3.39178082191779,2,34,32,"2"
2014.39178082192,3.39178082191779,4,28,19,"3"
2014.39178082192,3.39178082191779,4,63,57,"4"
2014.39178082192,3.39178082191779,12,13,23,"5"
2014.39178082192,3.39178082191779,7,13,40,"6"
2014.39178082192,3.39178082191779,5,4,5,"7"
2014.39178082192,3.39178082191779,21,11,46,"8"
2014.39178082192,3.39178082191779,7,40,68,"9"
2014.39178082192,3.39178082191779,0,16,9,"10"
2014.41095890411,3.41095890410952,0,5,12,"1"
2014.41095890411,3.41095890410952,2,22,13,"2"
2014.41095890411,3.41095890410952,0,9,3,"3"
2014.41095890411,3.41095890410952,11,40,59,"4"
2014.41095890411,3.41095890410952,6,20,15,"5"
2014.41095890411,3.41095890410952,2,7,24,"6"
2014.41095890411,3.41095890410952,2,4,3,"7"
2014.41095890411,3.41095890410952,27,15,36,"8"
2014.41095890411,3.41095890410952,6,31,60,"9"
2014.41095890411,3.41095890410952,1,18,11,"10"
2014.4301369863,3.43013698630148,2,0,5,"1"
2014.4301369863,3.43013698630148,1,11,7,"2"
2014.4301369863,3.43013698630148,5,7,6,"3"
2014.4301369863,3.43013698630148,3,45,59,"4"
2014.4301369863,3.43013698630148,2,11,16,"5"
2014.4301369863,3.43013698630148,1,6,9,"6"
2014.4301369863,3.43013698630148,0,4,4,"7"
2014.4301369863,3.43013698630148,13,22,24,"8"
2014.4301369863,3.43013698630148,1,65,81,"9"
2014.4301369863,3.43013698630148,0,27,14,"10"
2014.44931506849,3.44931506849321,0,3,0,"1"
2014.44931506849,3.44931506849321,1,12,6,"2"
2014.44931506849,3.44931506849321,3,2,0,"3"
2014.44931506849,3.44931506849321,3,31,48,"4"
2014.44931506849,3.44931506849321,3,2,4,"5"
2014.44931506849,3.44931506849321,8,7,15,"6"
2014.44931506849,3.44931506849321,1,0,0,"7"
2014.44931506849,3.44931506849321,15,14,23,"8"
2014.44931506849,3.44931506849321,0,51,55,"9"
2014.44931506849,3.44931506849321,2,29,9,"10"
2014.46849315068,3.46849315068494,0,0,1,"1"
2014.46849315068,3.46849315068494,1,17,5,"2"
2014.46849315068,3.46849315068494,4,3,1,"3"
2014.46849315068,3.46849315068494,1,34,50,"4"
2014.46849315068,3.46849315068494,5,2,1,"5"
2014.46849315068,3.46849315068494,4,22,12,"6"
2014.46849315068,3.46849315068494,0,3,0,"7"
2014.46849315068,3.46849315068494,1,2,9,"8"
2014.46849315068,3.46849315068494,4,53,54,"9"
2014.46849315068,3.46849315068494,1,18,7,"10"
2014.48767123288,3.48767123287666,1,1,0,"1"
2014.48767123288,3.48767123287666,1,10,8,"2"
2014.48767123288,3.48767123287666,2,1,0,"3"
2014.48767123288,3.48767123287666,1,27,32,"4"
2014.48767123288,3.48767123287666,1,3,4,"5"
2014.48767123288,3.48767123287666,5,4,4,"6"
2014.48767123288,3.48767123287666,0,1,0,"7"
2014.48767123288,3.48767123287666,4,7,9,"8"
2014.48767123288,3.48767123287666,7,41,45,"9"
2014.48767123288,3.48767123287666,2,20,11,"10"
2014.50684931507,3.50684931506839,0,0,3,"1"
2014.50684931507,3.50684931506839,2,10,4,"2"
2014.50684931507,3.50684931506839,1,0,0,"3"
2014.50684931507,3.50684931506839,0,23,28,"4"
2014.50684931507,3.50684931506839,2,2,1,"5"
2014.50684931507,3.50684931506839,5,1,2,"6"
2014.50684931507,3.50684931506839,0,0,0,"7"
2014.50684931507,3.50684931506839,1,2,13,"8"
2014.50684931507,3.50684931506839,2,23,42,"9"
2014.50684931507,3.50684931506839,1,13,7,"10"
2014.52602739726,3.52602739726035,0,0,0,"1"
2014.52602739726,3.52602739726035,1,10,4,"2"
2014.52602739726,3.52602739726035,1,1,1,"3"
2014.52602739726,3.52602739726035,0,24,41,"4"
2014.52602739726,3.52602739726035,2,1,0,"5"
2014.52602739726,3.52602739726035,4,1,2,"6"
2014.52602739726,3.52602739726035,1,0,0,"7"
2014.52602739726,3.52602739726035,7,2,5,"8"
2014.52602739726,3.52602739726035,3,29,23,"9"
2014.52602739726,3.52602739726035,1,7,7,"10"
2014.54520547945,3.54520547945208,0,0,0,"1"
2014.54520547945,3.54520547945208,5,19,6,"2"
2014.54520547945,3.54520547945208,0,0,2,"3"
2014.54520547945,3.54520547945208,0,22,26,"4"
2014.54520547945,3.54520547945208,0,4,0,"5"
2014.54520547945,3.54520547945208,3,0,2,"6"
2014.54520547945,3.54520547945208,0,2,0,"7"
2014.54520547945,3.54520547945208,5,2,1,"8"
2014.54520547945,3.54520547945208,1,27,23,"9"
2014.54520547945,3.54520547945208,1,11,6,"10"
2014.56438356164,3.56438356164381,0,0,0,"1"
2014.56438356164,3.56438356164381,4,10,12,"2"
2014.56438356164,3.56438356164381,2,0,0,"3"
2014.56438356164,3.56438356164381,3,18,19,"4"
2014.56438356164,3.56438356164381,1,2,0,"5"
2014.56438356164,3.56438356164381,2,0,2,"6"
2014.56438356164,3.56438356164381,0,2,1,"7"
2014.56438356164,3.56438356164381,2,1,1,"8"
2014.56438356164,3.56438356164381,0,17,26,"9"
2014.56438356164,3.56438356164381,0,10,0,"10"
2014.58356164384,3.58356164383554,0,1,0,"1"
2014.58356164384,3.58356164383554,3,9,7,"2"
2014.58356164384,3.58356164383554,0,0,0,"3"
2014.58356164384,3.58356164383554,1,19,18,"4"
2014.58356164384,3.58356164383554,1,2,0,"5"
2014.58356164384,3.58356164383554,2,1,1,"6"
2014.58356164384,3.58356164383554,1,0,1,"7"
2014.58356164384,3.58356164383554,1,1,0,"8"
2014.58356164384,3.58356164383554,4,31,18,"9"
2014.58356164384,3.58356164383554,2,3,5,"10"
2014.60273972603,3.60273972602749,0,0,0,"1"
2014.60273972603,3.60273972602749,5,10,4,"2"
2014.60273972603,3.60273972602749,1,0,0,"3"
2014.60273972603,3.60273972602749,2,15,6,"4"
2014.60273972603,3.60273972602749,1,1,1,"5"
2014.60273972603,3.60273972602749,0,1,0,"6"
2014.60273972603,3.60273972602749,0,0,0,"7"
2014.60273972603,3.60273972602749,1,2,0,"8"
2014.60273972603,3.60273972602749,1,41,13,"9"
2014.60273972603,3.60273972602749,0,10,3,"10"
2014.62191780822,3.62191780821922,0,1,0,"1"
2014.62191780822,3.62191780821922,1,6,0,"2"
2014.62191780822,3.62191780821922,0,0,1,"3"
2014.62191780822,3.62191780821922,2,11,6,"4"
2014.62191780822,3.62191780821922,4,9,0,"5"
2014.62191780822,3.62191780821922,0,2,0,"6"
2014.62191780822,3.62191780821922,2,0,0,"7"
2014.62191780822,3.62191780821922,1,0,2,"8"
2014.62191780822,3.62191780821922,1,34,13,"9"
2014.62191780822,3.62191780821922,1,2,1,"10"
2014.64109589041,3.64109589041095,0,1,0,"1"
2014.64109589041,3.64109589041095,0,8,8,"2"
2014.64109589041,3.64109589041095,0,0,0,"3"
2014.64109589041,3.64109589041095,5,18,18,"4"
2014.64109589041,3.64109589041095,2,9,0,"5"
2014.64109589041,3.64109589041095,2,1,0,"6"
2014.64109589041,3.64109589041095,1,1,0,"7"
2014.64109589041,3.64109589041095,2,0,1,"8"
2014.64109589041,3.64109589041095,2,36,8,"9"
2014.64109589041,3.64109589041095,1,2,1,"10"
2014.6602739726,3.66027397260268,0,0,1,"1"
2014.6602739726,3.66027397260268,6,5,3,"2"
2014.6602739726,3.66027397260268,3,0,0,"3"
2014.6602739726,3.66027397260268,4,13,22,"4"
2014.6602739726,3.66027397260268,3,1,1,"5"
2014.6602739726,3.66027397260268,6,2,2,"6"
2014.6602739726,3.66027397260268,0,0,0,"7"
2014.6602739726,3.66027397260268,1,3,1,"8"
2014.6602739726,3.66027397260268,1,43,12,"9"
2014.6602739726,3.66027397260268,0,1,0,"10"
2014.67945205479,3.67945205479441,0,3,0,"1"
2014.67945205479,3.67945205479441,2,16,4,"2"
2014.67945205479,3.67945205479441,0,2,0,"3"
2014.67945205479,3.67945205479441,3,19,22,"4"
2014.67945205479,3.67945205479441,0,4,3,"5"
2014.67945205479,3.67945205479441,3,0,4,"6"
2014.67945205479,3.67945205479441,1,0,0,"7"
2014.67945205479,3.67945205479441,0,2,0,"8"
2014.67945205479,3.67945205479441,3,39,9,"9"
2014.67945205479,3.67945205479441,0,9,0,"10"
2014.69863013699,3.69863013698637,2,0,0,"1"
2014.69863013699,3.69863013698637,5,6,4,"2"
2014.69863013699,3.69863013698637,3,1,0,"3"
2014.69863013699,3.69863013698637,12,23,21,"4"
2014.69863013699,3.69863013698637,3,4,0,"5"
2014.69863013699,3.69863013698637,4,0,2,"6"
2014.69863013699,3.69863013698637,1,3,0,"7"
2014.69863013699,3.69863013698637,4,0,1,"8"
2014.69863013699,3.69863013698637,4,36,4,"9"
2014.69863013699,3.69863013698637,0,10,2,"10"
2014.71780821918,3.7178082191781,1,0,0,"1"
2014.71780821918,3.7178082191781,7,4,0,"2"
2014.71780821918,3.7178082191781,4,2,1,"3"
2014.71780821918,3.7178082191781,10,26,12,"4"
2014.71780821918,3.7178082191781,3,4,0,"5"
2014.71780821918,3.7178082191781,11,3,5,"6"
2014.71780821918,3.7178082191781,0,1,0,"7"
2014.71780821918,3.7178082191781,1,0,0,"8"
2014.71780821918,3.7178082191781,6,48,12,"9"
2014.71780821918,3.7178082191781,1,12,1,"10"
2014.73698630137,3.73698630136983,2,0,0,"1"
2014.73698630137,3.73698630136983,9,8,1,"2"
2014.73698630137,3.73698630136983,5,10,0,"3"
2014.73698630137,3.73698630136983,23,19,37,"4"
2014.73698630137,3.73698630136983,9,9,1,"5"
2014.73698630137,3.73698630136983,9,9,5,"6"
2014.73698630137,3.73698630136983,0,2,0,"7"
2014.73698630137,3.73698630136983,0,3,3,"8"
2014.73698630137,3.73698630136983,8,52,6,"9"
2014.73698630137,3.73698630136983,0,6,0,"10"
2014.75616438356,3.75616438356155,0,1,0,"1"
2014.75616438356,3.75616438356155,13,17,7,"2"
2014.75616438356,3.75616438356155,5,5,1,"3"
2014.75616438356,3.75616438356155,32,30,35,"4"
2014.75616438356,3.75616438356155,6,5,2,"5"
2014.75616438356,3.75616438356155,17,10,13,"6"
2014.75616438356,3.75616438356155,1,0,1,"7"
2014.75616438356,3.75616438356155,4,5,1,"8"
2014.75616438356,3.75616438356155,12,59,5,"9"
2014.75616438356,3.75616438356155,4,7,0,"10"
2014.77534246575,3.77534246575351,0,10,1,"1"
2014.77534246575,3.77534246575351,16,14,5,"2"
2014.77534246575,3.77534246575351,9,8,4,"3"
2014.77534246575,3.77534246575351,37,77,66,"4"
2014.77534246575,3.77534246575351,8,15,2,"5"
2014.77534246575,3.77534246575351,19,14,14,"6"
2014.77534246575,3.77534246575351,1,6,3,"7"
2014.77534246575,3.77534246575351,4,8,7,"8"
2014.77534246575,3.77534246575351,11,39,6,"9"
2014.77534246575,3.77534246575351,4,8,2,"10"
2014.79452054795,3.79452054794524,1,4,1,"1"
2014.79452054795,3.79452054794524,14,29,5,"2"
2014.79452054795,3.79452054794524,8,6,6,"3"
2014.79452054795,3.79452054794524,46,115,93,"4"
2014.79452054795,3.79452054794524,9,15,9,"5"
2014.79452054795,3.79452054794524,46,26,29,"6"
2014.79452054795,3.79452054794524,4,10,1,"7"
2014.79452054795,3.79452054794524,2,8,0,"8"
2014.79452054795,3.79452054794524,13,35,12,"9"
2014.79452054795,3.79452054794524,3,31,4,"10"
2014.81369863014,3.81369863013697,0,7,2,"1"
2014.81369863014,3.81369863013697,21,36,9,"2"
2014.81369863014,3.81369863013697,5,21,3,"3"
2014.81369863014,3.81369863013697,56,182,93,"4"
2014.81369863014,3.81369863013697,12,24,5,"5"
2014.81369863014,3.81369863013697,71,45,35,"6"
2014.81369863014,3.81369863013697,3,11,5,"7"
2014.81369863014,3.81369863013697,3,7,3,"8"
2014.81369863014,3.81369863013697,12,38,8,"9"
2014.81369863014,3.81369863013697,14,49,1,"10"
2014.83287671233,3.8328767123287,5,3,1,"1"
2014.83287671233,3.8328767123287,36,25,2,"2"
2014.83287671233,3.8328767123287,11,13,10,"3"
2014.83287671233,3.8328767123287,62,165,65,"4"
2014.83287671233,3.8328767123287,30,28,10,"5"
2014.83287671233,3.8328767123287,76,73,25,"6"
2014.83287671233,3.8328767123287,2,9,4,"7"
2014.83287671233,3.8328767123287,4,9,6,"8"
2014.83287671233,3.8328767123287,17,19,4,"9"
2014.83287671233,3.8328767123287,5,73,0,"10"
2014.85205479452,3.85205479452065,5,4,3,"1"
2014.85205479452,3.85205479452065,57,21,6,"2"
2014.85205479452,3.85205479452065,6,28,9,"3"
2014.85205479452,3.85205479452065,98,204,69,"4"
2014.85205479452,3.85205479452065,36,50,5,"5"
2014.85205479452,3.85205479452065,116,122,24,"6"
2014.85205479452,3.85205479452065,4,10,7,"7"
2014.85205479452,3.85205479452065,4,23,3,"8"
2014.85205479452,3.85205479452065,14,64,9,"9"
2014.85205479452,3.85205479452065,14,65,1,"10"
2014.87123287671,3.87123287671238,5,4,3,"1"
2014.87123287671,3.87123287671238,63,27,7,"2"
2014.87123287671,3.87123287671238,17,30,6,"3"
2014.87123287671,3.87123287671238,114,354,74,"4"
2014.87123287671,3.87123287671238,41,94,4,"5"
2014.87123287671,3.87123287671238,159,219,40,"6"
2014.87123287671,3.87123287671238,6,33,7,"7"
2014.87123287671,3.87123287671238,10,52,3,"8"
2014.87123287671,3.87123287671238,11,30,9,"9"
2014.87123287671,3.87123287671238,12,158,2,"10"
2014.8904109589,3.89041095890411,4,5,3,"1"
2014.8904109589,3.89041095890411,77,38,10,"2"
2014.8904109589,3.89041095890411,20,46,6,"3"
2014.8904109589,3.89041095890411,127,374,76,"4"
2014.8904109589,3.89041095890411,45,176,4,"5"
2014.8904109589,3.89041095890411,206,333,32,"6"
2014.8904109589,3.89041095890411,14,46,7,"7"
2014.8904109589,3.89041095890411,19,70,1,"8"
2014.8904109589,3.89041095890411,25,41,5,"9"
2014.8904109589,3.89041095890411,18,141,3,"10"
2014.9095890411,3.90958904109584,6,11,1,"1"
2014.9095890411,3.90958904109584,79,52,2,"2"
2014.9095890411,3.90958904109584,46,112,10,"3"
2014.9095890411,3.90958904109584,118,560,71,"4"
2014.9095890411,3.90958904109584,71,402,7,"5"
2014.9095890411,3.90958904109584,212,664,52,"6"
2014.9095890411,3.90958904109584,15,111,4,"7"
2014.9095890411,3.90958904109584,18,158,7,"8"
2014.9095890411,3.90958904109584,31,51,4,"9"
2014.9095890411,3.90958904109584,32,119,5,"10"
2014.92876712329,3.92876712328757,17,31,0,"1"
2014.92876712329,3.92876712328757,120,61,6,"2"
2014.92876712329,3.92876712328757,57,202,6,"3"
2014.92876712329,3.92876712328757,138,898,76,"4"
2014.92876712329,3.92876712328757,118,772,18,"5"
2014.92876712329,3.92876712328757,223,806,72,"6"
2014.92876712329,3.92876712328757,18,179,6,"7"
2014.92876712329,3.92876712328757,36,278,6,"8"
2014.92876712329,3.92876712328757,33,95,3,"9"
2014.92876712329,3.92876712328757,37,102,7,"10"
2014.94794520548,3.94794520547953,26,49,2,"1"
2014.94794520548,3.94794520547953,134,164,4,"2"
2014.94794520548,3.94794520547953,64,317,10,"3"
2014.94794520548,3.94794520547953,144,1018,89,"4"
2014.94794520548,3.94794520547953,146,1379,33,"5"
2014.94794520548,3.94794520547953,268,975,80,"6"
2014.94794520548,3.94794520547953,30,248,8,"7"
2014.94794520548,3.94794520547953,71,621,8,"8"
2014.94794520548,3.94794520547953,57,181,11,"9"
2014.94794520548,3.94794520547953,60,129,4,"10"
2014.96712328767,3.96712328767126,20,106,2,"1"
2014.96712328767,3.96712328767126,160,279,11,"2"
2014.96712328767,3.96712328767126,114,545,13,"3"
2014.96712328767,3.96712328767126,154,1203,68,"4"
2014.96712328767,3.96712328767126,189,2359,39,"5"
2014.96712328767,3.96712328767126,292,1389,135,"6"
2014.96712328767,3.96712328767126,36,512,12,"7"
2014.96712328767,3.96712328767126,83,1032,14,"8"
2014.96712328767,3.96712328767126,67,241,8,"9"
2014.96712328767,3.96712328767126,98,210,13,"10"
2014.98630136986,3.98630136986299,26,185,5,"1"
2014.98630136986,3.98630136986299,231,553,5,"2"
2014.98630136986,3.98630136986299,159,1003,17,"3"
2014.98630136986,3.98630136986299,189,2088,84,"4"
2014.98630136986,3.98630136986299,237,3111,48,"5"
2014.98630136986,3.98630136986299,334,1472,113,"6"
2014.98630136986,3.98630136986299,56,544,12,"7"
2014.98630136986,3.98630136986299,119,1431,20,"8"
2014.98630136986,3.98630136986299,127,368,11,"9"
2014.98630136986,3.98630136986299,109,390,10,"10"
2015.02465753425,4.02465753424667,62,466,6,"1"
2015.02465753425,4.02465753424667,255,952,14,"2"
2015.02465753425,4.02465753424667,166,1279,32,"3"
2015.02465753425,4.02465753424667,156,976,97,"4"
2015.02465753425,4.02465753424667,396,1174,27,"5"
2015.02465753425,4.02465753424667,349,904,84,"6"
2015.02465753425,4.02465753424667,67,365,13,"7"
2015.02465753425,4.02465753424667,189,863,27,"8"
2015.02465753425,4.02465753424667,140,1353,49,"9"
2015.02465753425,4.02465753424667,143,542,23,"10"
2015.04383561644,4.0438356164384,79,691,16,"1"
2015.04383561644,4.0438356164384,234,922,24,"2"
2015.04383561644,4.0438356164384,180,917,28,"3"
2015.04383561644,4.0438356164384,130,744,100,"4"
2015.04383561644,4.0438356164384,397,617,38,"5"
2015.04383561644,4.0438356164384,294,1024,109,"6"
2015.04383561644,4.0438356164384,71,315,17,"7"
2015.04383561644,4.0438356164384,247,555,37,"8"
2015.04383561644,4.0438356164384,175,1792,79,"9"
2015.04383561644,4.0438356164384,180,598,25,"10"
2015.06301369863,4.06301369863013,62,831,19,"1"
2015.06301369863,4.06301369863013,254,1079,20,"2"
2015.06301369863,4.06301369863013,153,906,31,"3"
2015.06301369863,4.06301369863013,143,610,118,"4"
2015.06301369863,4.06301369863013,427,436,42,"5"
2015.06301369863,4.06301369863013,325,840,149,"6"
2015.06301369863,4.06301369863013,91,248,18,"7"
2015.06301369863,4.06301369863013,337,413,46,"8"
2015.06301369863,4.06301369863013,221,1639,82,"9"
2015.06301369863,4.06301369863013,203,433,23,"10"
2015.08219178082,4.08219178082186,82,739,26,"1"
2015.08219178082,4.08219178082186,234,950,21,"2"
2015.08219178082,4.08219178082186,170,671,24,"3"
2015.08219178082,4.08219178082186,132,500,92,"4"
2015.08219178082,4.08219178082186,581,270,51,"5"
2015.08219178082,4.08219178082186,306,689,160,"6"
2015.08219178082,4.08219178082186,113,195,36,"7"
2015.08219178082,4.08219178082186,442,290,76,"8"
2015.08219178082,4.08219178082186,214,1643,98,"9"
2015.08219178082,4.08219178082186,211,328,22,"10"
2015.10136986301,4.10136986301359,64,634,22,"1"
2015.10136986301,4.10136986301359,212,775,41,"2"
2015.10136986301,4.10136986301359,149,491,36,"3"
2015.10136986301,4.10136986301359,137,429,123,"4"
2015.10136986301,4.10136986301359,603,212,61,"5"
2015.10136986301,4.10136986301359,263,408,185,"6"
2015.10136986301,4.10136986301359,128,93,30,"7"
2015.10136986301,4.10136986301359,503,269,108,"8"
2015.10136986301,4.10136986301359,236,1306,104,"9"
2015.10136986301,4.10136986301359,180,282,13,"10"
2015.12054794521,4.12054794520554,91,451,36,"1"
2015.12054794521,4.12054794520554,226,578,54,"2"
2015.12054794521,4.12054794520554,159,344,34,"3"
2015.12054794521,4.12054794520554,124,344,169,"4"
2015.12054794521,4.12054794520554,425,156,75,"5"
2015.12054794521,4.12054794520554,351,280,236,"6"
2015.12054794521,4.12054794520554,130,71,37,"7"
2015.12054794521,4.12054794520554,590,166,101,"8"
2015.12054794521,4.12054794520554,225,828,108,"9"
2015.12054794521,4.12054794520554,169,110,19,"10"
2015.1397260274,4.13972602739727,96,298,40,"1"
2015.1397260274,4.13972602739727,185,433,57,"2"
2015.1397260274,4.13972602739727,98,228,55,"3"
2015.1397260274,4.13972602739727,100,281,178,"4"
2015.1397260274,4.13972602739727,421,93,105,"5"
2015.1397260274,4.13972602739727,407,168,261,"6"
2015.1397260274,4.13972602739727,113,77,85,"7"
2015.1397260274,4.13972602739727,458,119,118,"8"
2015.1397260274,4.13972602739727,188,597,93,"9"
2015.1397260274,4.13972602739727,161,66,18,"10"
2015.15890410959,4.158904109589,93,238,43,"1"
2015.15890410959,4.158904109589,143,284,55,"2"
2015.15890410959,4.158904109589,101,154,45,"3"
2015.15890410959,4.158904109589,110,206,257,"4"
2015.15890410959,4.158904109589,456,88,151,"5"
2015.15890410959,4.158904109589,377,127,201,"6"
2015.15890410959,4.158904109589,119,44,76,"7"
2015.15890410959,4.158904109589,472,105,173,"8"
2015.15890410959,4.158904109589,159,406,102,"9"
2015.15890410959,4.158904109589,115,60,24,"10"
2015.17808219178,4.17808219178073,87,163,45,"1"
2015.17808219178,4.17808219178073,98,223,81,"2"
2015.17808219178,4.17808219178073,80,138,67,"3"
2015.17808219178,4.17808219178073,72,159,326,"4"
2015.17808219178,4.17808219178073,398,68,217,"5"
2015.17808219178,4.17808219178073,317,114,232,"6"
2015.17808219178,4.17808219178073,108,40,121,"7"
2015.17808219178,4.17808219178073,332,38,152,"8"
2015.17808219178,4.17808219178073,110,344,92,"9"
2015.17808219178,4.17808219178073,92,50,19,"10"
2015.19726027397,4.19726027397269,68,136,47,"1"
2015.19726027397,4.19726027397269,100,153,127,"2"
2015.19726027397,4.19726027397269,85,67,75,"3"
2015.19726027397,4.19726027397269,77,78,306,"4"
2015.19726027397,4.19726027397269,365,60,389,"5"
2015.19726027397,4.19726027397269,114,70,280,"6"
2015.19726027397,4.19726027397269,102,32,125,"7"
2015.19726027397,4.19726027397269,276,54,177,"8"
2015.19726027397,4.19726027397269,100,193,108,"9"
2015.19726027397,4.19726027397269,63,28,22,"10"
2015.21643835616,4.21643835616442,80,98,86,"1"
2015.21643835616,4.21643835616442,94,115,173,"2"
2015.21643835616,4.21643835616442,55,48,98,"3"
2015.21643835616,4.21643835616442,64,69,265,"4"
2015.21643835616,4.21643835616442,211,58,360,"5"
2015.21643835616,4.21643835616442,172,33,192,"6"
2015.21643835616,4.21643835616442,76,23,110,"7"
2015.21643835616,4.21643835616442,212,30,138,"8"
2015.21643835616,4.21643835616442,68,141,113,"9"
2015.21643835616,4.21643835616442,61,29,30,"10"
2015.23561643836,4.23561643835615,49,81,115,"1"
2015.23561643836,4.23561643835615,91,75,222,"2"
2015.23561643836,4.23561643835615,44,32,113,"3"
2015.23561643836,4.23561643835615,37,49,183,"4"
2015.23561643836,4.23561643835615,220,51,370,"5"
2015.23561643836,4.23561643835615,112,18,127,"6"
2015.23561643836,4.23561643835615,76,24,105,"7"
2015.23561643836,4.23561643835615,154,3,126,"8"
2015.23561643836,4.23561643835615,47,88,88,"9"
2015.23561643836,4.23561643835615,40,10,30,"10"
2015.25479452055,4.25479452054788,45,42,119,"1"
2015.25479452055,4.25479452054788,60,61,211,"2"
2015.25479452055,4.25479452054788,32,21,96,"3"
2015.25479452055,4.25479452054788,45,25,129,"4"
2015.25479452055,4.25479452054788,201,38,399,"5"
2015.25479452055,4.25479452054788,105,21,125,"6"
2015.25479452055,4.25479452054788,33,5,76,"7"
2015.25479452055,4.25479452054788,115,12,118,"8"
2015.25479452055,4.25479452054788,26,52,75,"9"
2015.25479452055,4.25479452054788,33,14,29,"10"
2015.27397260274,4.27397260273983,61,41,109,"1"
2015.27397260274,4.27397260273983,33,21,183,"2"
2015.27397260274,4.27397260273983,34,16,108,"3"
2015.27397260274,4.27397260273983,36,31,125,"4"
2015.27397260274,4.27397260273983,153,24,371,"5"
2015.27397260274,4.27397260273983,67,9,87,"6"
2015.27397260274,4.27397260273983,35,2,72,"7"
2015.27397260274,4.27397260273983,80,8,106,"8"
2015.27397260274,4.27397260273983,22,39,76,"9"
2015.27397260274,4.27397260273983,30,11,35,"10"
2015.29315068493,4.29315068493156,32,20,118,"1"
2015.29315068493,4.29315068493156,36,25,149,"2"
2015.29315068493,4.29315068493156,28,12,76,"3"
2015.29315068493,4.29315068493156,20,25,98,"4"
2015.29315068493,4.29315068493156,117,13,242,"5"
2015.29315068493,4.29315068493156,43,9,48,"6"
2015.29315068493,4.29315068493156,22,2,44,"7"
2015.29315068493,4.29315068493156,45,2,101,"8"
2015.29315068493,4.29315068493156,10,42,72,"9"
2015.29315068493,4.29315068493156,25,8,21,"10"
2015.31232876712,4.31232876712329,27,12,78,"1"
2015.31232876712,4.31232876712329,16,5,89,"2"
2015.31232876712,4.31232876712329,24,5,45,"3"
2015.31232876712,4.31232876712329,24,12,81,"4"
2015.31232876712,4.31232876712329,95,11,145,"5"
2015.31232876712,4.31232876712329,39,4,35,"6"
2015.31232876712,4.31232876712329,19,2,29,"7"
2015.31232876712,4.31232876712329,30,6,87,"8"
2015.31232876712,4.31232876712329,6,30,62,"9"
2015.31232876712,4.31232876712329,16,3,32,"10"
2015.33150684932,4.33150684931502,14,7,52,"1"
2015.33150684932,4.33150684931502,13,17,55,"2"
2015.33150684932,4.33150684931502,19,5,46,"3"
2015.33150684932,4.33150684931502,27,14,76,"4"
2015.33150684932,4.33150684931502,65,6,117,"5"
2015.33150684932,4.33150684931502,35,1,16,"6"
2015.33150684932,4.33150684931502,13,1,25,"7"
2015.33150684932,4.33150684931502,33,2,67,"8"
2015.33150684932,4.33150684931502,3,11,52,"9"
2015.33150684932,4.33150684931502,6,2,38,"10"
2015.35068493151,4.35068493150675,11,2,45,"1"
2015.35068493151,4.35068493150675,13,5,28,"2"
2015.35068493151,4.35068493150675,12,3,31,"3"
2015.35068493151,4.35068493150675,27,10,70,"4"
2015.35068493151,4.35068493150675,40,5,97,"5"
2015.35068493151,4.35068493150675,20,0,16,"6"
2015.35068493151,4.35068493150675,7,1,17,"7"
2015.35068493151,4.35068493150675,14,1,65,"8"
2015.35068493151,4.35068493150675,8,5,88,"9"
2015.35068493151,4.35068493150675,10,1,37,"10"
2015.3698630137,4.3698630136987,5,4,18,"1"
2015.3698630137,4.3698630136987,5,10,26,"2"
2015.3698630137,4.3698630136987,2,1,15,"3"
2015.3698630137,4.3698630136987,12,13,60,"4"
2015.3698630137,4.3698630136987,21,4,38,"5"
2015.3698630137,4.3698630136987,18,2,16,"6"
2015.3698630137,4.3698630136987,4,0,5,"7"
2015.3698630137,4.3698630136987,17,0,39,"8"
2015.3698630137,4.3698630136987,5,7,65,"9"
2015.3698630137,4.3698630136987,3,3,58,"10"
2015.38904109589,4.38904109589043,9,1,9,"1"
2015.38904109589,4.38904109589043,5,2,19,"2"
2015.38904109589,4.38904109589043,5,1,15,"3"
2015.38904109589,4.38904109589043,11,7,60,"4"
2015.38904109589,4.38904109589043,15,9,24,"5"
2015.38904109589,4.38904109589043,21,1,9,"6"
2015.38904109589,4.38904109589043,7,0,4,"7"
2015.38904109589,4.38904109589043,6,0,27,"8"
2015.38904109589,4.38904109589043,7,17,59,"9"
2015.38904109589,4.38904109589043,4,3,41,"10"
2015.40821917808,4.40821917808216,5,1,3,"1"
2015.40821917808,4.40821917808216,3,6,9,"2"
2015.40821917808,4.40821917808216,3,1,8,"3"
2015.40821917808,4.40821917808216,9,9,38,"4"
2015.40821917808,4.40821917808216,11,7,8,"5"
2015.40821917808,4.40821917808216,7,1,12,"6"
2015.40821917808,4.40821917808216,5,1,4,"7"
2015.40821917808,4.40821917808216,4,0,22,"8"
2015.40821917808,4.40821917808216,4,13,58,"9"
2015.40821917808,4.40821917808216,0,3,22,"10"
2015.42739726027,4.42739726027389,0,2,1,"1"
2015.42739726027,4.42739726027389,2,4,10,"2"
2015.42739726027,4.42739726027389,3,0,4,"3"
2015.42739726027,4.42739726027389,8,9,38,"4"
2015.42739726027,4.42739726027389,6,1,9,"5"
2015.42739726027,4.42739726027389,10,5,11,"6"
2015.42739726027,4.42739726027389,4,1,1,"7"
2015.42739726027,4.42739726027389,11,3,13,"8"
2015.42739726027,4.42739726027389,1,6,44,"9"
2015.42739726027,4.42739726027389,1,11,21,"10"
2015.44657534247,4.44657534246585,0,3,1,"1"
2015.44657534247,4.44657534246585,2,5,3,"2"
2015.44657534247,4.44657534246585,3,0,3,"3"
2015.44657534247,4.44657534246585,10,10,33,"4"
2015.44657534247,4.44657534246585,4,3,3,"5"
2015.44657534247,4.44657534246585,6,6,4,"6"
2015.44657534247,4.44657534246585,2,0,1,"7"
2015.44657534247,4.44657534246585,2,5,4,"8"
2015.44657534247,4.44657534246585,3,15,67,"9"
2015.44657534247,4.44657534246585,3,2,10,"10"
2015.46575342466,4.46575342465758,1,1,1,"1"
2015.46575342466,4.46575342465758,0,3,0,"2"
2015.46575342466,4.46575342465758,4,4,1,"3"
2015.46575342466,4.46575342465758,1,9,14,"4"
2015.46575342466,4.46575342465758,4,4,1,"5"
2015.46575342466,4.46575342465758,9,5,2,"6"
2015.46575342466,4.46575342465758,1,0,0,"7"
2015.46575342466,4.46575342465758,3,1,6,"8"
2015.46575342466,4.46575342465758,2,13,36,"9"
2015.46575342466,4.46575342465758,0,34,17,"10"
2015.48493150685,4.48493150684931,1,0,1,"1"
2015.48493150685,4.48493150684931,2,2,0,"2"
2015.48493150685,4.48493150684931,1,1,1,"3"
2015.48493150685,4.48493150684931,5,9,10,"4"
2015.48493150685,4.48493150684931,5,1,0,"5"
2015.48493150685,4.48493150684931,8,0,4,"6"
2015.48493150685,4.48493150684931,3,1,0,"7"
2015.48493150685,4.48493150684931,3,4,0,"8"
2015.48493150685,4.48493150684931,1,26,27,"9"
2015.48493150685,4.48493150684931,2,31,3,"10"
2015.50410958904,4.50410958904104,0,1,2,"1"
2015.50410958904,4.50410958904104,0,3,0,"2"
2015.50410958904,4.50410958904104,0,1,2,"3"
2015.50410958904,4.50410958904104,10,24,6,"4"
2015.50410958904,4.50410958904104,2,3,3,"5"
2015.50410958904,4.50410958904104,8,2,1,"6"
2015.50410958904,4.50410958904104,0,0,0,"7"
2015.50410958904,4.50410958904104,4,1,0,"8"
2015.50410958904,4.50410958904104,4,26,13,"9"
2015.50410958904,4.50410958904104,0,35,6,"10"
2015.52328767123,4.52328767123277,0,2,0,"1"
2015.52328767123,4.52328767123277,1,7,1,"2"
2015.52328767123,4.52328767123277,3,0,1,"3"
2015.52328767123,4.52328767123277,9,9,13,"4"
2015.52328767123,4.52328767123277,5,5,1,"5"
2015.52328767123,4.52328767123277,5,1,0,"6"
2015.52328767123,4.52328767123277,1,1,0,"7"
2015.52328767123,4.52328767123277,2,0,4,"8"
2015.52328767123,4.52328767123277,2,19,13,"9"
2015.52328767123,4.52328767123277,0,19,3,"10"
2015.54246575342,4.54246575342472,2,2,0,"1"
2015.54246575342,4.54246575342472,3,1,1,"2"
2015.54246575342,4.54246575342472,8,6,0,"3"
2015.54246575342,4.54246575342472,7,2,11,"4"
2015.54246575342,4.54246575342472,2,5,3,"5"
2015.54246575342,4.54246575342472,7,1,5,"6"
2015.54246575342,4.54246575342472,0,1,0,"7"
2015.54246575342,4.54246575342472,0,5,1,"8"
2015.54246575342,4.54246575342472,2,14,13,"9"
2015.54246575342,4.54246575342472,0,12,3,"10"
2015.56164383562,4.56164383561645,0,0,0,"1"
2015.56164383562,4.56164383561645,1,2,0,"2"
2015.56164383562,4.56164383561645,0,1,0,"3"
2015.56164383562,4.56164383561645,7,9,5,"4"
2015.56164383562,4.56164383561645,6,2,1,"5"
2015.56164383562,4.56164383561645,2,2,2,"6"
2015.56164383562,4.56164383561645,3,3,0,"7"
2015.56164383562,4.56164383561645,3,4,3,"8"
2015.56164383562,4.56164383561645,2,18,9,"9"
2015.56164383562,4.56164383561645,0,11,1,"10"
2015.58082191781,4.58082191780818,1,0,0,"1"
2015.58082191781,4.58082191780818,5,4,0,"2"
2015.58082191781,4.58082191780818,1,1,0,"3"
2015.58082191781,4.58082191780818,6,13,4,"4"
2015.58082191781,4.58082191780818,3,4,2,"5"
2015.58082191781,4.58082191780818,9,4,0,"6"
2015.58082191781,4.58082191780818,3,17,0,"7"
2015.58082191781,4.58082191780818,4,4,1,"8"
2015.58082191781,4.58082191780818,2,11,2,"9"
2015.58082191781,4.58082191780818,0,6,0,"10"
2015.6,4.59999999999991,2,6,0,"1"
2015.6,4.59999999999991,0,12,1,"2"
2015.6,4.59999999999991,5,0,0,"3"
2015.6,4.59999999999991,3,13,1,"4"
2015.6,4.59999999999991,4,10,1,"5"
2015.6,4.59999999999991,7,1,1,"6"
2015.6,4.59999999999991,0,1,1,"7"
2015.6,4.59999999999991,1,1,0,"8"
2015.6,4.59999999999991,2,17,11,"9"
2015.6,4.59999999999991,0,14,2,"10"
2015.61917808219,4.61917808219187,1,0,1,"1"
2015.61917808219,4.61917808219187,1,8,1,"2"
2015.61917808219,4.61917808219187,2,0,0,"3"
2015.61917808219,4.61917808219187,7,20,1,"4"
2015.61917808219,4.61917808219187,3,1,0,"5"
2015.61917808219,4.61917808219187,9,0,0,"6"
2015.61917808219,4.61917808219187,0,1,1,"7"
2015.61917808219,4.61917808219187,1,8,0,"8"
2015.61917808219,4.61917808219187,4,18,8,"9"
2015.61917808219,4.61917808219187,1,11,2,"10"
2015.63835616438,4.63835616438359,0,0,0,"1"
2015.63835616438,4.63835616438359,2,4,0,"2"
2015.63835616438,4.63835616438359,3,0,0,"3"
2015.63835616438,4.63835616438359,10,23,11,"4"
2015.63835616438,4.63835616438359,4,8,1,"5"
2015.63835616438,4.63835616438359,4,1,1,"6"
2015.63835616438,4.63835616438359,2,2,1,"7"
2015.63835616438,4.63835616438359,0,3,0,"8"
2015.63835616438,4.63835616438359,5,20,0,"9"
2015.63835616438,4.63835616438359,0,21,2,"10"
2015.65753424658,4.65753424657532,1,2,0,"1"
2015.65753424658,4.65753424657532,1,8,0,"2"
2015.65753424658,4.65753424657532,0,1,0,"3"
2015.65753424658,4.65753424657532,8,18,12,"4"
2015.65753424658,4.65753424657532,2,9,0,"5"
2015.65753424658,4.65753424657532,6,4,1,"6"
2015.65753424658,4.65753424657532,1,2,0,"7"
2015.65753424658,4.65753424657532,0,1,1,"8"
2015.65753424658,4.65753424657532,4,26,4,"9"
2015.65753424658,4.65753424657532,1,9,2,"10"
2015.67671232877,4.67671232876705,1,1,0,"1"
2015.67671232877,4.67671232876705,1,12,0,"2"
2015.67671232877,4.67671232876705,2,0,1,"3"
2015.67671232877,4.67671232876705,6,25,6,"4"
2015.67671232877,4.67671232876705,1,21,2,"5"
2015.67671232877,4.67671232876705,7,4,4,"6"
2015.67671232877,4.67671232876705,3,2,2,"7"
2015.67671232877,4.67671232876705,1,1,0,"8"
2015.67671232877,4.67671232876705,2,27,13,"9"
2015.67671232877,4.67671232876705,0,17,1,"10"
2015.69589041096,4.69589041095901,0,4,0,"1"
2015.69589041096,4.69589041095901,1,9,2,"2"
2015.69589041096,4.69589041095901,3,1,0,"3"
2015.69589041096,4.69589041095901,15,21,10,"4"
2015.69589041096,4.69589041095901,1,7,2,"5"
2015.69589041096,4.69589041095901,7,4,4,"6"
2015.69589041096,4.69589041095901,1,5,1,"7"
2015.69589041096,4.69589041095901,2,8,2,"8"
2015.69589041096,4.69589041095901,2,23,16,"9"
2015.69589041096,4.69589041095901,1,28,1,"10"
2015.71506849315,4.71506849315074,1,2,1,"1"
2015.71506849315,4.71506849315074,2,7,0,"2"
2015.71506849315,4.71506849315074,0,2,1,"3"
2015.71506849315,4.71506849315074,11,40,3,"4"
2015.71506849315,4.71506849315074,1,24,2,"5"
2015.71506849315,4.71506849315074,12,1,9,"6"
2015.71506849315,4.71506849315074,2,3,1,"7"
2015.71506849315,4.71506849315074,2,21,1,"8"
2015.71506849315,4.71506849315074,14,25,21,"9"
2015.71506849315,4.71506849315074,0,26,8,"10"
2015.73424657534,4.73424657534247,3,3,1,"1"
2015.73424657534,4.73424657534247,2,7,1,"2"
2015.73424657534,4.73424657534247,1,5,0,"3"
2015.73424657534,4.73424657534247,15,35,9,"4"
2015.73424657534,4.73424657534247,5,13,2,"5"
2015.73424657534,4.73424657534247,18,3,11,"6"
2015.73424657534,4.73424657534247,2,1,1,"7"
2015.73424657534,4.73424657534247,0,8,0,"8"
2015.73424657534,4.73424657534247,21,31,20,"9"
2015.73424657534,4.73424657534247,3,15,1,"10"
2015.75342465753,4.7534246575342,0,4,1,"1"
2015.75342465753,4.7534246575342,1,11,0,"2"
2015.75342465753,4.7534246575342,6,10,3,"3"
2015.75342465753,4.7534246575342,18,36,14,"4"
2015.75342465753,4.7534246575342,3,11,9,"5"
2015.75342465753,4.7534246575342,18,10,7,"6"
2015.75342465753,4.7534246575342,2,1,2,"7"
2015.75342465753,4.7534246575342,0,5,6,"8"
2015.75342465753,4.7534246575342,20,49,17,"9"
2015.75342465753,4.7534246575342,2,6,0,"10"
2015.77260273973,4.77260273972593,0,5,0,"1"
2015.77260273973,4.77260273972593,3,5,1,"2"
2015.77260273973,4.77260273972593,3,4,0,"3"
2015.77260273973,4.77260273972593,28,5,1,"4"
2015.77260273973,4.77260273972593,15,9,1,"5"
2015.77260273973,4.77260273972593,20,2,0,"6"
2015.77260273973,4.77260273972593,2,2,0,"7"
2015.77260273973,4.77260273972593,1,2,0,"8"
2015.77260273973,4.77260273972593,14,24,8,"9"
2015.77260273973,4.77260273972593,2,13,0,"10"
2015.79178082192,4.79178082191788,2,5,0,"1"
2015.79178082192,4.79178082191788,4,5,1,"2"
2015.79178082192,4.79178082191788,6,1,0,"3"
2015.79178082192,4.79178082191788,38,1,2,"4"
2015.79178082192,4.79178082191788,33,6,0,"5"
2015.79178082192,4.79178082191788,34,6,2,"6"
2015.79178082192,4.79178082191788,2,2,0,"7"
2015.79178082192,4.79178082191788,3,4,1,"8"
2015.79178082192,4.79178082191788,10,8,4,"9"
2015.79178082192,4.79178082191788,7,10,0,"10"
2015.81095890411,4.81095890410961,0,3,0,"1"
2015.81095890411,4.81095890410961,8,4,0,"2"
2015.81095890411,4.81095890410961,1,5,0,"3"
2015.81095890411,4.81095890410961,64,5,2,"4"
2015.81095890411,4.81095890410961,34,6,0,"5"
2015.81095890411,4.81095890410961,36,1,0,"6"
2015.81095890411,4.81095890410961,4,9,0,"7"
2015.81095890411,4.81095890410961,7,1,0,"8"
2015.81095890411,4.81095890410961,15,18,7,"9"
2015.81095890411,4.81095890410961,2,9,4,"10"
2015.8301369863,4.83013698630134,2,1,0,"1"
2015.8301369863,4.83013698630134,9,3,1,"2"
2015.8301369863,4.83013698630134,10,4,3,"3"
2015.8301369863,4.83013698630134,68,6,1,"4"
2015.8301369863,4.83013698630134,38,10,0,"5"
2015.8301369863,4.83013698630134,55,1,3,"6"
2015.8301369863,4.83013698630134,9,5,2,"7"
2015.8301369863,4.83013698630134,3,0,0,"8"
2015.8301369863,4.83013698630134,13,12,4,"9"
2015.8301369863,4.83013698630134,5,2,0,"10"
2015.84931506849,4.84931506849307,3,0,0,"1"
2015.84931506849,4.84931506849307,24,4,0,"2"
2015.84931506849,4.84931506849307,12,2,1,"3"
2015.84931506849,4.84931506849307,105,3,0,"4"
2015.84931506849,4.84931506849307,46,4,2,"5"
2015.84931506849,4.84931506849307,73,1,3,"6"
2015.84931506849,4.84931506849307,5,4,0,"7"
2015.84931506849,4.84931506849307,4,1,1,"8"
2015.84931506849,4.84931506849307,12,8,6,"9"
2015.84931506849,4.84931506849307,5,4,1,"10"
2015.86849315069,4.86849315068503,1,3,1,"1"
2015.86849315069,4.86849315068503,25,3,1,"2"
2015.86849315069,4.86849315068503,20,2,1,"3"
2015.86849315069,4.86849315068503,158,6,5,"4"
2015.86849315069,4.86849315068503,70,4,2,"5"
2015.86849315069,4.86849315068503,70,4,2,"6"
2015.86849315069,4.86849315068503,5,0,1,"7"
2015.86849315069,4.86849315068503,12,3,0,"8"
2015.86849315069,4.86849315068503,9,17,3,"9"
2015.86849315069,4.86849315068503,6,4,0,"10"
2015.88767123288,4.88767123287676,4,1,0,"1"
2015.88767123288,4.88767123287676,39,20,0,"2"
2015.88767123288,4.88767123287676,17,1,0,"3"
2015.88767123288,4.88767123287676,179,4,2,"4"
2015.88767123288,4.88767123287676,92,10,0,"5"
2015.88767123288,4.88767123287676,70,0,0,"6"
2015.88767123288,4.88767123287676,8,0,0,"7"
2015.88767123288,4.88767123287676,5,5,1,"8"
2015.88767123288,4.88767123287676,15,15,4,"9"
2015.88767123288,4.88767123287676,15,4,1,"10"
2015.90684931507,4.90684931506848,5,1,0,"1"
2015.90684931507,4.90684931506848,47,8,0,"2"
2015.90684931507,4.90684931506848,19,5,3,"3"
2015.90684931507,4.90684931506848,191,0,3,"4"
2015.90684931507,4.90684931506848,106,4,0,"5"
2015.90684931507,4.90684931506848,246,1,0,"6"
2015.90684931507,4.90684931506848,12,0,0,"7"
2015.90684931507,4.90684931506848,16,3,1,"8"
2015.90684931507,4.90684931506848,16,14,6,"9"
2015.90684931507,4.90684931506848,14,5,3,"10"
2015.92602739726,4.92602739726021,6,4,1,"1"
2015.92602739726,4.92602739726021,91,16,0,"2"
2015.92602739726,4.92602739726021,43,4,5,"3"
2015.92602739726,4.92602739726021,201,1,4,"4"
2015.92602739726,4.92602739726021,169,8,0,"5"
2015.92602739726,4.92602739726021,218,2,1,"6"
2015.92602739726,4.92602739726021,16,1,0,"7"
2015.92602739726,4.92602739726021,16,6,1,"8"
2015.92602739726,4.92602739726021,17,17,10,"9"
2015.92602739726,4.92602739726021,32,7,2,"10"
2015.94520547945,4.94520547945194,17,1,0,"1"
2015.94520547945,4.94520547945194,141,6,0,"2"
2015.94520547945,4.94520547945194,82,2,1,"3"
2015.94520547945,4.94520547945194,178,3,10,"4"
2015.94520547945,4.94520547945194,208,10,5,"5"
2015.94520547945,4.94520547945194,260,5,1,"6"
2015.94520547945,4.94520547945194,18,0,0,"7"
2015.94520547945,4.94520547945194,28,10,1,"8"
2015.94520547945,4.94520547945194,25,33,3,"9"
2015.94520547945,4.94520547945194,37,8,3,"10"
2015.96438356164,4.9643835616439,24,3,0,"1"
2015.96438356164,4.9643835616439,179,19,1,"2"
2015.96438356164,4.9643835616439,110,1,3,"3"
2015.96438356164,4.9643835616439,209,7,4,"4"
2015.96438356164,4.9643835616439,276,24,2,"5"
2015.96438356164,4.9643835616439,343,3,1,"6"
2015.96438356164,4.9643835616439,31,1,0,"7"
2015.96438356164,4.9643835616439,44,17,4,"8"
2015.96438356164,4.9643835616439,52,25,16,"9"
2015.96438356164,4.9643835616439,37,8,2,"10"
2015.98356164384,4.98356164383563,27,5,0,"1"
2015.98356164384,4.98356164383563,189,18,2,"2"
2015.98356164384,4.98356164383563,123,18,1,"3"
2015.98356164384,4.98356164383563,234,3,5,"4"
2015.98356164384,4.98356164383563,327,13,1,"5"
2015.98356164384,4.98356164383563,413,3,2,"6"
2015.98356164384,4.98356164383563,26,2,0,"7"
2015.98356164384,4.98356164383563,57,19,12,"8"
2015.98356164384,4.98356164383563,77,34,14,"9"
2015.98356164384,4.98356164383563,46,8,6,"10"
2016.0218579235,5.02185792349724,60,6,2,"1"
2016.0218579235,5.02185792349724,216,20,3,"2"
2016.0218579235,5.02185792349724,183,4,2,"3"
2016.0218579235,5.02185792349724,146,18,2,"4"
2016.0218579235,5.02185792349724,409,23,2,"5"
2016.0218579235,5.02185792349724,477,5,2,"6"
2016.0218579235,5.02185792349724,49,2,0,"7"
2016.0218579235,5.02185792349724,98,35,18,"8"
2016.0218579235,5.02185792349724,97,173,35,"9"
2016.0218579235,5.02185792349724,85,16,12,"10"
2016.04098360656,5.04098360655735,55,9,4,"1"
2016.04098360656,5.04098360655735,219,30,7,"2"
2016.04098360656,5.04098360655735,188,12,2,"3"
2016.04098360656,5.04098360655735,151,31,13,"4"
2016.04098360656,5.04098360655735,413,28,3,"5"
2016.04098360656,5.04098360655735,494,11,5,"6"
2016.04098360656,5.04098360655735,56,10,0,"7"
2016.04098360656,5.04098360655735,144,30,17,"8"
2016.04098360656,5.04098360655735,109,162,57,"9"
2016.04098360656,5.04098360655735,86,27,22,"10"
2016.06010928962,5.06010928961746,87,15,3,"1"
2016.06010928962,5.06010928961746,164,32,2,"2"
2016.06010928962,5.06010928961746,205,20,2,"3"
2016.06010928962,5.06010928961746,122,33,13,"4"
2016.06010928962,5.06010928961746,493,76,5,"5"
2016.06010928962,5.06010928961746,453,17,2,"6"
2016.06010928962,5.06010928961746,63,6,5,"7"
2016.06010928962,5.06010928961746,193,41,26,"8"
2016.06010928962,5.06010928961746,172,203,64,"9"
2016.06010928962,5.06010928961746,158,31,31,"10"
2016.07923497268,5.07923497267757,90,21,5,"1"
2016.07923497268,5.07923497267757,179,29,6,"2"
2016.07923497268,5.07923497267757,208,21,15,"3"
2016.07923497268,5.07923497267757,135,63,15,"4"
2016.07923497268,5.07923497267757,443,137,7,"5"
2016.07923497268,5.07923497267757,479,23,4,"6"
2016.07923497268,5.07923497267757,90,19,1,"7"
2016.07923497268,5.07923497267757,260,77,34,"8"
2016.07923497268,5.07923497267757,188,259,104,"9"
2016.07923497268,5.07923497267757,190,52,38,"10"
2016.09836065574,5.09836065573768,120,55,9,"1"
2016.09836065574,5.09836065573768,177,44,8,"2"
2016.09836065574,5.09836065573768,191,39,9,"3"
2016.09836065574,5.09836065573768,121,69,27,"4"
2016.09836065574,5.09836065573768,580,120,7,"5"
2016.09836065574,5.09836065573768,482,28,17,"6"
2016.09836065574,5.09836065573768,101,40,5,"7"
2016.09836065574,5.09836065573768,281,117,45,"8"
2016.09836065574,5.09836065573768,203,294,133,"9"
2016.09836065574,5.09836065573768,199,50,43,"10"
2016.1174863388,5.11748633879779,95,55,19,"1"
2016.1174863388,5.11748633879779,194,58,18,"2"
2016.1174863388,5.11748633879779,183,66,12,"3"
2016.1174863388,5.11748633879779,128,102,22,"4"
2016.1174863388,5.11748633879779,529,177,14,"5"
2016.1174863388,5.11748633879779,462,55,23,"6"
2016.1174863388,5.11748633879779,111,41,3,"7"
2016.1174863388,5.11748633879779,281,130,43,"8"
2016.1174863388,5.11748633879779,220,404,216,"9"
2016.1174863388,5.11748633879779,186,56,68,"10"
2016.13661202186,5.1366120218579,82,95,15,"1"
2016.13661202186,5.1366120218579,183,96,20,"2"
2016.13661202186,5.1366120218579,193,167,23,"3"
2016.13661202186,5.1366120218579,120,152,28,"4"
2016.13661202186,5.1366120218579,578,267,9,"5"
2016.13661202186,5.1366120218579,376,84,27,"6"
2016.13661202186,5.1366120218579,117,36,18,"7"
2016.13661202186,5.1366120218579,316,206,60,"8"
2016.13661202186,5.1366120218579,219,447,328,"9"
2016.13661202186,5.1366120218579,213,65,63,"10"
2016.15573770492,5.15573770491801,92,116,20,"1"
2016.15573770492,5.15573770491801,175,160,17,"2"
2016.15573770492,5.15573770491801,191,319,74,"3"
2016.15573770492,5.15573770491801,111,145,38,"4"
2016.15573770492,5.15573770491801,595,330,33,"5"
2016.15573770492,5.15573770491801,412,108,45,"6"
2016.15573770492,5.15573770491801,115,50,26,"7"
2016.15573770492,5.15573770491801,308,242,65,"8"
2016.15573770492,5.15573770491801,188,367,347,"9"
2016.15573770492,5.15573770491801,218,95,89,"10"
2016.17486338798,5.17486338797812,103,139,35,"1"
2016.17486338798,5.17486338797812,146,141,24,"2"
2016.17486338798,5.17486338797812,196,393,53,"3"
2016.17486338798,5.17486338797812,85,165,39,"4"
2016.17486338798,5.17486338797812,531,411,52,"5"
2016.17486338798,5.17486338797812,368,128,45,"6"
2016.17486338798,5.17486338797812,122,57,17,"7"
2016.17486338798,5.17486338797812,310,299,69,"8"
2016.17486338798,5.17486338797812,176,398,284,"9"
2016.17486338798,5.17486338797812,183,100,83,"10"
2016.19398907104,5.19398907103823,90,263,38,"1"
2016.19398907104,5.19398907103823,163,193,25,"2"
2016.19398907104,5.19398907103823,196,487,106,"3"
2016.19398907104,5.19398907103823,70,212,53,"4"
2016.19398907104,5.19398907103823,430,457,68,"5"
2016.19398907104,5.19398907103823,266,109,62,"6"
2016.19398907104,5.19398907103823,118,79,18,"7"
2016.19398907104,5.19398907103823,241,264,80,"8"
2016.19398907104,5.19398907103823,142,321,195,"9"
2016.19398907104,5.19398907103823,167,148,96,"10"
2016.2131147541,5.21311475409834,84,209,21,"1"
2016.2131147541,5.21311475409834,116,154,43,"2"
2016.2131147541,5.21311475409834,131,305,80,"3"
2016.2131147541,5.21311475409834,56,130,42,"4"
2016.2131147541,5.21311475409834,403,287,60,"5"
2016.2131147541,5.21311475409834,240,93,45,"6"
2016.2131147541,5.21311475409834,76,34,12,"7"
2016.2131147541,5.21311475409834,222,171,51,"8"
2016.2131147541,5.21311475409834,111,256,187,"9"
2016.2131147541,5.21311475409834,142,112,76,"10"
2016.23224043716,5.23224043715845,72,144,42,"1"
2016.23224043716,5.23224043715845,102,131,35,"2"
2016.23224043716,5.23224043715845,103,208,81,"3"
2016.23224043716,5.23224043715845,67,88,24,"4"
2016.23224043716,5.23224043715845,263,147,33,"5"
2016.23224043716,5.23224043715845,166,71,47,"6"
2016.23224043716,5.23224043715845,81,44,8,"7"
2016.23224043716,5.23224043715845,149,132,37,"8"
2016.23224043716,5.23224043715845,82,201,125,"9"
2016.23224043716,5.23224043715845,105,109,77,"10"
2016.25136612022,5.25136612021856,69,108,73,"1"
2016.25136612022,5.25136612021856,91,110,42,"2"
2016.25136612022,5.25136612021856,77,131,70,"3"
2016.25136612022,5.25136612021856,32,72,37,"4"
2016.25136612022,5.25136612021856,230,144,34,"5"
2016.25136612022,5.25136612021856,117,74,51,"6"
2016.25136612022,5.25136612021856,36,28,6,"7"
2016.25136612022,5.25136612021856,121,110,59,"8"
2016.25136612022,5.25136612021856,54,163,105,"9"
2016.25136612022,5.25136612021856,95,80,69,"10"
2016.27049180328,5.27049180327867,56,59,43,"1"
2016.27049180328,5.27049180327867,78,64,39,"2"
2016.27049180328,5.27049180327867,51,75,47,"3"
2016.27049180328,5.27049180327867,45,65,23,"4"
2016.27049180328,5.27049180327867,159,111,34,"5"
2016.27049180328,5.27049180327867,92,33,38,"6"
2016.27049180328,5.27049180327867,43,25,11,"7"
2016.27049180328,5.27049180327867,83,65,45,"8"
2016.27049180328,5.27049180327867,38,117,109,"9"
2016.27049180328,5.27049180327867,72,88,53,"10"
2016.28961748634,5.28961748633878,38,46,42,"1"
2016.28961748634,5.28961748633878,48,38,35,"2"
2016.28961748634,5.28961748633878,37,65,71,"3"
2016.28961748634,5.28961748633878,25,45,29,"4"
2016.28961748634,5.28961748633878,146,74,38,"5"
2016.28961748634,5.28961748633878,73,30,28,"6"
2016.28961748634,5.28961748633878,39,20,5,"7"
2016.28961748634,5.28961748633878,82,52,27,"8"
2016.28961748634,5.28961748633878,28,83,74,"9"
2016.28961748634,5.28961748633878,58,63,49,"10"
2016.3087431694,5.30874316939889,26,39,29,"1"
2016.3087431694,5.30874316939889,49,37,49,"2"
2016.3087431694,5.30874316939889,26,56,86,"3"
2016.3087431694,5.30874316939889,26,40,42,"4"
2016.3087431694,5.30874316939889,108,47,38,"5"
2016.3087431694,5.30874316939889,36,30,28,"6"
2016.3087431694,5.30874316939889,31,14,12,"7"
2016.3087431694,5.30874316939889,43,31,29,"8"
2016.3087431694,5.30874316939889,26,68,67,"9"
2016.3087431694,5.30874316939889,40,57,27,"10"
2016.32786885246,5.32786885245901,17,33,17,"1"
2016.32786885246,5.32786885245901,40,28,31,"2"
2016.32786885246,5.32786885245901,23,30,67,"3"
2016.32786885246,5.32786885245901,22,26,28,"4"
2016.32786885246,5.32786885245901,85,33,31,"5"
2016.32786885246,5.32786885245901,44,13,19,"6"
2016.32786885246,5.32786885245901,21,8,6,"7"
2016.32786885246,5.32786885245901,39,17,23,"8"
2016.32786885246,5.32786885245901,16,48,45,"9"
2016.32786885246,5.32786885245901,20,34,24,"10"
2016.34699453552,5.34699453551912,11,18,11,"1"
2016.34699453552,5.34699453551912,21,7,34,"2"
2016.34699453552,5.34699453551912,10,17,42,"3"
2016.34699453552,5.34699453551912,17,19,25,"4"
2016.34699453552,5.34699453551912,36,12,16,"5"
2016.34699453552,5.34699453551912,22,4,13,"6"
2016.34699453552,5.34699453551912,23,5,3,"7"
2016.34699453552,5.34699453551912,26,12,15,"8"
2016.34699453552,5.34699453551912,9,27,34,"9"
2016.34699453552,5.34699453551912,16,17,22,"10"
2016.36612021858,5.36612021857923,7,5,3,"1"
2016.36612021858,5.36612021857923,17,5,17,"2"
2016.36612021858,5.36612021857923,14,3,33,"3"
2016.36612021858,5.36612021857923,11,40,14,"4"
2016.36612021858,5.36612021857923,23,10,15,"5"
2016.36612021858,5.36612021857923,14,4,14,"6"
2016.36612021858,5.36612021857923,21,7,3,"7"
2016.36612021858,5.36612021857923,27,9,12,"8"
2016.36612021858,5.36612021857923,9,24,39,"9"
2016.36612021858,5.36612021857923,18,10,10,"10"
2016.38524590164,5.38524590163934,6,7,4,"1"
2016.38524590164,5.38524590163934,6,7,20,"2"
2016.38524590164,5.38524590163934,6,3,17,"3"
2016.38524590164,5.38524590163934,9,37,8,"4"
2016.38524590164,5.38524590163934,20,8,11,"5"
2016.38524590164,5.38524590163934,20,13,11,"6"
2016.38524590164,5.38524590163934,16,1,0,"7"
2016.38524590164,5.38524590163934,15,4,9,"8"
2016.38524590164,5.38524590163934,11,33,22,"9"
2016.38524590164,5.38524590163934,10,3,6,"10"
2016.4043715847,5.40437158469945,5,3,1,"1"
2016.4043715847,5.40437158469945,9,5,19,"2"
2016.4043715847,5.40437158469945,2,1,8,"3"
2016.4043715847,5.40437158469945,7,18,15,"4"
2016.4043715847,5.40437158469945,27,4,6,"5"
2016.4043715847,5.40437158469945,14,5,9,"6"
2016.4043715847,5.40437158469945,3,0,0,"7"
2016.4043715847,5.40437158469945,10,7,7,"8"
2016.4043715847,5.40437158469945,5,16,17,"9"
2016.4043715847,5.40437158469945,5,3,2,"10"
2016.42349726776,5.42349726775956,1,1,0,"1"
2016.42349726776,5.42349726775956,10,4,19,"2"
2016.42349726776,5.42349726775956,5,1,13,"3"
2016.42349726776,5.42349726775956,17,4,13,"4"
2016.42349726776,5.42349726775956,16,1,2,"5"
2016.42349726776,5.42349726775956,15,1,4,"6"
2016.42349726776,5.42349726775956,5,1,1,"7"
2016.42349726776,5.42349726775956,9,0,1,"8"
2016.42349726776,5.42349726775956,3,5,17,"9"
2016.42349726776,5.42349726775956,6,0,3,"10"
2016.44262295082,5.44262295081967,1,0,0,"1"
2016.44262295082,5.44262295081967,4,3,12,"2"
2016.44262295082,5.44262295081967,4,0,1,"3"
2016.44262295082,5.44262295081967,17,1,9,"4"
2016.44262295082,5.44262295081967,8,1,2,"5"
2016.44262295082,5.44262295081967,7,1,4,"6"
2016.44262295082,5.44262295081967,5,0,0,"7"
2016.44262295082,5.44262295081967,7,0,2,"8"
2016.44262295082,5.44262295081967,4,13,6,"9"
2016.44262295082,5.44262295081967,4,2,1,"10"
2016.46174863388,5.46174863387978,3,6,10,"2"
2016.46174863388,5.46174863387978,3,0,0,"3"
2016.46174863388,5.46174863387978,4,4,3,"4"
2016.46174863388,5.46174863387978,8,0,1,"5"
2016.46174863388,5.46174863387978,7,1,2,"6"
2016.46174863388,5.46174863387978,3,0,1,"7"
2016.46174863388,5.46174863387978,7,0,1,"8"
2016.46174863388,5.46174863387978,4,11,4,"9"
2016.46174863388,5.46174863387978,1,3,0,"10"
2016.48087431694,5.48087431693989,3,10,9,"2"
2016.48087431694,5.48087431693989,3,0,2,"3"
2016.48087431694,5.48087431693989,4,1,8,"4"
2016.48087431694,5.48087431693989,6,3,2,"5"
2016.48087431694,5.48087431693989,2,2,2,"6"
2016.48087431694,5.48087431693989,0,1,0,"7"
2016.48087431694,5.48087431693989,2,0,0,"8"
2016.48087431694,5.48087431693989,3,8,7,"9"
2016.48087431694,5.48087431693989,1,2,0,"10"
2016.5,5.5,0,1,0,"1"
2016.5,5.5,0,4,13,"2"
2016.5,5.5,3,1,0,"3"
2016.5,5.5,3,1,4,"4"
2016.5,5.5,3,1,1,"5"
2016.5,5.5,4,2,0,"6"
2016.5,5.5,3,1,0,"7"
2016.5,5.5,3,1,0,"8"
2016.5,5.5,1,8,1,"9"
2016.5,5.5,3,4,0,"10"
2016.51912568306,5.51912568306011,0,0,0,"1"
2016.51912568306,5.51912568306011,1,5,11,"2"
2016.51912568306,5.51912568306011,1,0,0,"3"
2016.51912568306,5.51912568306011,5,3,4,"4"
2016.51912568306,5.51912568306011,9,1,0,"5"
2016.51912568306,5.51912568306011,5,0,1,"6"
2016.51912568306,5.51912568306011,2,1,0,"7"
2016.51912568306,5.51912568306011,2,1,0,"8"
2016.51912568306,5.51912568306011,4,9,3,"9"
2016.51912568306,5.51912568306011,3,0,0,"10"
2016.53825136612,5.53825136612022,1,5,6,"2"
2016.53825136612,5.53825136612022,1,0,0,"3"
2016.53825136612,5.53825136612022,6,4,4,"4"
2016.53825136612,5.53825136612022,4,2,1,"5"
2016.53825136612,5.53825136612022,5,0,0,"6"
2016.53825136612,5.53825136612022,5,3,0,"7"
2016.53825136612,5.53825136612022,1,2,1,"8"
2016.53825136612,5.53825136612022,7,5,4,"9"
2016.53825136612,5.53825136612022,0,2,0,"10"
2016.55737704918,5.55737704918033,0,10,7,"2"
2016.55737704918,5.55737704918033,5,0,0,"3"
2016.55737704918,5.55737704918033,7,1,2,"4"
2016.55737704918,5.55737704918033,2,1,0,"5"
2016.55737704918,5.55737704918033,4,1,0,"6"
2016.55737704918,5.55737704918033,2,1,0,"7"
2016.55737704918,5.55737704918033,2,0,0,"8"
2016.55737704918,5.55737704918033,2,7,4,"9"
2016.55737704918,5.55737704918033,1,0,1,"10"
2016.57650273224,5.57650273224044,0,0,0,"1"
2016.57650273224,5.57650273224044,4,24,9,"2"
2016.57650273224,5.57650273224044,4,0,0,"3"
2016.57650273224,5.57650273224044,6,1,1,"4"
2016.57650273224,5.57650273224044,5,4,2,"5"
2016.57650273224,5.57650273224044,1,0,0,"6"
2016.57650273224,5.57650273224044,1,0,0,"7"
2016.57650273224,5.57650273224044,2,0,0,"8"
2016.57650273224,5.57650273224044,5,10,1,"9"
2016.57650273224,5.57650273224044,0,2,1,"10"
2016.5956284153,5.59562841530055,1,37,4,"2"
2016.5956284153,5.59562841530055,2,0,0,"3"
2016.5956284153,5.59562841530055,9,0,0,"4"
2016.5956284153,5.59562841530055,1,5,0,"5"
2016.5956284153,5.59562841530055,3,0,0,"6"
2016.5956284153,5.59562841530055,6,1,0,"7"
2016.5956284153,5.59562841530055,3,1,0,"8"
2016.5956284153,5.59562841530055,2,7,1,"9"
2016.5956284153,5.59562841530055,1,0,0,"10"
2016.61475409836,5.61475409836066,0,0,0,"1"
2016.61475409836,5.61475409836066,1,7,6,"2"
2016.61475409836,5.61475409836066,8,0,1,"3"
2016.61475409836,5.61475409836066,8,4,0,"4"
2016.61475409836,5.61475409836066,6,15,0,"5"
2016.61475409836,5.61475409836066,3,1,0,"6"
2016.61475409836,5.61475409836066,0,1,0,"7"
2016.61475409836,5.61475409836066,0,3,2,"8"
2016.61475409836,5.61475409836066,5,10,7,"9"
2016.61475409836,5.61475409836066,1,3,0,"10"
2016.63387978142,5.63387978142077,1,0,0,"1"
2016.63387978142,5.63387978142077,1,4,3,"2"
2016.63387978142,5.63387978142077,4,1,0,"3"
2016.63387978142,5.63387978142077,13,2,1,"4"
2016.63387978142,5.63387978142077,2,16,0,"5"
2016.63387978142,5.63387978142077,6,0,1,"6"
2016.63387978142,5.63387978142077,0,1,0,"7"
2016.63387978142,5.63387978142077,1,1,0,"8"
2016.63387978142,5.63387978142077,5,6,5,"9"
2016.63387978142,5.63387978142077,1,3,1,"10"
2016.65300546448,5.65300546448088,1,0,0,"1"
2016.65300546448,5.65300546448088,0,6,7,"2"
2016.65300546448,5.65300546448088,4,0,0,"3"
2016.65300546448,5.65300546448088,8,10,2,"4"
2016.65300546448,5.65300546448088,4,4,1,"5"
2016.65300546448,5.65300546448088,4,2,0,"6"
2016.65300546448,5.65300546448088,7,0,0,"7"
2016.65300546448,5.65300546448088,1,1,0,"8"
2016.65300546448,5.65300546448088,8,8,0,"9"
2016.65300546448,5.65300546448088,1,2,0,"10"
2016.67213114754,5.67213114754099,1,3,0,"1"
2016.67213114754,5.67213114754099,3,3,3,"2"
2016.67213114754,5.67213114754099,4,1,0,"3"
2016.67213114754,5.67213114754099,13,6,5,"4"
2016.67213114754,5.67213114754099,6,4,1,"5"
2016.67213114754,5.67213114754099,7,6,1,"6"
2016.67213114754,5.67213114754099,7,2,0,"7"
2016.67213114754,5.67213114754099,1,1,0,"8"
2016.67213114754,5.67213114754099,13,9,1,"9"
2016.67213114754,5.67213114754099,1,5,0,"10"
2016.6912568306,5.69125683060111,0,4,0,"1"
2016.6912568306,5.69125683060111,5,1,1,"2"
2016.6912568306,5.69125683060111,1,3,0,"3"
2016.6912568306,5.69125683060111,13,6,7,"4"
2016.6912568306,5.69125683060111,8,5,0,"5"
2016.6912568306,5.69125683060111,9,6,0,"6"
2016.6912568306,5.69125683060111,10,2,0,"7"
2016.6912568306,5.69125683060111,0,2,0,"8"
2016.6912568306,5.69125683060111,13,7,2,"9"
2016.6912568306,5.69125683060111,3,12,0,"10"
2016.71038251366,5.71038251366122,0,12,0,"1"
2016.71038251366,5.71038251366122,1,6,3,"2"
2016.71038251366,5.71038251366122,3,3,0,"3"
2016.71038251366,5.71038251366122,21,7,10,"4"
2016.71038251366,5.71038251366122,14,6,0,"5"
2016.71038251366,5.71038251366122,12,3,0,"6"
2016.71038251366,5.71038251366122,4,0,0,"7"
2016.71038251366,5.71038251366122,3,2,1,"8"
2016.71038251366,5.71038251366122,17,11,5,"9"
2016.71038251366,5.71038251366122,3,15,1,"10"
2016.72950819672,5.72950819672133,0,5,0,"1"
2016.72950819672,5.72950819672133,1,10,5,"2"
2016.72950819672,5.72950819672133,4,1,0,"3"
2016.72950819672,5.72950819672133,47,18,6,"4"
2016.72950819672,5.72950819672133,9,7,0,"5"
2016.72950819672,5.72950819672133,23,2,0,"6"
2016.72950819672,5.72950819672133,14,1,1,"7"
2016.72950819672,5.72950819672133,1,1,0,"8"
2016.72950819672,5.72950819672133,25,19,3,"9"
2016.72950819672,5.72950819672133,0,19,1,"10"
2016.74863387978,5.74863387978144,0,0,0,"1"
2016.74863387978,5.74863387978144,3,4,8,"2"
2016.74863387978,5.74863387978144,6,3,0,"3"
2016.74863387978,5.74863387978144,52,12,3,"4"
2016.74863387978,5.74863387978144,22,6,1,"5"
2016.74863387978,5.74863387978144,18,0,0,"6"
2016.74863387978,5.74863387978144,13,3,2,"7"
2016.74863387978,5.74863387978144,0,2,0,"8"
2016.74863387978,5.74863387978144,31,15,1,"9"
2016.74863387978,5.74863387978144,3,34,1,"10"
2016.76775956284,5.76775956284155,1,6,0,"1"
2016.76775956284,5.76775956284155,7,6,2,"2"
2016.76775956284,5.76775956284155,10,4,0,"3"
2016.76775956284,5.76775956284155,62,12,3,"4"
2016.76775956284,5.76775956284155,23,7,1,"5"
2016.76775956284,5.76775956284155,37,2,0,"6"
2016.76775956284,5.76775956284155,17,2,1,"7"
2016.76775956284,5.76775956284155,5,10,0,"8"
2016.76775956284,5.76775956284155,32,30,3,"9"
2016.76775956284,5.76775956284155,7,17,0,"10"
2016.7868852459,5.78688524590166,2,2,0,"1"
2016.7868852459,5.78688524590166,17,7,8,"2"
2016.7868852459,5.78688524590166,6,1,1,"3"
2016.7868852459,5.78688524590166,71,10,2,"4"
2016.7868852459,5.78688524590166,48,7,0,"5"
2016.7868852459,5.78688524590166,47,0,0,"6"
2016.7868852459,5.78688524590166,27,1,0,"7"
2016.7868852459,5.78688524590166,1,12,0,"8"
2016.7868852459,5.78688524590166,23,32,4,"9"
2016.7868852459,5.78688524590166,5,20,1,"10"
2016.80601092896,5.80601092896177,5,3,0,"1"
2016.80601092896,5.80601092896177,21,17,4,"2"
2016.80601092896,5.80601092896177,17,2,0,"3"
2016.80601092896,5.80601092896177,93,11,1,"4"
2016.80601092896,5.80601092896177,42,15,3,"5"
2016.80601092896,5.80601092896177,61,5,5,"6"
2016.80601092896,5.80601092896177,33,1,0,"7"
2016.80601092896,5.80601092896177,9,10,0,"8"
2016.80601092896,5.80601092896177,35,59,5,"9"
2016.80601092896,5.80601092896177,8,25,1,"10"
2016.82513661202,5.82513661202188,3,5,0,"1"
2016.82513661202,5.82513661202188,33,23,1,"2"
2016.82513661202,5.82513661202188,20,9,0,"3"
2016.82513661202,5.82513661202188,84,9,5,"4"
2016.82513661202,5.82513661202188,73,9,1,"5"
2016.82513661202,5.82513661202188,91,4,2,"6"
2016.82513661202,5.82513661202188,31,2,0,"7"
2016.82513661202,5.82513661202188,10,23,0,"8"
2016.82513661202,5.82513661202188,45,36,1,"9"
2016.82513661202,5.82513661202188,11,24,2,"10"
2016.84426229508,5.84426229508199,3,8,1,"1"
2016.84426229508,5.84426229508199,50,9,5,"2"
2016.84426229508,5.84426229508199,35,6,1,"3"
2016.84426229508,5.84426229508199,111,7,4,"4"
2016.84426229508,5.84426229508199,130,12,1,"5"
2016.84426229508,5.84426229508199,129,4,2,"6"
2016.84426229508,5.84426229508199,36,2,1,"7"
2016.84426229508,5.84426229508199,19,15,0,"8"
2016.84426229508,5.84426229508199,73,41,5,"9"
2016.84426229508,5.84426229508199,19,33,0,"10"
2016.86338797814,5.8633879781421,7,1,0,"1"
2016.86338797814,5.8633879781421,83,13,1,"2"
2016.86338797814,5.8633879781421,37,10,2,"3"
2016.86338797814,5.8633879781421,121,6,4,"4"
2016.86338797814,5.8633879781421,121,8,1,"5"
2016.86338797814,5.8633879781421,162,3,2,"6"
2016.86338797814,5.8633879781421,53,0,0,"7"
2016.86338797814,5.8633879781421,18,15,0,"8"
2016.86338797814,5.8633879781421,79,65,2,"9"
2016.86338797814,5.8633879781421,29,40,0,"10"
2016.8825136612,5.88251366120221,12,8,0,"1"
2016.8825136612,5.88251366120221,94,13,6,"2"
2016.8825136612,5.88251366120221,78,12,1,"3"
2016.8825136612,5.88251366120221,162,12,6,"4"
2016.8825136612,5.88251366120221,160,26,2,"5"
2016.8825136612,5.88251366120221,232,7,0,"6"
2016.8825136612,5.88251366120221,59,4,0,"7"
2016.8825136612,5.88251366120221,24,15,0,"8"
2016.8825136612,5.88251366120221,111,62,4,"9"
2016.8825136612,5.88251366120221,53,41,2,"10"
2016.90163934426,5.90163934426232,16,1,1,"1"
2016.90163934426,5.90163934426232,122,16,2,"2"
2016.90163934426,5.90163934426232,81,16,4,"3"
2016.90163934426,5.90163934426232,161,15,5,"4"
2016.90163934426,5.90163934426232,171,13,1,"5"
2016.90163934426,5.90163934426232,232,6,1,"6"
2016.90163934426,5.90163934426232,55,5,0,"7"
2016.90163934426,5.90163934426232,34,22,0,"8"
2016.90163934426,5.90163934426232,126,64,3,"9"
2016.90163934426,5.90163934426232,50,25,0,"10"
2016.92076502732,5.92076502732243,38,16,0,"1"
2016.92076502732,5.92076502732243,212,15,4,"2"
2016.92076502732,5.92076502732243,117,44,5,"3"
2016.92076502732,5.92076502732243,192,39,12,"4"
2016.92076502732,5.92076502732243,281,24,10,"5"
2016.92076502732,5.92076502732243,298,7,1,"6"
2016.92076502732,5.92076502732243,64,12,0,"7"
2016.92076502732,5.92076502732243,57,35,1,"8"
2016.92076502732,5.92076502732243,244,117,6,"9"
2016.92076502732,5.92076502732243,74,33,1,"10"
2016.93989071038,5.93989071038254,34,24,1,"1"
2016.93989071038,5.93989071038254,228,23,1,"2"
2016.93989071038,5.93989071038254,132,91,4,"3"
2016.93989071038,5.93989071038254,198,42,6,"4"
2016.93989071038,5.93989071038254,320,50,10,"5"
2016.93989071038,5.93989071038254,288,19,0,"6"
2016.93989071038,5.93989071038254,76,12,1,"7"
2016.93989071038,5.93989071038254,95,54,0,"8"
2016.93989071038,5.93989071038254,329,153,7,"9"
2016.93989071038,5.93989071038254,89,28,0,"10"
2016.95901639344,5.95901639344265,46,29,1,"1"
2016.95901639344,5.95901639344265,235,36,3,"2"
2016.95901639344,5.95901639344265,165,123,7,"3"
2016.95901639344,5.95901639344265,225,49,16,"4"
2016.95901639344,5.95901639344265,377,93,12,"5"
2016.95901639344,5.95901639344265,438,29,7,"6"
2016.95901639344,5.95901639344265,87,23,3,"7"
2016.95901639344,5.95901639344265,133,104,3,"8"
2016.95901639344,5.95901639344265,459,212,9,"9"
2016.95901639344,5.95901639344265,109,79,0,"10"
2016.9781420765,5.97814207650276,59,51,4,"1"
2016.9781420765,5.97814207650276,297,49,4,"2"
2016.9781420765,5.97814207650276,175,112,7,"3"
2016.9781420765,5.97814207650276,255,89,22,"4"
2016.9781420765,5.97814207650276,482,141,25,"5"
2016.9781420765,5.97814207650276,487,25,2,"6"
2016.9781420765,5.97814207650276,107,44,7,"7"
2016.9781420765,5.97814207650276,201,137,6,"8"
2016.9781420765,5.97814207650276,661,270,2,"9"
2016.9781420765,5.97814207650276,174,138,3,"10"
2016.99726775956,5.99726775956287,82,88,6,"1"
2016.99726775956,5.99726775956287,331,74,4,"2"
2016.99726775956,5.99726775956287,212,200,16,"3"
2016.99726775956,5.99726775956287,293,101,18,"4"
2016.99726775956,5.99726775956287,602,168,31,"5"
2016.99726775956,5.99726775956287,582,40,4,"6"
2016.99726775956,5.99726775956287,130,77,9,"7"
2016.99726775956,5.99726775956287,305,190,8,"8"
2016.99726775956,5.99726775956287,875,611,11,"9"
2016.99726775956,5.99726775956287,243,190,2,"10"
2017.01643835616,6.01643835616437,93,119,9,"1"
2017.01643835616,6.01643835616437,342,90,5,"2"
2017.01643835616,6.01643835616437,224,253,27,"3"
2017.01643835616,6.01643835616437,270,118,17,"4"
2017.01643835616,6.01643835616437,682,175,33,"5"
2017.01643835616,6.01643835616437,533,43,7,"6"
2017.01643835616,6.01643835616437,132,56,8,"7"
2017.01643835616,6.01643835616437,370,205,8,"8"
2017.01643835616,6.01643835616437,1125,867,10,"9"
2017.01643835616,6.01643835616437,324,207,2,"10"
2017.03561643836,6.0356164383561,92,131,11,"1"
2017.03561643836,6.0356164383561,273,84,1,"2"
2017.03561643836,6.0356164383561,204,252,17,"3"
2017.03561643836,6.0356164383561,179,188,21,"4"
2017.03561643836,6.0356164383561,552,225,31,"5"
2017.03561643836,6.0356164383561,421,80,20,"6"
2017.03561643836,6.0356164383561,132,114,17,"7"
2017.03561643836,6.0356164383561,343,206,12,"8"
2017.03561643836,6.0356164383561,984,777,17,"9"
2017.03561643836,6.0356164383561,303,232,3,"10"
2017.05479452055,6.05479452054806,86,176,17,"1"
2017.05479452055,6.05479452054806,218,102,9,"2"
2017.05479452055,6.05479452054806,208,299,24,"3"
2017.05479452055,6.05479452054806,193,236,39,"4"
2017.05479452055,6.05479452054806,579,329,40,"5"
2017.05479452055,6.05479452054806,436,107,11,"6"
2017.05479452055,6.05479452054806,143,106,18,"7"
2017.05479452055,6.05479452054806,393,208,19,"8"
2017.05479452055,6.05479452054806,890,585,13,"9"
2017.05479452055,6.05479452054806,357,186,9,"10"
2017.07397260274,6.07397260273979,104,200,9,"1"
2017.07397260274,6.07397260273979,244,123,7,"2"
2017.07397260274,6.07397260273979,175,327,37,"3"
2017.07397260274,6.07397260273979,171,215,32,"4"
2017.07397260274,6.07397260273979,614,375,47,"5"
2017.07397260274,6.07397260273979,491,146,24,"6"
2017.07397260274,6.07397260273979,150,136,17,"7"
2017.07397260274,6.07397260273979,463,170,24,"8"
2017.07397260274,6.07397260273979,949,577,21,"9"
2017.07397260274,6.07397260273979,358,238,6,"10"
2017.09315068493,6.09315068493152,79,215,22,"1"
2017.09315068493,6.09315068493152,211,132,19,"2"
2017.09315068493,6.09315068493152,147,321,49,"3"
2017.09315068493,6.09315068493152,163,267,43,"4"
2017.09315068493,6.09315068493152,538,459,60,"5"
2017.09315068493,6.09315068493152,355,182,22,"6"
2017.09315068493,6.09315068493152,130,117,24,"7"
2017.09315068493,6.09315068493152,460,237,58,"8"
2017.09315068493,6.09315068493152,901,510,22,"9"
2017.09315068493,6.09315068493152,333,237,9,"10"
2017.11232876712,6.11232876712324,95,278,27,"1"
2017.11232876712,6.11232876712324,159,146,17,"2"
2017.11232876712,6.11232876712324,147,450,50,"3"
2017.11232876712,6.11232876712324,164,322,59,"4"
2017.11232876712,6.11232876712324,520,530,124,"5"
2017.11232876712,6.11232876712324,466,208,26,"6"
2017.11232876712,6.11232876712324,154,142,23,"7"
2017.11232876712,6.11232876712324,519,235,58,"8"
2017.11232876712,6.11232876712324,885,575,20,"9"
2017.11232876712,6.11232876712324,289,183,9,"10"
2017.13150684931,6.13150684931497,108,199,43,"1"
2017.13150684931,6.13150684931497,155,153,18,"2"
2017.13150684931,6.13150684931497,141,450,67,"3"
2017.13150684931,6.13150684931497,130,364,100,"4"
2017.13150684931,6.13150684931497,479,530,149,"5"
2017.13150684931,6.13150684931497,371,205,42,"6"
2017.13150684931,6.13150684931497,139,119,26,"7"
2017.13150684931,6.13150684931497,453,164,75,"8"
2017.13150684931,6.13150684931497,735,391,23,"9"
2017.13150684931,6.13150684931497,272,127,13,"10"
2017.15068493151,6.15068493150693,93,186,37,"1"
2017.15068493151,6.15068493150693,117,121,21,"2"
2017.15068493151,6.15068493150693,87,459,115,"3"
2017.15068493151,6.15068493150693,102,374,101,"4"
2017.15068493151,6.15068493150693,412,528,159,"5"
2017.15068493151,6.15068493150693,291,178,33,"6"
2017.15068493151,6.15068493150693,137,96,23,"7"
2017.15068493151,6.15068493150693,416,125,77,"8"
2017.15068493151,6.15068493150693,639,299,26,"9"
2017.15068493151,6.15068493150693,244,97,13,"10"
2017.1698630137,6.16986301369866,89,106,34,"1"
2017.1698630137,6.16986301369866,94,67,39,"2"
2017.1698630137,6.16986301369866,93,263,108,"3"
2017.1698630137,6.16986301369866,109,193,74,"4"
2017.1698630137,6.16986301369866,315,364,156,"5"
2017.1698630137,6.16986301369866,301,116,33,"6"
2017.1698630137,6.16986301369866,96,40,17,"7"
2017.1698630137,6.16986301369866,274,89,96,"8"
2017.1698630137,6.16986301369866,463,255,36,"9"
2017.1698630137,6.16986301369866,181,66,16,"10"
2017.18904109589,6.18904109589039,84,74,46,"1"
2017.18904109589,6.18904109589039,81,49,19,"2"
2017.18904109589,6.18904109589039,83,203,102,"3"
2017.18904109589,6.18904109589039,90,197,89,"4"
2017.18904109589,6.18904109589039,255,265,162,"5"
2017.18904109589,6.18904109589039,185,138,46,"6"
2017.18904109589,6.18904109589039,84,41,12,"7"
2017.18904109589,6.18904109589039,234,78,99,"8"
2017.18904109589,6.18904109589039,362,219,41,"9"
2017.18904109589,6.18904109589039,152,57,18,"10"
2017.20821917808,6.20821917808212,65,30,36,"1"
2017.20821917808,6.20821917808212,64,33,21,"2"
2017.20821917808,6.20821917808212,45,133,109,"3"
2017.20821917808,6.20821917808212,56,125,108,"4"
2017.20821917808,6.20821917808212,226,187,182,"5"
2017.20821917808,6.20821917808212,177,104,37,"6"
2017.20821917808,6.20821917808212,67,28,22,"7"
2017.20821917808,6.20821917808212,207,70,103,"8"
2017.20821917808,6.20821917808212,278,195,67,"9"
2017.20821917808,6.20821917808212,128,43,20,"10"
2017.22739726027,6.22739726027407,62,47,65,"1"
2017.22739726027,6.22739726027407,44,33,30,"2"
2017.22739726027,6.22739726027407,55,142,140,"3"
2017.22739726027,6.22739726027407,48,161,132,"4"
2017.22739726027,6.22739726027407,188,177,247,"5"
2017.22739726027,6.22739726027407,119,74,47,"6"
2017.22739726027,6.22739726027407,40,16,21,"7"
2017.22739726027,6.22739726027407,146,51,86,"8"
2017.22739726027,6.22739726027407,184,137,49,"9"
2017.22739726027,6.22739726027407,97,40,23,"10"
2017.24657534247,6.2465753424658,46,54,80,"1"
2017.24657534247,6.2465753424658,44,32,36,"2"
2017.24657534247,6.2465753424658,51,121,143,"3"
2017.24657534247,6.2465753424658,41,104,131,"4"
2017.24657534247,6.2465753424658,142,145,281,"5"
2017.24657534247,6.2465753424658,109,35,52,"6"
2017.24657534247,6.2465753424658,18,15,20,"7"
2017.24657534247,6.2465753424658,114,25,96,"8"
2017.24657534247,6.2465753424658,123,102,56,"9"
2017.24657534247,6.2465753424658,62,52,42,"10"
2017.26575342466,6.26575342465753,50,46,88,"1"
2017.26575342466,6.26575342465753,38,35,43,"2"
2017.26575342466,6.26575342465753,74,52,84,"3"
2017.26575342466,6.26575342465753,37,55,77,"4"
2017.26575342466,6.26575342465753,114,68,207,"5"
2017.26575342466,6.26575342465753,57,17,20,"6"
2017.26575342466,6.26575342465753,22,6,9,"7"
2017.26575342466,6.26575342465753,84,11,78,"8"
2017.26575342466,6.26575342465753,91,82,50,"9"
2017.26575342466,6.26575342465753,56,23,44,"10"
2017.28493150685,6.28493150684926,38,29,74,"1"
2017.28493150685,6.28493150684926,38,9,31,"2"
2017.28493150685,6.28493150684926,39,12,52,"3"
2017.28493150685,6.28493150684926,26,28,27,"4"
2017.28493150685,6.28493150684926,92,47,151,"5"
2017.28493150685,6.28493150684926,52,16,25,"6"
2017.28493150685,6.28493150684926,25,2,8,"7"
2017.28493150685,6.28493150684926,58,9,53,"8"
2017.28493150685,6.28493150684926,70,52,71,"9"
2017.28493150685,6.28493150684926,45,23,38,"10"
2017.30410958904,6.30410958904099,29,14,46,"1"
2017.30410958904,6.30410958904099,28,6,17,"2"
2017.30410958904,6.30410958904099,12,5,53,"3"
2017.30410958904,6.30410958904099,26,18,32,"4"
2017.30410958904,6.30410958904099,75,32,92,"5"
2017.30410958904,6.30410958904099,47,6,16,"6"
2017.30410958904,6.30410958904099,14,1,12,"7"
2017.30410958904,6.30410958904099,25,6,20,"8"
2017.30410958904,6.30410958904099,53,55,67,"9"
2017.30410958904,6.30410958904099,35,14,30,"10"
2017.32328767123,6.32328767123295,19,4,19,"1"
2017.32328767123,6.32328767123295,18,7,13,"2"
2017.32328767123,6.32328767123295,13,9,17,"3"
2017.32328767123,6.32328767123295,15,15,21,"4"
2017.32328767123,6.32328767123295,33,9,61,"5"
2017.32328767123,6.32328767123295,38,9,13,"6"
2017.32328767123,6.32328767123295,14,0,3,"7"
2017.32328767123,6.32328767123295,41,7,18,"8"
2017.32328767123,6.32328767123295,40,69,89,"9"
2017.32328767123,6.32328767123295,12,13,27,"10"
2017.34246575342,6.34246575342468,5,4,18,"1"
2017.34246575342,6.34246575342468,6,3,5,"2"
2017.34246575342,6.34246575342468,13,3,15,"3"
2017.34246575342,6.34246575342468,17,13,14,"4"
2017.34246575342,6.34246575342468,30,10,37,"5"
2017.34246575342,6.34246575342468,22,4,11,"6"
2017.34246575342,6.34246575342468,7,0,3,"7"
2017.34246575342,6.34246575342468,19,9,15,"8"
2017.34246575342,6.34246575342468,24,41,63,"9"
2017.34246575342,6.34246575342468,15,3,22,"10"
2017.36164383562,6.36164383561641,10,3,2,"1"
2017.36164383562,6.36164383561641,6,4,8,"2"
2017.36164383562,6.36164383561641,7,2,5,"3"
2017.36164383562,6.36164383561641,11,17,16,"4"
2017.36164383562,6.36164383561641,19,12,18,"5"
2017.36164383562,6.36164383561641,14,4,6,"6"
2017.36164383562,6.36164383561641,7,1,1,"7"
2017.36164383562,6.36164383561641,20,25,16,"8"
2017.36164383562,6.36164383561641,22,31,102,"9"
2017.36164383562,6.36164383561641,12,3,17,"10"
2017.38082191781,6.38082191780813,3,2,2,"1"
2017.38082191781,6.38082191780813,9,5,7,"2"
2017.38082191781,6.38082191780813,9,4,3,"3"
2017.38082191781,6.38082191780813,16,4,19,"4"
2017.38082191781,6.38082191780813,11,4,11,"5"
2017.38082191781,6.38082191780813,22,10,3,"6"
2017.38082191781,6.38082191780813,5,0,1,"7"
2017.38082191781,6.38082191780813,10,14,31,"8"
2017.38082191781,6.38082191780813,10,25,89,"9"
2017.38082191781,6.38082191780813,9,1,14,"10"
2017.4,6.40000000000009,2,0,1,"1"
2017.4,6.40000000000009,7,2,3,"2"
2017.4,6.40000000000009,9,0,1,"3"
2017.4,6.40000000000009,11,6,4,"4"
2017.4,6.40000000000009,11,2,7,"5"
2017.4,6.40000000000009,14,0,5,"6"
2017.4,6.40000000000009,4,0,0,"7"
2017.4,6.40000000000009,8,10,14,"8"
2017.4,6.40000000000009,7,27,85,"9"
2017.4,6.40000000000009,7,0,9,"10"
2017.41917808219,6.41917808219182,4,0,0,"1"
2017.41917808219,6.41917808219182,5,2,4,"2"
2017.41917808219,6.41917808219182,7,0,0,"3"
2017.41917808219,6.41917808219182,13,2,7,"4"
2017.41917808219,6.41917808219182,10,1,7,"5"
2017.41917808219,6.41917808219182,10,4,3,"6"
2017.41917808219,6.41917808219182,1,0,0,"7"
2017.41917808219,6.41917808219182,12,8,15,"8"
2017.41917808219,6.41917808219182,4,20,82,"9"
2017.41917808219,6.41917808219182,2,3,10,"10"
2017.43835616438,6.43835616438355,3,1,0,"1"
2017.43835616438,6.43835616438355,4,2,3,"2"
2017.43835616438,6.43835616438355,4,5,1,"3"
2017.43835616438,6.43835616438355,15,2,7,"4"
2017.43835616438,6.43835616438355,7,2,2,"5"
2017.43835616438,6.43835616438355,11,1,9,"6"
2017.43835616438,6.43835616438355,2,0,0,"7"
2017.43835616438,6.43835616438355,5,3,9,"8"
2017.43835616438,6.43835616438355,7,19,66,"9"
2017.43835616438,6.43835616438355,0,3,7,"10"
2017.45753424658,6.45753424657528,1,1,0,"1"
2017.45753424658,6.45753424657528,7,4,2,"2"
2017.45753424658,6.45753424657528,5,0,1,"3"
2017.45753424658,6.45753424657528,8,3,2,"4"
2017.45753424658,6.45753424657528,5,4,1,"5"
2017.45753424658,6.45753424657528,7,1,6,"6"
2017.45753424658,6.45753424657528,2,0,0,"7"
2017.45753424658,6.45753424657528,2,1,8,"8"
2017.45753424658,6.45753424657528,9,36,39,"9"
2017.45753424658,6.45753424657528,1,2,6,"10"
2017.47671232877,6.47671232876723,0,2,0,"1"
2017.47671232877,6.47671232876723,2,2,3,"2"
2017.47671232877,6.47671232876723,1,0,0,"3"
2017.47671232877,6.47671232876723,14,7,2,"4"
2017.47671232877,6.47671232876723,3,3,1,"5"
2017.47671232877,6.47671232876723,11,1,2,"6"
2017.47671232877,6.47671232876723,1,1,0,"7"
2017.47671232877,6.47671232876723,3,3,4,"8"
2017.47671232877,6.47671232876723,2,22,37,"9"
2017.47671232877,6.47671232876723,1,4,1,"10"
2017.49589041096,6.49589041095896,1,0,0,"1"
2017.49589041096,6.49589041095896,3,9,0,"2"
2017.49589041096,6.49589041095896,3,1,0,"3"
2017.49589041096,6.49589041095896,3,9,3,"4"
2017.49589041096,6.49589041095896,5,4,1,"5"
2017.49589041096,6.49589041095896,6,9,0,"6"
2017.49589041096,6.49589041095896,0,0,0,"7"
2017.49589041096,6.49589041095896,1,1,1,"8"
2017.49589041096,6.49589041095896,3,8,23,"9"
2017.49589041096,6.49589041095896,0,4,4,"10"
