HHS_region,season,mean_tmp
region1,1949,25.014777777777777
region1,1950,32.839277777777774
region1,1951,29.219722222222224
region1,1952,31.94472222222222
region1,1953,31.37338888888889
region1,1954,32.58016666666666
region1,1955,30.229111111111113
region1,1956,29.493555555555556
region1,1957,29.298722222222224
region1,1958,28.405055555555556
region1,1959,28.3505
region1,1960,27.316444444444446
region1,1961,31.138333333333335
region1,1962,26.110888888888887
region1,1963,27.00127777777778
region1,1964,26.2975
region1,1965,28.607833333333335
region1,1966,26.090444444444444
region1,1967,27.912999999999997
region1,1968,27.816555555555556
region1,1969,26.41127777777778
region1,1970,29.279555555555557
region1,1971,25.815166666666666
region1,1972,25.806055555555556
region1,1973,26.769166666666667
region1,1974,29.993055555555557
region1,1975,29.334777777777774
region1,1976,28.728333333333335
region1,1977,29.728388888888887
region1,1978,26.56127777777778
region1,1979,25.199555555555555
region1,1980,26.50277777777778
region1,1981,28.89116666666667
region1,1982,29.608555555555554
region1,1983,25.03011111111111
region1,1984,30.5975
region1,1985,30.695055555555555
region1,1986,28.379888888888885
region1,1987,30.01027777777778
region1,1988,28.8985
region1,1989,28.42538888888889
region1,1990,29.241388888888892
region1,1991,33.05166666666667
region1,1992,31.729833333333332
region1,1993,29.034166666666668
region1,1994,27.928888888888892
region1,1995,24.959333333333333
region1,1996,29.71916666666667
region1,1997,28.741722222222222
region1,1998,30.160222222222224
region1,1999,34.25994444444444
region1,2000,31.263333333333335
region1,2001,29.619333333333334
region1,2002,29.518555555555558
region1,2003,34.35766666666667
region1,2004,25.142444444444447
region1,2005,27.082444444444448
region1,2006,29.97522222222222
region1,2007,33.49022222222222
region1,2008,28.240277777777777
region1,2009,32.18811111111111
region1,2010,29.044999999999998
region1,2011,33.19938888888888
region1,2012,28.916000000000004
region1,2013,34.00116666666666
region1,2014,30.85788888888889
region1,2015,28.032
region1,2016,23.957
region1,2017,31.858833333333337
region1,2018,35.07177777777778
region1,2019,30.535833333333333
region1,2020,30.128944444444446
region1,2021,32.48705555555556
region1,1948,44.36770833333333
region1,1949,43.106875
region1,1950,43.09916666666667
region1,1951,41.90983333333333
region1,1952,42.84766666666667
region1,1953,45.471000000000004
region1,1954,43.109166666666674
region1,1955,40.025708333333334
region1,1956,42.34495833333333
region1,1957,44.719125
region1,1958,39.750125000000004
region1,1959,43.85479166666667
region1,1960,41.34075
region1,1961,44.98779166666666
region1,1962,39.860708333333335
region1,1963,41.49783333333333
region1,1964,41.472500000000004
region1,1965,41.787083333333335
region1,1966,42.371833333333335
region1,1967,41.67791666666667
region1,1968,42.19416666666667
region1,1969,42.250625
region1,1970,42.30083333333334
region1,1971,44.074000000000005
region1,1972,40.75483333333333
region1,1973,43.53308333333334
region1,1974,41.72620833333333
region1,1975,43.03420833333333
region1,1976,38.398375
region1,1977,42.2275
region1,1978,40.89970833333333
region1,1979,44.192791666666665
region1,1980,39.51945833333333
region1,1981,41.54183333333334
region1,1982,44.73220833333334
region1,1983,43.09733333333333
region1,1984,43.73583333333334
region1,1985,42.291625
region1,1986,41.54083333333333
region1,1987,42.405125000000005
region1,1988,41.02829166666667
region1,1989,38.94641666666667
region1,1990,45.29904166666666
region1,1991,43.13720833333333
region1,1992,41.652208333333334
region1,1993,41.976083333333335
region1,1994,44.50354166666667
region1,1995,41.34341666666666
region1,1996,43.33675
region1,1997,41.936416666666666
region1,1998,45.139916666666664
region1,1999,45.39095833333334
region1,2000,41.620625
region1,2001,46.30104166666666
region1,2002,42.621541666666666
region1,2003,43.92525
region1,2004,43.205875
region1,2005,44.576208333333334
region1,2006,45.968583333333335
region1,2007,44.10945833333333
region1,2008,43.24604166666666
region1,2009,43.26416666666666
region1,2010,43.8005
region1,2011,47.235875
region1,2012,44.826208333333334
region1,2013,42.75058333333333
region1,2014,44.917875
region1,2015,48.24991666666667
region1,2016,45.26733333333333
region1,2017,44.842999999999996
region1,2018,43.24658333333334
region1,2019,42.970708333333334
region1,2020,45.65058333333334
region10,1949,34.26455555555556
region10,1950,30.231333333333332
region10,1951,31.287333333333336
region10,1952,35.742333333333335
region10,1953,33.92744444444444
region10,1954,38.394222222222226
region10,1955,36.74266666666667
region10,1956,31.955000000000002
region10,1957,34.13644444444444
region10,1958,32.659666666666666
region10,1959,38.19777777777778
region10,1960,36.927
region10,1961,34.159888888888894
region10,1962,38.03755555555555
region10,1963,35.38133333333334
region10,1964,35.78244444444445
region10,1965,34.013222222222225
region10,1966,37.12566666666666
region10,1967,36.17788888888889
region10,1968,36.52055555555555
region10,1969,36.522
region10,1970,33.63766666666666
region10,1971,36.39266666666666
region10,1972,35.815000000000005
region10,1973,33.873999999999995
region10,1974,35.446444444444445
region10,1975,35.053444444444445
region10,1976,33.20677777777777
region10,1977,35.63666666666667
region10,1978,36.73733333333333
region10,1979,37.763888888888886
region10,1980,32.26877777777778
region10,1981,36.74777777777778
region10,1982,38.507555555555555
region10,1983,33.275666666666666
region10,1984,38.268
region10,1985,35.08888888888889
region10,1986,33.544000000000004
region10,1987,37.556555555555555
region10,1988,38.12811111111111
region10,1989,37.17722222222223
region10,1990,34.20366666666667
region10,1991,37.723555555555556
region10,1992,37.504777777777775
region10,1993,40.54922222222222
region10,1994,32.95744444444445
region10,1995,38.101777777777784
region10,1996,38.52466666666666
region10,1997,36.641444444444446
region10,1998,36.14077777777778
region10,1999,38.14111111111111
region10,2000,36.366888888888894
region10,2001,38.36966666666667
region10,2002,35.32611111111111
region10,2003,36.120666666666665
region10,2004,38.22377777777778
region10,2005,37.45322222222222
region10,2006,37.641333333333336
region10,2007,37.31211111111111
region10,2008,36.65822222222222
region10,2009,34.071444444444445
region10,2010,36.279666666666664
region10,2011,38.45322222222222
region10,2012,34.24311111111111
region10,2013,37.60788888888889
region10,2014,35.64688888888889
region10,2015,37.67155555555556
region10,2016,40.64911111111111
region10,2017,40.454
region10,2018,34.35444444444445
region10,2019,37.86955555555556
region10,2020,36.00966666666667
region10,2021,37.85366666666667
region10,1948,40.523833333333336
region10,1949,43.506499999999996
region10,1950,44.82608333333334
region10,1951,41.70583333333334
region10,1952,43.86958333333334
region10,1953,45.51991666666667
region10,1954,43.40533333333334
region10,1955,41.63125
region10,1956,42.24075
region10,1957,43.70250000000001
region10,1958,44.7725
region10,1959,42.282833333333336
region10,1960,43.24316666666667
region10,1961,40.862
region10,1962,44.98325
region10,1963,45.11358333333334
region10,1964,42.06283333333334
region10,1965,43.7355
region10,1966,44.79175
region10,1967,44.28008333333333
region10,1968,42.250416666666666
region10,1969,43.34966666666667
region10,1970,41.15683333333333
region10,1971,40.615833333333335
region10,1972,40.76016666666667
region10,1973,43.480916666666666
region10,1974,44.675000000000004
region10,1975,43.37983333333333
region10,1976,44.27441666666667
region10,1977,42.87733333333333
region10,1978,40.68508333333333
region10,1979,44.86083333333334
region10,1980,44.699083333333334
region10,1981,44.0425
region10,1982,41.7535
region10,1983,41.699666666666666
region10,1984,40.32608333333334
region10,1985,37.449666666666666
region10,1986,42.84008333333333
region10,1987,45.09491666666667
region10,1988,44.498916666666666
region10,1989,44.48158333333333
region10,1990,42.29408333333333
region10,1991,44.69649999999999
region10,1992,42.37258333333333
region10,1993,43.11683333333334
region10,1994,42.30041666666667
region10,1995,45.08541666666667
region10,1996,42.654833333333336
region10,1997,44.214
region10,1998,44.11625
region10,1999,45.2175
region10,2000,42.002500000000005
region10,2001,44.33658333333333
region10,2002,44.33675
region10,2003,44.482
region10,2004,44.08025
region10,2005,42.87799999999999
region10,2006,43.51500000000001
region10,2007,42.46216666666667
region10,2008,43.798833333333334
region10,2009,42.51283333333333
region10,2010,43.82058333333333
region10,2011,44.067
region10,2012,44.74025
region10,2013,42.748583333333336
region10,2014,45.98016666666667
region10,2015,44.38458333333333
region10,2016,43.39766666666667
region10,2017,43.77633333333333
region10,2018,43.78666666666667
region10,2019,42.904583333333335
region10,2020,45.412083333333335
region2,1949,29.427000000000003
region2,1950,36.78416666666667
region2,1951,33.99283333333333
region2,1952,34.62016666666667
region2,1953,35.6715
region2,1954,35.987833333333334
region2,1955,34.715666666666664
region2,1956,32.961999999999996
region2,1957,32.402
region2,1958,33.02666666666667
region2,1959,31.015833333333333
region2,1960,31.81833333333333
region2,1961,35.098
region2,1962,29.858999999999998
region2,1963,31.36566666666667
region2,1964,29.41616666666667
region2,1965,32.195166666666665
region2,1966,30.063666666666666
region2,1967,30.54733333333333
region2,1968,32.481833333333334
region2,1969,30.164
region2,1970,32.6225
region2,1971,29.310000000000002
region2,1972,30.086333333333332
region2,1973,30.86366666666667
region2,1974,33.51716666666667
region2,1975,33.60883333333333
region2,1976,33.021166666666666
region2,1977,33.752833333333335
region2,1978,30.16016666666667
region2,1979,27.9305
region2,1980,28.909166666666664
region2,1981,32.267
region2,1982,33.22683333333334
region2,1983,29.323666666666668
region2,1984,33.694833333333335
region2,1985,33.647
region2,1986,32.44716666666667
region2,1987,32.98583333333333
region2,1988,32.48233333333334
region2,1989,31.64633333333333
region2,1990,33.646166666666666
region2,1991,38.021
region2,1992,36.13816666666667
region2,1993,33.6445
region2,1994,32.62833333333334
region2,1995,29.53316666666667
region2,1996,33.282333333333334
region2,1997,32.33533333333333
region2,1998,34.119499999999995
region2,1999,38.81766666666667
region2,2000,35.131
region2,2001,33.71883333333333
region2,2002,34.3905
region2,2003,38.825833333333335
region2,2004,29.434166666666666
region2,2005,31.27
region2,2006,34.188833333333335
region2,2007,37.681333333333335
region2,2008,32.48116666666667
region2,2009,36.67016666666667
region2,2010,33.3265
region2,2011,35.597833333333334
region2,2012,33.582166666666666
region2,2013,37.76266666666667
region2,2014,34.78133333333333
region2,2015,30.989166666666666
region2,2016,28.457166666666666
region2,2017,34.945
region2,2018,39.887499999999996
region2,2019,33.889
region2,2020,34.79983333333333
region2,2021,36.7125
region2,1948,47.168125
region2,1949,46.281375
region2,1950,45.1635
region2,1951,45.204125
region2,1952,45.762750000000004
region2,1953,47.8515
region2,1954,45.98475
region2,1955,43.833625000000005
region2,1956,46.37025
region2,1957,47.0635
region2,1958,43.476625
region2,1959,47.237625
region2,1960,44.57575
region2,1961,47.831875
region2,1962,42.671
region2,1963,44.7185
region2,1964,45.597125
region2,1965,45.651125
region2,1966,45.21325
region2,1967,44.401875000000004
region2,1968,45.600125
region2,1969,44.46375
region2,1970,46.642250000000004
region2,1971,48.454125
region2,1972,44.48725
region2,1973,47.113375
region2,1974,45.160250000000005
region2,1975,46.79825
region2,1976,41.208875
region2,1977,45.530625
region2,1978,45.119875
region2,1979,47.223125
region2,1980,43.36825
region2,1981,44.312875
region2,1982,48.019625
region2,1983,45.863125000000004
region2,1984,47.45275
region2,1985,46.454875
region2,1986,45.664375
region2,1987,45.9255
region2,1988,44.3705
region2,1989,42.665875
region2,1990,48.410624999999996
region2,1991,46.658875
region2,1992,45.030125
region2,1993,44.94325
region2,1994,47.716125000000005
region2,1995,44.514125
region2,1996,46.407000000000004
region2,1997,45.451875
region2,1998,48.671625
region2,1999,48.286375
region2,2000,44.268375
region2,2001,49.511375
region2,2002,46.065375
region2,2003,47.304500000000004
region2,2004,47.1675
region2,2005,48.01225
region2,2006,48.870375
region2,2007,48.379125
region2,2008,46.45225
region2,2009,46.624750000000006
region2,2010,46.522625
region2,2011,50.202
region2,2012,47.96575
region2,2013,46.1295
region2,2014,47.725500000000004
region2,2015,52.16875
region2,2016,48.83425
region2,2017,47.788375
region2,2018,47.436
region2,2019,46.93475
region2,2020,48.773
region3,1949,37.39893333333334
region3,1950,43.78926666666666
region3,1951,42.486266666666666
region3,1952,40.78606666666666
region3,1953,42.404466666666664
region3,1954,42.541666666666664
region3,1955,42.81306666666667
region3,1956,40.08633333333333
region3,1957,39.17413333333333
region3,1958,40.99666666666667
region3,1959,36.42146666666667
region3,1960,39.773066666666665
region3,1961,41.6698
region3,1962,36.787866666666666
region3,1963,38.540200000000006
region3,1964,35.93213333333333
region3,1965,38.38866666666667
region3,1966,37.85646666666666
region3,1967,36.2644
region3,1968,39.7782
region3,1969,36.104733333333336
region3,1970,38.626933333333334
region3,1971,36.58186666666666
region3,1972,37.33493333333333
region3,1973,38.913066666666666
region3,1974,39.21013333333334
region3,1975,42.120733333333334
region3,1976,39.8474
region3,1977,41.44306666666667
region3,1978,36.062333333333335
region3,1979,34.05233333333333
region3,1980,35.104866666666666
region3,1981,37.98813333333333
region3,1982,39.30226666666667
region3,1983,36.39046666666666
region3,1984,38.9054
region3,1985,39.12513333333333
region3,1986,38.916533333333334
region3,1987,39.4706
region3,1988,37.98473333333333
region3,1989,37.51873333333334
region3,1990,40.5926
region3,1991,44.73866666666667
region3,1992,42.534866666666666
region3,1993,41.22166666666667
region3,1994,39.730266666666665
region3,1995,38.63806666666667
region3,1996,39.903400000000005
region3,1997,38.89666666666667
region3,1998,40.5096
region3,1999,44.69493333333333
region3,2000,42.322
region3,2001,40.79886666666667
region3,2002,41.318866666666665
region3,2003,44.376200000000004
region3,2004,37.276133333333334
region3,2005,38.5996
region3,2006,41.292
region3,2007,43.971133333333334
region3,2008,38.8668
region3,2009,42.14986666666667
region3,2010,39.83573333333333
region3,2011,39.4086
region3,2012,40.81513333333333
region3,2013,43.51853333333334
region3,2014,41.324799999999996
region3,2015,37.489066666666666
region3,2016,36.3314
region3,2017,40.36833333333333
region3,2018,46.65306666666667
region3,2019,40.6254
region3,2020,42.867733333333334
region3,2021,43.3144
region3,1948,51.0163
region3,1949,51.095749999999995
region3,1950,48.9808
region3,1951,50.10985
region3,1952,49.4282
region3,1953,51.278650000000006
region3,1954,50.63590000000001
region3,1955,48.69065
region3,1956,51.91415000000001
region3,1957,50.79595
region3,1958,48.346250000000005
region3,1959,51.746050000000004
region3,1960,48.74635
region3,1961,51.5472
region3,1962,47.55905
region3,1963,48.517
region3,1964,50.3184
region3,1965,50.7525
region3,1966,48.86965
region3,1967,48.15045
region3,1968,50.177350000000004
region3,1969,48.3464
region3,1970,52.2398
region3,1971,53.91145
region3,1972,50.2233
region3,1973,52.15385
region3,1974,49.661649999999995
region3,1975,51.736149999999995
region3,1976,45.78345
region3,1977,50.567600000000006
region3,1978,51.071
region3,1979,51.456100000000006
region3,1980,49.40805
region3,1981,48.4083
region3,1982,52.2559
region3,1983,50.19945
region3,1984,52.538850000000004
region3,1985,52.18735
region3,1986,51.1383
region3,1987,50.72765
region3,1988,48.6805
region3,1989,47.890550000000005
region3,1990,53.056000000000004
region3,1991,51.4548
region3,1992,49.995999999999995
region3,1993,50.01505
region3,1994,52.07585
region3,1995,48.963049999999996
region3,1996,50.2396
region3,1997,50.0939
region3,1998,53.272000000000006
region3,1999,52.19500000000001
region3,2000,48.230900000000005
region3,2001,53.0731
region3,2002,50.791450000000005
region3,2003,51.68645
region3,2004,52.0159
region3,2005,52.10455
region3,2006,52.241200000000006
region3,2007,53.53405
region3,2008,50.9116
region3,2009,51.00565
region3,2010,50.19895
region3,2011,53.47545
region3,2012,51.77295
region3,2013,51.00725
region3,2014,51.4941
region3,2015,55.93735
region3,2016,53.536249999999995
region3,2017,51.92065
region3,2018,53.044799999999995
region3,2019,52.81665
region3,2020,53.1468
region4,1949,48.313583333333334
region4,1950,52.672625000000004
region4,1951,52.833708333333334
region4,1952,48.80229166666667
region4,1953,51.47895833333334
region4,1954,50.31508333333333
region4,1955,52.423
region4,1956,49.86816666666667
region4,1957,48.84704166666666
region4,1958,52.43629166666667
region4,1959,44.087041666666664
region4,1960,48.91929166666667
region4,1961,48.42179166666667
region4,1962,46.77704166666666
region4,1963,48.84645833333334
region4,1964,45.68645833333333
region4,1965,47.285875000000004
region4,1966,49.468333333333334
region4,1967,46.179833333333335
region4,1968,49.38183333333333
region4,1969,45.479000000000006
region4,1970,47.660374999999995
region4,1971,46.27529166666667
region4,1972,47.45208333333333
region4,1973,49.548750000000005
region4,1974,46.76220833333334
region4,1975,51.960375
region4,1976,50.52158333333333
region4,1977,49.442708333333336
region4,1978,44.559958333333334
region4,1979,42.99029166666667
region4,1980,44.953541666666666
region4,1981,46.77154166666667
region4,1982,48.130291666666665
region4,1983,46.953875000000004
region4,1984,46.08654166666667
region4,1985,47.18645833333333
region4,1986,46.145916666666665
region4,1987,49.708958333333335
region4,1988,47.33116666666667
region4,1989,46.33041666666667
region4,1990,50.14570833333334
region4,1991,52.66829166666667
region4,1992,51.01583333333334
region4,1993,49.995000000000005
region4,1994,48.320083333333336
region4,1995,48.673125
region4,1996,48.88316666666666
region4,1997,47.32575
region4,1998,48.95608333333333
region4,1999,50.797333333333334
region4,2000,52.53670833333334
region4,2001,49.56391666666667
region4,2002,50.21308333333334
region4,2003,50.96075
region4,2004,47.224375
region4,2005,47.78829166666667
region4,2006,50.91287499999999
region4,2007,52.08879166666667
region4,2008,48.02041666666667
region4,2009,49.123250000000006
region4,2010,48.51558333333333
region4,2011,46.004375
region4,2012,49.51766666666666
region4,2013,52.35491666666667
region4,2014,50.318999999999996
region4,2015,46.70820833333334
region4,2016,47.041666666666664
region4,2017,49.11441666666667
region4,2018,55.43016666666667
region4,2019,49.43883333333333
region4,2020,52.09116666666667
region4,2021,51.40425
region4,1948,57.33578125
region4,1949,57.48309375
region4,1950,54.65546875
region4,1951,56.96496875
region4,1952,54.90653125
region4,1953,56.62659375
region4,1954,56.86790625
region4,1955,56.26165625
region4,1956,58.2766875
region4,1957,56.6273125
region4,1958,56.24490625
region4,1959,57.28896875
region4,1960,56.11740625
region4,1961,57.382343750000004
region4,1962,55.49934375
region4,1963,54.80990625
region4,1964,57.0428125
region4,1965,57.42253125
region4,1966,55.70046875
region4,1967,55.17853125
region4,1968,55.112125
region4,1969,54.84278125
region4,1970,58.0865
region4,1971,60.249
region4,1972,57.384875
region4,1973,58.951499999999996
region4,1974,55.38190625
region4,1975,56.8714375
region4,1976,52.14459375
region4,1977,56.61878125
region4,1978,58.3385625
region4,1979,56.49690625
region4,1980,56.351687500000004
region4,1981,55.0499375
region4,1982,58.234125
region4,1983,55.5753125
region4,1984,59.24378125
region4,1985,58.5764375
region4,1986,58.6474375
region4,1987,56.77315625
region4,1988,56.02696875
region4,1989,54.60309375
region4,1990,59.156343750000005
region4,1991,57.47753125
region4,1992,56.29259375
region4,1993,56.137375
region4,1994,58.422000000000004
region4,1995,55.2356875
region4,1996,56.421875
region4,1997,55.803125
region4,1998,60.62384375
region4,1999,58.0385
region4,2000,54.81515625
region4,2001,58.40140625
region4,2002,57.59478125
region4,2003,57.49675
region4,2004,58.74628125
region4,2005,57.90875
region4,2006,57.20071875
region4,2007,59.8920625
region4,2008,56.799875
region4,2009,56.94221875
region4,2010,56.304500000000004
region4,2011,57.7989375
region4,2012,57.46184375
region4,2013,57.4386875
region4,2014,57.31690625
region4,2015,61.68365625
region4,2016,60.86309375
region4,2017,58.17828125
region4,2018,59.15953125
region4,2019,60.07475
region4,2020,58.9741875
region5,1949,27.823
region5,1950,30.745333333333335
region5,1951,27.332277777777776
region5,1952,28.189833333333336
region5,1953,32.159666666666666
region5,1954,30.546722222222222
region5,1955,33.22944444444445
region5,1956,31.171722222222222
region5,1957,28.27027777777778
region5,1958,28.870944444444447
region5,1959,28.706111111111113
region5,1960,26.937333333333335
region5,1961,30.561555555555554
region5,1962,28.67538888888889
region5,1963,26.455555555555556
region5,1964,24.495611111111113
region5,1965,31.696
region5,1966,27.39038888888889
region5,1967,26.06233333333333
region5,1968,28.694666666666667
region5,1969,27.874555555555556
region5,1970,29.406277777777778
region5,1971,26.4645
region5,1972,26.97922222222222
region5,1973,26.014222222222223
region5,1974,30.608611111111113
region5,1975,29.644333333333332
region5,1976,28.731222222222225
region5,1977,31.642166666666665
region5,1978,26.441777777777776
region5,1979,23.235611111111112
region5,1980,21.524444444444445
region5,1981,28.023611111111112
region5,1982,31.24872222222222
region5,1983,23.764666666666667
region5,1984,31.521833333333333
region5,1985,31.02
region5,1986,28.221166666666665
region5,1987,31.012666666666664
region5,1988,34.107777777777784
region5,1989,27.420833333333334
region5,1990,29.43877777777778
region5,1991,34.647555555555556
region5,1992,31.892666666666667
region5,1993,32.993
region5,1994,28.7115
region5,1995,25.4495
region5,1996,29.111777777777775
region5,1997,26.910944444444443
region5,1998,28.675666666666668
region5,1999,36.50033333333333
region5,2000,32.75983333333333
region5,2001,32.07288888888889
region5,2002,31.929888888888893
region5,2003,34.964055555555554
region5,2004,27.621
region5,2005,29.587944444444442
region5,2006,33.064388888888885
region5,2007,35.96311111111111
region5,2008,28.634888888888888
region5,2009,29.265
region5,2010,28.284666666666666
region5,2011,31.20633333333333
region5,2012,29.0085
region5,2013,34.878
region5,2014,29.590555555555554
region5,2015,23.942166666666665
region5,2016,26.5215
region5,2017,31.824722222222224
region5,2018,36.595555555555556
region5,2019,27.436555555555557
region5,2020,28.773388888888892
region5,2021,31.825888888888887
region5,1948,44.156625
region5,1949,43.205666666666666
region5,1950,40.338458333333335
region5,1951,39.76179166666667
region5,1952,42.82458333333333
region5,1953,45.240916666666664
region5,1954,43.76841666666667
region5,1955,41.039208333333335
region5,1956,44.27804166666667
region5,1957,42.671416666666666
region5,1958,41.67016666666667
region5,1959,42.358958333333334
region5,1960,42.867124999999994
region5,1961,43.19729166666667
region5,1962,42.09425
region5,1963,43.566375
region5,1964,42.144083333333334
region5,1965,44.00204166666666
region5,1966,41.664125
region5,1967,41.62704166666666
region5,1968,42.94283333333333
region5,1969,41.57341666666667
region5,1970,43.527875
region5,1971,45.95258333333334
region5,1972,40.59166666666667
region5,1973,44.27825000000001
region5,1974,42.42054166666667
region5,1975,43.61508333333333
region5,1976,37.21154166666667
region5,1977,41.930125
region5,1978,42.87883333333334
region5,1979,43.52483333333333
region5,1980,41.68258333333333
region5,1981,42.047333333333334
region5,1982,44.734791666666666
region5,1983,41.08958333333334
region5,1984,43.926125000000006
region5,1985,40.635333333333335
region5,1986,43.10641666666667
region5,1987,44.075625
region5,1988,41.926458333333336
region5,1989,39.2865
region5,1990,44.207750000000004
region5,1991,42.38529166666667
region5,1992,42.16070833333334
region5,1993,41.04595833333334
region5,1994,46.3795
region5,1995,40.26583333333333
region5,1996,41.411208333333335
region5,1997,43.660583333333335
region5,1998,46.868208333333335
region5,1999,45.249875
region5,2000,40.835208333333334
region5,2001,46.63470833333333
region5,2002,43.39875
region5,2003,44.36541666666667
region5,2004,45.281416666666665
region5,2005,44.83141666666666
region5,2006,44.324333333333335
region5,2007,45.3205
region5,2008,42.477875000000004
region5,2009,43.76979166666666
region5,2010,43.00083333333333
region5,2011,45.934416666666664
region5,2012,43.97970833333333
region5,2013,41.93579166666667
region5,2014,42.389041666666664
region5,2015,49.148291666666665
region5,2016,47.11670833333333
region5,2017,44.11654166666667
region5,2018,43.4715
region5,2019,43.98708333333334
region5,2020,44.4545
region6,1949,45.022666666666666
region6,1950,44.84806666666667
region6,1951,48.855533333333334
region6,1952,46.0246
region6,1953,48.733399999999996
region6,1954,47.55653333333333
region6,1955,51.086133333333336
region6,1956,46.770133333333334
region6,1957,46.12813333333334
region6,1958,47.9652
region6,1959,44.159933333333335
region6,1960,45.38733333333334
region6,1961,44.53713333333334
region6,1962,45.1714
region6,1963,46.2406
region6,1964,44.65506666666667
region6,1965,45.21046666666667
region6,1966,47.81966666666666
region6,1967,43.45053333333333
region6,1968,47.687733333333334
region6,1969,44.39253333333333
region6,1970,47.2542
region6,1971,45.16486666666666
region6,1972,46.0588
region6,1973,47.88286666666667
region6,1974,43.15933333333333
region6,1975,46.79113333333333
region6,1976,45.71286666666666
region6,1977,48.8974
region6,1978,44.24173333333333
region6,1979,41.638933333333334
region6,1980,41.005266666666664
region6,1981,45.21
region6,1982,48.53413333333334
region6,1983,44.00893333333333
region6,1984,44.1426
region6,1985,44.72886666666667
region6,1986,43.90326666666667
region6,1987,49.54526666666666
region6,1988,46.367066666666666
region6,1989,44.382733333333334
region6,1990,46.531933333333335
region6,1991,48.967333333333336
region6,1992,47.294333333333334
region6,1993,48.3864
region6,1994,45.052533333333336
region6,1995,46.090333333333334
region6,1996,47.79173333333333
region6,1997,46.95686666666667
region6,1998,45.0544
region6,1999,47.769666666666666
region6,2000,50.45360000000001
region6,2001,49.79406666666667
region6,2002,47.51213333333333
region6,2003,48.013799999999996
region6,2004,46.39606666666667
region6,2005,46.2718
region6,2006,49.19846666666667
region6,2007,50.52413333333333
region6,2008,44.70066666666666
region6,2009,46.354
region6,2010,48.09426666666666
region6,2011,44.42013333333333
region6,2012,46.72293333333334
region6,2013,50.5122
region6,2014,46.2884
region6,2015,45.08173333333333
region6,2016,46.269800000000004
region6,2017,48.699733333333334
region6,2018,51.85906666666666
region6,2019,46.019800000000004
region6,2020,47.431733333333334
region6,2021,47.898133333333334
region6,1948,54.90945000000001
region6,1949,55.503600000000006
region6,1950,54.928200000000004
region6,1951,54.39055
region6,1952,53.20805
region6,1953,55.09075
region6,1954,57.07165
region6,1955,55.4717
region6,1956,56.543600000000005
region6,1957,54.08365
region6,1958,55.044650000000004
region6,1959,54.412800000000004
region6,1960,55.092
region6,1961,53.36325000000001
region6,1962,55.738099999999996
region6,1963,55.760799999999996
region6,1964,54.950199999999995
region6,1965,57.032050000000005
region6,1966,54.502250000000004
region6,1967,53.71085000000001
region6,1968,53.249900000000004
region6,1969,54.32805
region6,1970,54.93405
region6,1971,56.19885000000001
region6,1972,53.060300000000005
region6,1973,56.5215
region6,1974,53.092150000000004
region6,1975,54.40454999999999
region6,1976,50.95055
region6,1977,56.547850000000004
region6,1978,55.470299999999995
region6,1979,54.5951
region6,1980,55.6115
region6,1981,55.19505
region6,1982,55.178
region6,1983,53.46705000000001
region6,1984,55.8097
region6,1985,54.5783
region6,1986,54.5736
region6,1987,54.43405
region6,1988,55.19565
region6,1989,53.24065
region6,1990,55.599000000000004
region6,1991,54.5033
region6,1992,54.0646
region6,1993,53.2676
region6,1994,55.99395
region6,1995,54.9738
region6,1996,54.55095
region6,1997,54.27635
region6,1998,58.0721
region6,1999,56.584649999999996
region6,2000,53.246399999999994
region6,2001,56.29415
region6,2002,54.680049999999994
region6,2003,56.19605
region6,2004,56.53195000000001
region6,2005,56.89515
region6,2006,55.09925
region6,2007,57.01455
region6,2008,54.6683
region6,2009,53.524249999999995
region6,2010,56.56165
region6,2011,55.33895
region6,2012,56.391200000000005
region6,2013,54.62555
region6,2014,55.817499999999995
region6,2015,58.600049999999996
region6,2016,58.7073
region6,2017,57.11375
region6,2018,55.102999999999994
region6,2019,56.38895
region6,2020,56.01145
region7,1949,35.36833333333333
region7,1950,32.384499999999996
region7,1951,33.90683333333333
region7,1952,34.20641666666666
region7,1953,37.6335
region7,1954,36.601
region7,1955,40.528333333333336
region7,1956,36.217416666666665
region7,1957,33.405750000000005
region7,1958,34.648583333333335
region7,1959,33.69175
region7,1960,33.18716666666666
region7,1961,33.562333333333335
region7,1962,35.26141666666667
region7,1963,33.43741666666667
region7,1964,33.0325
region7,1965,37.701249999999995
region7,1966,35.620416666666664
region7,1967,31.555833333333336
region7,1968,36.90025
region7,1969,34.76175
region7,1970,34.71741666666667
region7,1971,34.252833333333335
region7,1972,33.72
region7,1973,34.36183333333333
region7,1974,35.10458333333333
region7,1975,36.26291666666666
region7,1976,34.132666666666665
region7,1977,39.475
region7,1978,34.877833333333335
region7,1979,28.33641666666667
region7,1980,26.6875
region7,1981,34.03191666666667
region7,1982,40.00608333333333
region7,1983,30.683750000000003
region7,1984,35.68833333333333
region7,1985,35.905
region7,1986,33.461083333333335
region7,1987,38.58433333333333
region7,1988,40.09125
region7,1989,33.27283333333333
region7,1990,36.02533333333333
region7,1991,39.5995
region7,1992,37.541666666666664
region7,1993,40.67783333333333
region7,1994,31.7265
region7,1995,33.05675
region7,1996,36.07966666666667
region7,1997,34.628416666666666
region7,1998,33.77158333333333
region7,1999,39.504
region7,2000,39.2415
region7,2001,39.646
region7,2002,36.530499999999996
region7,2003,39.6865
region7,2004,35.74433333333334
region7,2005,35.82966666666667
region7,2006,38.968333333333334
region7,2007,41.96366666666667
region7,2008,33.20275
region7,2009,33.3975
region7,2010,36.3085
region7,2011,34.557833333333335
region7,2012,34.165666666666674
region7,2013,40.965833333333336
region7,2014,35.373749999999994
region7,2015,32.64683333333333
region7,2016,35.660916666666665
region7,2017,38.961
region7,2018,41.141666666666666
region7,2019,32.244416666666666
region7,2020,34.570750000000004
region7,2021,37.06458333333333
region7,1948,47.496812500000004
region7,1949,47.891375
region7,1950,46.234812500000004
region7,1951,43.5103125
region7,1952,45.9844375
region7,1953,49.488875
region7,1954,49.5393125
region7,1955,45.6581875
region7,1956,49.5909375
region7,1957,46.7345
region7,1958,47.69075
region7,1959,45.9223125
region7,1960,47.87875
region7,1961,44.87275
region7,1962,47.4620625
region7,1963,48.608125
region7,1964,46.709375
region7,1965,48.7825
region7,1966,46.2070625
region7,1967,45.912875
region7,1968,45.50625
region7,1969,46.0650625
region7,1970,46.5125625
region7,1971,49.0880625
region7,1972,43.93075
region7,1973,47.397375000000004
region7,1974,46.298375
region7,1975,47.5186875
region7,1976,43.6148125
region7,1977,46.9296875
region7,1978,46.841437500000005
region7,1979,48.0810625
region7,1980,48.239125
region7,1981,47.2405
region7,1982,47.44075
region7,1983,44.0651875
region7,1984,47.2575
region7,1985,43.0633125
region7,1986,47.16925
region7,1987,47.47625
region7,1988,47.5274375
region7,1989,44.4659375
region7,1990,48.229875
region7,1991,46.53175
region7,1992,45.539625
region7,1993,45.039
region7,1994,49.06725
region7,1995,45.8999375
region7,1996,44.5656875
region7,1997,47.447875
region7,1998,50.9956875
region7,1999,49.743625
region7,2000,44.3620625
region7,2001,50.1666875
region7,2002,47.2469375
region7,2003,47.931625000000004
region7,2004,49.630375
region7,2005,48.833062500000004
region7,2006,47.390625
region7,2007,48.2778125
region7,2008,46.153875
region7,2009,45.309
region7,2010,47.8409375
region7,2011,48.168
region7,2012,47.9635625
region7,2013,46.537687500000004
region7,2014,46.8336875
region7,2015,51.882
region7,2016,50.6775625
region7,2017,48.8955
region7,2018,46.7493125
region7,2019,48.106125
region7,2020,48.270562500000004
region8,1949,26.377333333333336
region8,1950,22.16272222222222
region8,1951,23.225055555555556
region8,1952,26.174833333333332
region8,1953,27.185222222222222
region8,1954,29.25222222222222
region8,1955,31.01983333333333
region8,1956,25.258444444444443
region8,1957,25.22533333333333
region8,1958,25.130055555555558
region8,1959,29.298000000000002
region8,1960,25.968944444444446
region8,1961,25.31188888888889
region8,1962,29.10533333333333
region8,1963,26.512888888888888
region8,1964,26.561722222222222
region8,1965,27.7925
region8,1966,27.169444444444444
region8,1967,23.35661111111111
region8,1968,27.760944444444444
region8,1969,26.55611111111111
region8,1970,26.854944444444445
region8,1971,26.535055555555555
region8,1972,26.754444444444445
region8,1973,26.06972222222222
region8,1974,26.135555555555555
region8,1975,26.817
region8,1976,24.12083333333333
region8,1977,30.108944444444447
region8,1978,29.06477777777778
region8,1979,24.796333333333333
region8,1980,20.274222222222225
region8,1981,28.420944444444444
region8,1982,33.132666666666665
region8,1983,23.607944444444442
region8,1984,30.56555555555555
region8,1985,28.128611111111113
region8,1986,26.27177777777778
region8,1987,30.34222222222222
region8,1988,33.01444444444444
region8,1989,27.43127777777778
region8,1990,25.951444444444444
region8,1991,30.94833333333333
region8,1992,29.60488888888889
region8,1993,33.00644444444444
region8,1994,25.02927777777778
region8,1995,26.398444444444447
region8,1996,29.397555555555552
region8,1997,27.001444444444445
region8,1998,25.678833333333333
region8,1999,31.117722222222223
region8,2000,30.590444444444447
region8,2001,32.26927777777777
region8,2002,28.13416666666667
region8,2003,30.02527777777778
region8,2004,29.981833333333334
region8,2005,28.492555555555555
region8,2006,30.924111111111113
region8,2007,32.79027777777778
region8,2008,27.566277777777778
region8,2009,26.126055555555556
region8,2010,28.58666666666667
region8,2011,28.00761111111111
region8,2012,25.5215
region8,2013,32.356944444444444
region8,2014,26.40972222222222
region8,2015,27.440944444444444
region8,2016,31.52816666666667
region8,2017,32.253
region8,2018,29.84733333333334
region8,2019,27.087944444444446
region8,2020,25.640333333333334
region8,2021,28.889111111111113
region8,1948,37.94520833333333
region8,1949,38.856375
region8,1950,39.209916666666665
region8,1951,34.69029166666667
region8,1952,39.008874999999996
region8,1953,41.35845833333333
region8,1954,40.584291666666665
region8,1955,36.57425
region8,1956,39.081125
region8,1957,38.65625
region8,1958,39.69733333333333
region8,1959,37.54108333333333
region8,1960,39.1055
region8,1961,35.3375
region8,1962,41.13758333333333
region8,1963,41.264208333333336
region8,1964,36.63875
region8,1965,38.711125
region8,1966,38.62445833333333
region8,1967,38.365208333333335
region8,1968,36.98758333333333
region8,1969,38.43241666666667
region8,1970,36.32695833333333
region8,1971,36.053583333333336
region8,1972,35.01116666666667
region8,1973,38.014541666666666
region8,1974,39.04170833333333
region8,1975,38.29591666666666
region8,1976,37.82791666666667
region8,1977,38.42808333333333
region8,1978,36.15475
region8,1979,39.99066666666667
region8,1980,40.409083333333335
region8,1981,40.17245833333333
region8,1982,37.29416666666666
region8,1983,36.00270833333334
region8,1984,35.812958333333334
region8,1985,33.44079166666667
region8,1986,37.61304166666667
region8,1987,39.98066666666667
region8,1988,39.104166666666664
region8,1989,38.28595833333333
region8,1990,38.510875
region8,1991,38.05225
region8,1992,36.94525
region8,1993,36.83058333333333
region8,1994,39.41425
region8,1995,38.908208333333334
region8,1996,35.946041666666666
region8,1997,39.73433333333333
region8,1998,40.89658333333333
region8,1999,41.73258333333333
region8,2000,36.184375
region8,2001,41.116708333333335
region8,2002,38.74941666666667
region8,2003,39.55108333333333
region8,2004,40.43866666666667
region8,2005,40.45045833333334
region8,2006,38.67966666666667
region8,2007,39.417291666666664
region8,2008,38.537958333333336
region8,2009,37.59758333333333
region8,2010,39.53158333333334
region8,2011,40.451208333333334
region8,2012,39.838125
region8,2013,37.595666666666666
region8,2014,39.928625000000004
region8,2015,41.64695833333334
region8,2016,40.79858333333333
region8,2017,40.075583333333334
region8,2018,38.496249999999996
region8,2019,37.988
region8,2020,40.501
region9,1949,43.75222222222222
region9,1950,39.10211111111111
region9,1951,44.69444444444444
region9,1952,44.63733333333333
region9,1953,42.86477777777778
region9,1954,45.797888888888885
region9,1955,47.684555555555555
region9,1956,39.712555555555554
region9,1957,43.57533333333333
region9,1958,44.66177777777778
region9,1959,45.47155555555556
region9,1960,46.26744444444444
region9,1961,42.623333333333335
region9,1962,46.13
region9,1963,44.818444444444445
region9,1964,44.35444444444445
region9,1965,41.72822222222223
region9,1966,44.77022222222222
region9,1967,43.142
region9,1968,42.90511111111111
region9,1969,45.433888888888895
region9,1970,44.35744444444444
region9,1971,44.50622222222222
region9,1972,44.217333333333336
region9,1973,44.52788888888889
region9,1974,42.781777777777776
region9,1975,43.376000000000005
region9,1976,41.428777777777775
region9,1977,44.772
region9,1978,45.69766666666666
region9,1979,45.20455555555556
region9,1980,42.385333333333335
region9,1981,46.891
region9,1982,47.89788888888889
region9,1983,43.75411111111111
region9,1984,44.07555555555555
region9,1985,43.99311111111111
region9,1986,44.45744444444445
region9,1987,48.30488888888889
region9,1988,45.70933333333333
region9,1989,45.39633333333333
region9,1990,44.974555555555554
region9,1991,45.12244444444444
region9,1992,45.968777777777774
region9,1993,47.53911111111111
region9,1994,43.794555555555554
region9,1995,45.57
region9,1996,46.943999999999996
region9,1997,47.75
region9,1998,45.16811111111111
region9,1999,44.02377777777778
region9,2000,44.97833333333333
region9,2001,48.39555555555555
region9,2002,43.42655555555555
region9,2003,46.266777777777776
region9,2004,46.59833333333333
region9,2005,44.94788888888889
region9,2006,45.49655555555555
region9,2007,46.42644444444445
region9,2008,45.20611111111111
region9,2009,44.05777777777777
region9,2010,46.22511111111111
region9,2011,44.94133333333333
region9,2012,44.39722222222222
region9,2013,47.17755555555556
region9,2014,44.223555555555556
region9,2015,49.278888888888886
region9,2016,49.66855555555556
region9,2017,47.82622222222223
region9,2018,46.06877777777778
region9,2019,48.50077777777778
region9,2020,45.257222222222225
region9,2021,47.19766666666666
region9,1948,51.211666666666666
region9,1949,53.440666666666665
region9,1950,55.79866666666667
region9,1951,51.95033333333333
region9,1952,53.22266666666667
region9,1953,53.68983333333333
region9,1954,53.35691666666667
region9,1955,53.84675000000001
region9,1956,52.64908333333333
region9,1957,51.84608333333333
region9,1958,55.14691666666667
region9,1959,53.040166666666664
region9,1960,53.03116666666667
region9,1961,50.85208333333333
region9,1962,54.71
region9,1963,54.338750000000005
region9,1964,52.73908333333333
region9,1965,52.72108333333333
region9,1966,53.347833333333334
region9,1967,53.36166666666667
region9,1968,51.947916666666664
region9,1969,52.99216666666666
region9,1970,51.42175
region9,1971,49.81833333333333
region9,1972,49.970333333333336
region9,1973,52.71041666666667
region9,1974,52.936
region9,1975,52.84525
region9,1976,53.02525
region9,1977,55.04466666666667
region9,1978,51.73808333333333
region9,1979,54.328583333333334
region9,1980,54.67125000000001
region9,1981,54.31983333333333
region9,1982,51.159333333333336
region9,1983,54.06608333333333
region9,1984,51.34241666666667
region9,1985,50.575250000000004
region9,1986,51.7825
region9,1987,53.49508333333333
region9,1988,53.811
region9,1989,53.61183333333333
region9,1990,52.45408333333333
region9,1991,54.408166666666666
region9,1992,52.60716666666667
region9,1993,52.5685
region9,1994,51.352916666666665
region9,1995,56.20808333333333
region9,1996,53.4735
region9,1997,53.27016666666666
region9,1998,52.569583333333334
region9,1999,55.5045
region9,2000,52.410666666666664
region9,2001,54.92216666666667
region9,2002,53.67575
region9,2003,54.89091666666667
region9,2004,52.44083333333333
region9,2005,54.281416666666665
region9,2006,53.03325
region9,2007,53.30633333333333
region9,2008,54.77858333333333
region9,2009,53.06491666666667
region9,2010,54.42516666666666
region9,2011,53.6455
region9,2012,55.30616666666666
region9,2013,52.88766666666667
region9,2014,56.1955
region9,2015,54.16691666666667
region9,2016,54.655833333333334
region9,2017,55.96733333333333
region9,2018,54.07591666666667
region9,2019,53.446333333333335
region9,2020,56.219
