"chi","loglik","HHS_region","Pathens2","loglik_cutoff","maxloglik","lower","upper"
0,-3094.79028771241,10,"fluB",-2505.54595134538,-2503.62522193504,0.09,0.1
0.01,-3010.44880829863,10,"fluB",-2505.54595134538,-2503.62522193504,0.09,0.1
0.02,-2904.04052055097,10,"fluB",-2505.54595134538,-2503.62522193504,0.09,0.1
0.03,-2788.85776662333,10,"fluB",-2505.54595134538,-2503.62522193504,0.09,0.1
0.04,-2686.11010381193,10,"fluB",-2505.54595134538,-2503.62522193504,0.09,0.1
0.05,-2609.29783256819,10,"fluB",-2505.54595134538,-2503.62522193504,0.09,0.1
0.06,-2558.4712027252,10,"fluB",-2505.54595134538,-2503.62522193504,0.09,0.1
0.07,-2527.51304279261,10,"fluB",-2505.54595134538,-2503.62522193504,0.09,0.1
0.08,-2510.56779456605,10,"fluB",-2505.54595134538,-2503.62522193504,0.09,0.1
0.09,-2503.62522193504,10,"fluB",-2505.54595134538,-2503.62522193504,0.09,0.1
0.1,-2504.12256117656,10,"fluB",-2505.54595134538,-2503.62522193504,0.09,0.1
0.11,-2510.37689549036,10,"fluB",-2505.54595134538,-2503.62522193504,0.09,0.1
0.12,-2521.22242532073,10,"fluB",-2505.54595134538,-2503.62522193504,0.09,0.1
0.13,-2535.81006261252,10,"fluB",-2505.54595134538,-2503.62522193504,0.09,0.1
0.14,-2553.49707794037,10,"fluB",-2505.54595134538,-2503.62522193504,0.09,0.1
0.15,-2573.78250017242,10,"fluB",-2505.54595134538,-2503.62522193504,0.09,0.1
0.16,-2596.26703271808,10,"fluB",-2505.54595134538,-2503.62522193504,0.09,0.1
0.17,-2620.62699436628,10,"fluB",-2505.54595134538,-2503.62522193504,0.09,0.1
0.18,-2646.59608932043,10,"fluB",-2505.54595134538,-2503.62522193504,0.09,0.1
0.19,-2673.95251106345,10,"fluB",-2505.54595134538,-2503.62522193504,0.09,0.1
0.2,-2702.5099017934,10,"fluB",-2505.54595134538,-2503.62522193504,0.09,0.1
0.21,-2732.11036297899,10,"fluB",-2505.54595134538,-2503.62522193504,0.09,0.1
0.22,-2762.61932763694,10,"fluB",-2505.54595134538,-2503.62522193504,0.09,0.1
0.23,-2793.92142888299,10,"fluB",-2505.54595134538,-2503.62522193504,0.09,0.1
0.24,-2825.91750399304,10,"fluB",-2505.54595134538,-2503.62522193504,0.09,0.1
0.25,-2858.52218294075,10,"fluB",-2505.54595134538,-2503.62522193504,0.09,0.1
0.26,-2891.66183193546,10,"fluB",-2505.54595134538,-2503.62522193504,0.09,0.1
0.27,-7646.59906571883,10,"fluB",-2505.54595134538,-2503.62522193504,0.09,0.1
0.28,-7763.92765598949,10,"fluB",-2505.54595134538,-2503.62522193504,0.09,0.1
0.29,-7878.81436222517,10,"fluB",-2505.54595134538,-2503.62522193504,0.09,0.1
0.3,-7991.31697812912,10,"fluB",-2505.54595134538,-2503.62522193504,0.09,0.1
0.31,-8101.4890960329,10,"fluB",-2505.54595134538,-2503.62522193504,0.09,0.1
0.32,-8209.38113033063,10,"fluB",-2505.54595134538,-2503.62522193504,0.09,0.1
0.33,-8315.04116989806,10,"fluB",-2505.54595134538,-2503.62522193504,0.09,0.1
0.34,-8418.51487950943,10,"fluB",-2505.54595134538,-2503.62522193504,0.09,0.1
0.35,-8519.84600582932,10,"fluB",-2505.54595134538,-2503.62522193504,0.09,0.1
0.36,-8619.07703133281,10,"fluB",-2505.54595134538,-2503.62522193504,0.09,0.1
0.37,-8716.24921658661,10,"fluB",-2505.54595134538,-2503.62522193504,0.09,0.1
0.38,-8811.4030458826,10,"fluB",-2505.54595134538,-2503.62522193504,0.09,0.1
0.39,-8904.57794498734,10,"fluB",-2505.54595134538,-2503.62522193504,0.09,0.1
0.4,-8995.81284158049,10,"fluB",-2505.54595134538,-2503.62522193504,0.09,0.1
0.41,-9085.14651146938,10,"fluB",-2505.54595134538,-2503.62522193504,0.09,0.1
0.42,-9172.61718601395,10,"fluB",-2505.54595134538,-2503.62522193504,0.09,0.1
0.43,-9258.26289572168,10,"fluB",-2505.54595134538,-2503.62522193504,0.09,0.1
0.44,-9342.12188999821,10,"fluB",-2505.54595134538,-2503.62522193504,0.09,0.1
0.45,-9424.23199768817,10,"fluB",-2505.54595134538,-2503.62522193504,0.09,0.1
0.46,-9504.63118761257,10,"fluB",-2505.54595134538,-2503.62522193504,0.09,0.1
0.47,-9583.35753050375,10,"fluB",-2505.54595134538,-2503.62522193504,0.09,0.1
0.48,-9660.44911828392,10,"fluB",-2505.54595134538,-2503.62522193504,0.09,0.1
0.49,-9735.94429748741,10,"fluB",-2505.54595134538,-2503.62522193504,0.09,0.1
0.5,-9809.88126364733,10,"fluB",-2505.54595134538,-2503.62522193504,0.09,0.1
0.51,-9882.29854086225,10,"fluB",-2505.54595134538,-2503.62522193504,0.09,0.1
0.52,-9953.23472555221,10,"fluB",-2505.54595134538,-2503.62522193504,0.09,0.1
0.53,-10022.7284554569,10,"fluB",-2505.54595134538,-2503.62522193504,0.09,0.1
0.54,-10090.8184482716,10,"fluB",-2505.54595134538,-2503.62522193504,0.09,0.1
0.55,-10157.5435737815,10,"fluB",-2505.54595134538,-2503.62522193504,0.09,0.1
0.56,-10222.9424685038,10,"fluB",-2505.54595134538,-2503.62522193504,0.09,0.1
0.57,-10287.0539313374,10,"fluB",-2505.54595134538,-2503.62522193504,0.09,0.1
0.58,-10349.9165997842,10,"fluB",-2505.54595134538,-2503.62522193504,0.09,0.1
0.59,-10411.5689858988,10,"fluB",-2505.54595134538,-2503.62522193504,0.09,0.1
0.6,-10472.0494723405,10,"fluB",-2505.54595134538,-2503.62522193504,0.09,0.1
0.61,-10531.3960374127,10,"fluB",-2505.54595134538,-2503.62522193504,0.09,0.1
0.62,-10589.6465088582,10,"fluB",-2505.54595134538,-2503.62522193504,0.09,0.1
0.63,-10646.8381344861,10,"fluB",-2505.54595134538,-2503.62522193504,0.09,0.1
0.64,-10703.0078070485,10,"fluB",-2505.54595134538,-2503.62522193504,0.09,0.1
0.65,-10758.1917365264,10,"fluB",-2505.54595134538,-2503.62522193504,0.09,0.1
0.66,-10812.425554343,10,"fluB",-2505.54595134538,-2503.62522193504,0.09,0.1
0.67,-10865.7439673681,10,"fluB",-2505.54595134538,-2503.62522193504,0.09,0.1
0.68,-10918.1809638695,10,"fluB",-2505.54595134538,-2503.62522193504,0.09,0.1
0.69,-10969.769391395,10,"fluB",-2505.54595134538,-2503.62522193504,0.09,0.1
0.7,-11020.5412508384,10,"fluB",-2505.54595134538,-2503.62522193504,0.09,0.1
0.71,-11070.5271318923,10,"fluB",-2505.54595134538,-2503.62522193504,0.09,0.1
0.72,-11119.7561478502,10,"fluB",-2505.54595134538,-2503.62522193504,0.09,0.1
0.73,-11168.256227979,10,"fluB",-2505.54595134538,-2503.62522193504,0.09,0.1
0.74,-11216.0534657706,10,"fluB",-2505.54595134538,-2503.62522193504,0.09,0.1
0.75,-11263.1724970503,10,"fluB",-2505.54595134538,-2503.62522193504,0.09,0.1
0.76,-11309.6358691718,10,"fluB",-2505.54595134538,-2503.62522193504,0.09,0.1
0.77,-11355.4642099327,10,"fluB",-2505.54595134538,-2503.62522193504,0.09,0.1
0.78,-11400.6759874119,10,"fluB",-2505.54595134538,-2503.62522193504,0.09,0.1
0.79,-11445.287420249,10,"fluB",-2505.54595134538,-2503.62522193504,0.09,0.1
0.8,-11489.3122914965,10,"fluB",-2505.54595134538,-2503.62522193504,0.09,0.1
0.81,-11532.7619569983,10,"fluB",-2505.54595134538,-2503.62522193504,0.09,0.1
0.82,-11575.6451797136,10,"fluB",-2505.54595134538,-2503.62522193504,0.09,0.1
0.83,-11617.9677265922,10,"fluB",-2505.54595134538,-2503.62522193504,0.09,0.1
0.84,-11659.7324907779,10,"fluB",-2505.54595134538,-2503.62522193504,0.09,0.1
0.85,-11700.9393773946,10,"fluB",-2505.54595134538,-2503.62522193504,0.09,0.1
0.86,-11741.5850696854,10,"fluB",-2505.54595134538,-2503.62522193504,0.09,0.1
0.87,-11781.6630645644,10,"fluB",-2505.54595134538,-2503.62522193504,0.09,0.1
0.88,-11821.1632222967,10,"fluB",-2505.54595134538,-2503.62522193504,0.09,0.1
0.89,-11860.0722204369,10,"fluB",-2505.54595134538,-2503.62522193504,0.09,0.1
0.9,-11898.3730434555,10,"fluB",-2505.54595134538,-2503.62522193504,0.09,0.1
0.91,-11936.0446819163,10,"fluB",-2505.54595134538,-2503.62522193504,0.09,0.1
0.92,-11973.0625551642,10,"fluB",-2505.54595134538,-2503.62522193504,0.09,0.1
0.93,-12009.398258346,10,"fluB",-2505.54595134538,-2503.62522193504,0.09,0.1
0.94,-12045.0195956178,10,"fluB",-2505.54595134538,-2503.62522193504,0.09,0.1
0.95,-12079.8902046337,10,"fluB",-2505.54595134538,-2503.62522193504,0.09,0.1
0.96,-12113.9699099053,10,"fluB",-2505.54595134538,-2503.62522193504,0.09,0.1
0.97,-12147.2143997031,10,"fluB",-2505.54595134538,-2503.62522193504,0.09,0.1
0.98,-12179.5753235528,10,"fluB",-2505.54595134538,-2503.62522193504,0.09,0.1
0.99,-12211.0004616722,10,"fluB",-2505.54595134538,-2503.62522193504,0.09,0.1
1,-12241.4335886927,10,"fluB",-2505.54595134538,-2503.62522193504,0.09,0.1
0,-2458.4381026818,1,"fluB",-1489.49714541519,-1487.57641600485,0.61,0.61
0.01,-2418.53465435817,1,"fluB",-1489.49714541519,-1487.57641600485,0.61,0.61
0.02,-2379.809767408,1,"fluB",-1489.49714541519,-1487.57641600485,0.61,0.61
0.03,-2342.24283878781,1,"fluB",-1489.49714541519,-1487.57641600485,0.61,0.61
0.04,-2305.81291437076,1,"fluB",-1489.49714541519,-1487.57641600485,0.61,0.61
0.05,-2270.4985172369,1,"fluB",-1489.49714541519,-1487.57641600485,0.61,0.61
0.06,-2236.27787684775,1,"fluB",-1489.49714541519,-1487.57641600485,0.61,0.61
0.07,-2203.1290919947,1,"fluB",-1489.49714541519,-1487.57641600485,0.61,0.61
0.08,-2171.03012845844,1,"fluB",-1489.49714541519,-1487.57641600485,0.61,0.61
0.09,-2139.95884108394,1,"fluB",-1489.49714541519,-1487.57641600485,0.61,0.61
0.1,-2109.89316271739,1,"fluB",-1489.49714541519,-1487.57641600485,0.61,0.61
0.11,-2080.81108009345,1,"fluB",-1489.49714541519,-1487.57641600485,0.61,0.61
0.12,-2052.69076745054,1,"fluB",-1489.49714541519,-1487.57641600485,0.61,0.61
0.13,-2025.51050540798,1,"fluB",-1489.49714541519,-1487.57641600485,0.61,0.61
0.14,-1999.24887075249,1,"fluB",-1489.49714541519,-1487.57641600485,0.61,0.61
0.15,-1973.88466219657,1,"fluB",-1489.49714541519,-1487.57641600485,0.61,0.61
0.16,-1949.39697882736,1,"fluB",-1489.49714541519,-1487.57641600485,0.61,0.61
0.17,-1925.76525733711,1,"fluB",-1489.49714541519,-1487.57641600485,0.61,0.61
0.18,-1902.96934560651,1,"fluB",-1489.49714541519,-1487.57641600485,0.61,0.61
0.19,-1880.98948521204,1,"fluB",-1489.49714541519,-1487.57641600485,0.61,0.61
0.2,-1859.80622788407,1,"fluB",-1489.49714541519,-1487.57641600485,0.61,0.61
0.21,-1839.40033630162,1,"fluB",-1489.49714541519,-1487.57641600485,0.61,0.61
0.22,-1819.75272764024,1,"fluB",-1489.49714541519,-1487.57641600485,0.61,0.61
0.23,-1800.84486719471,1,"fluB",-1489.49714541519,-1487.57641600485,0.61,0.61
0.24,-1782.65982565909,1,"fluB",-1489.49714541519,-1487.57641600485,0.61,0.61
0.25,-1765.18233101668,1,"fluB",-1489.49714541519,-1487.57641600485,0.61,0.61
0.26,-1748.39680535082,1,"fluB",-1489.49714541519,-1487.57641600485,0.61,0.61
0.27,-1732.28368715535,1,"fluB",-1489.49714541519,-1487.57641600485,0.61,0.61
0.28,-1716.81923376932,1,"fluB",-1489.49714541519,-1487.57641600485,0.61,0.61
0.29,-1701.98392972843,1,"fluB",-1489.49714541519,-1487.57641600485,0.61,0.61
0.3,-1687.77442070029,1,"fluB",-1489.49714541519,-1487.57641600485,0.61,0.61
0.31,-1674.1998699188,1,"fluB",-1489.49714541519,-1487.57641600485,0.61,0.61
0.32,-1661.25135898001,1,"fluB",-1489.49714541519,-1487.57641600485,0.61,0.61
0.33,-1648.87220053442,1,"fluB",-1489.49714541519,-1487.57641600485,0.61,0.61
0.34,-1636.98914858646,1,"fluB",-1489.49714541519,-1487.57641600485,0.61,0.61
0.35,-1625.60562972475,1,"fluB",-1489.49714541519,-1487.57641600485,0.61,0.61
0.36,-1614.83893162397,1,"fluB",-1489.49714541519,-1487.57641600485,0.61,0.61
0.37,-1604.77751628594,1,"fluB",-1489.49714541519,-1487.57641600485,0.61,0.61
0.38,-1595.27375255885,1,"fluB",-1489.49714541519,-1487.57641600485,0.61,0.61
0.39,-1586.01561044101,1,"fluB",-1489.49714541519,-1487.57641600485,0.61,0.61
0.4,-1576.96261445723,1,"fluB",-1489.49714541519,-1487.57641600485,0.61,0.61
0.41,-1568.57963253598,1,"fluB",-1489.49714541519,-1487.57641600485,0.61,0.61
0.42,-1561.27222598729,1,"fluB",-1489.49714541519,-1487.57641600485,0.61,0.61
0.43,-1554.5776727399,1,"fluB",-1489.49714541519,-1487.57641600485,0.61,0.61
0.44,-1547.52725511026,1,"fluB",-1489.49714541519,-1487.57641600485,0.61,0.61
0.45,-1540.20190989611,1,"fluB",-1489.49714541519,-1487.57641600485,0.61,0.61
0.46,-1534.07636214233,1,"fluB",-1489.49714541519,-1487.57641600485,0.61,0.61
0.47,-1529.78540211115,1,"fluB",-1489.49714541519,-1487.57641600485,0.61,0.61
0.48,-1525.48687733473,1,"fluB",-1489.49714541519,-1487.57641600485,0.61,0.61
0.49,-1519.5052925594,1,"fluB",-1489.49714541519,-1487.57641600485,0.61,0.61
0.5,-1513.84743070237,1,"fluB",-1489.49714541519,-1487.57641600485,0.61,0.61
0.51,-1511.30522178406,1,"fluB",-1489.49714541519,-1487.57641600485,0.61,0.61
0.52,-1509.67824444437,1,"fluB",-1489.49714541519,-1487.57641600485,0.61,0.61
0.53,-1504.96982038658,1,"fluB",-1489.49714541519,-1487.57641600485,0.61,0.61
0.54,-1500.19215209349,1,"fluB",-1489.49714541519,-1487.57641600485,0.61,0.61
0.55,-1500.12811664069,1,"fluB",-1489.49714541519,-1487.57641600485,0.61,0.61
0.56,-1499.44891400681,1,"fluB",-1489.49714541519,-1487.57641600485,0.61,0.61
0.57,-1494.41594920334,1,"fluB",-1489.49714541519,-1487.57641600485,0.61,0.61
0.58,-1494.63747017319,1,"fluB",-1489.49714541519,-1487.57641600485,0.61,0.61
0.59,-1494.94138235279,1,"fluB",-1489.49714541519,-1487.57641600485,0.61,0.61
0.6,-1491.63211874714,1,"fluB",-1489.49714541519,-1487.57641600485,0.61,0.61
0.61,-1487.57641600485,1,"fluB",-1489.49714541519,-1487.57641600485,0.61,0.61
0.62,-4487.95241137031,1,"fluB",-1489.49714541519,-1487.57641600485,0.61,0.61
0.63,-4573.87294650191,1,"fluB",-1489.49714541519,-1487.57641600485,0.61,0.61
0.64,-4648.89488860946,1,"fluB",-1489.49714541519,-1487.57641600485,0.61,0.61
0.65,-4714.53748408944,1,"fluB",-1489.49714541519,-1487.57641600485,0.61,0.61
0.66,-4771.87188262029,1,"fluB",-1489.49714541519,-1487.57641600485,0.61,0.61
0.67,-4821.67564021652,1,"fluB",-1489.49714541519,-1487.57641600485,0.61,0.61
0.68,-4864.52568233362,1,"fluB",-1489.49714541519,-1487.57641600485,0.61,0.61
0.69,-4900.85601897343,1,"fluB",-1489.49714541519,-1487.57641600485,0.61,0.61
0.7,-4930.99777444728,1,"fluB",-1489.49714541519,-1487.57641600485,0.61,0.61
0.71,-4955.20685173097,1,"fluB",-1489.49714541519,-1487.57641600485,0.61,0.61
0.72,-4973.68422607637,1,"fluB",-1489.49714541519,-1487.57641600485,0.61,0.61
0.73,-4986.59306341172,1,"fluB",-1489.49714541519,-1487.57641600485,0.61,0.61
0.74,-4994.07216085559,1,"fluB",-1489.49714541519,-1487.57641600485,0.61,0.61
0.75,-4996.24807859751,1,"fluB",-1489.49714541519,-1487.57641600485,0.61,0.61
0.76,-4993.24702185718,1,"fluB",-1489.49714541519,-1487.57641600485,0.61,0.61
0.77,-4985.20638396938,1,"fluB",-1489.49714541519,-1487.57641600485,0.61,0.61
0.78,-4972.28656042948,1,"fluB",-1489.49714541519,-1487.57641600485,0.61,0.61
0.79,-4954.68320736973,1,"fluB",-1489.49714541519,-1487.57641600485,0.61,0.61
0.8,-4932.63992529732,1,"fluB",-1489.49714541519,-1487.57641600485,0.61,0.61
0.81,-4906.46094920593,1,"fluB",-1489.49714541519,-1487.57641600485,0.61,0.61
0.82,-4876.52375622405,1,"fluB",-1489.49714541519,-1487.57641600485,0.61,0.61
0.83,-4843.29121624205,1,"fluB",-1489.49714541519,-1487.57641600485,0.61,0.61
0.84,-4807.32063653171,1,"fluB",-1489.49714541519,-1487.57641600485,0.61,0.61
0.85,-4769.26980356176,1,"fluB",-1489.49714541519,-1487.57641600485,0.61,0.61
0.86,-4729.89733269888,1,"fluB",-1489.49714541519,-1487.57641600485,0.61,0.61
0.87,-4690.05509357414,1,"fluB",-1489.49714541519,-1487.57641600485,0.61,0.61
0.88,-4650.67035692811,1,"fluB",-1489.49714541519,-1487.57641600485,0.61,0.61
0.89,-4612.71586424779,1,"fluB",-1489.49714541519,-1487.57641600485,0.61,0.61
0.9,-4577.1669681521,1,"fluB",-1489.49714541519,-1487.57641600485,0.61,0.61
0.91,-4544.94663838365,1,"fluB",-1489.49714541519,-1487.57641600485,0.61,0.61
0.92,-4516.86276340945,1,"fluB",-1489.49714541519,-1487.57641600485,0.61,0.61
0.93,-4493.54395333609,1,"fluB",-1489.49714541519,-1487.57641600485,0.61,0.61
0.94,-4475.38428006038,1,"fluB",-1489.49714541519,-1487.57641600485,0.61,0.61
0.95,-4462.50661045292,1,"fluB",-1489.49714541519,-1487.57641600485,0.61,0.61
0.96,-4454.75305241967,1,"fluB",-1489.49714541519,-1487.57641600485,0.61,0.61
0.97,-4451.70497463267,1,"fluB",-1489.49714541519,-1487.57641600485,0.61,0.61
0.98,-4452.7291775064,1,"fluB",-1489.49714541519,-1487.57641600485,0.61,0.61
0.99,-4457.04091446885,1,"fluB",-1489.49714541519,-1487.57641600485,0.61,0.61
1,-4463.77224625526,1,"fluB",-1489.49714541519,-1487.57641600485,0.61,0.61
0,-10976.49303,2,fluB,-3222.96822,-3221.04749,0.72,0.725
0.01,-10749.78852,2,fluB,-3222.96822,-3221.04749,0.72,0.725
0.02,-10526.43788,2,fluB,-3222.96822,-3221.04749,0.72,0.725
0.03,-10306.4849,2,fluB,-3222.96822,-3221.04749,0.72,0.725
0.04,-10089.96937,2,fluB,-3222.96822,-3221.04749,0.72,0.725
0.05,-9876.928223,2,fluB,-3222.96822,-3221.04749,0.72,0.725
0.06,-9667.396155,2,fluB,-3222.96822,-3221.04749,0.72,0.725
0.07,-9461.405619,2,fluB,-3222.96822,-3221.04749,0.72,0.725
0.08,-9258.98644,2,fluB,-3222.96822,-3221.04749,0.72,0.725
0.09,-9060.166552,2,fluB,-3222.96822,-3221.04749,0.72,0.725
0.1,-8864.970939,2,fluB,-3222.96822,-3221.04749,0.72,0.725
0.11,-8673.422616,2,fluB,-3222.96822,-3221.04749,0.72,0.725
0.12,-8485.542046,2,fluB,-3222.96822,-3221.04749,0.72,0.725
0.13,-8301.347569,2,fluB,-3222.96822,-3221.04749,0.72,0.725
0.14,-8120.85411,2,fluB,-3222.96822,-3221.04749,0.72,0.725
0.15,-7944.074887,2,fluB,-3222.96822,-3221.04749,0.72,0.725
0.16,-7771.020725,2,fluB,-3222.96822,-3221.04749,0.72,0.725
0.17,-7601.699301,2,fluB,-3222.96822,-3221.04749,0.72,0.725
0.18,-7436.116294,2,fluB,-3222.96822,-3221.04749,0.72,0.725
0.19,-7274.274682,2,fluB,-3222.96822,-3221.04749,0.72,0.725
0.2,-7116.174831,2,fluB,-3222.96822,-3221.04749,0.72,0.725
0.21,-6961.814686,2,fluB,-3222.96822,-3221.04749,0.72,0.725
0.22,-6811.189512,2,fluB,-3222.96822,-3221.04749,0.72,0.725
0.23,-6664.292119,2,fluB,-3222.96822,-3221.04749,0.72,0.725
0.24,-6521.112807,2,fluB,-3222.96822,-3221.04749,0.72,0.725
0.25,-6381.639371,2,fluB,-3222.96822,-3221.04749,0.72,0.725
0.26,-6245.857163,2,fluB,-3222.96822,-3221.04749,0.72,0.725
0.27,-6113.749191,2,fluB,-3222.96822,-3221.04749,0.72,0.725
0.28,-5985.296036,2,fluB,-3222.96822,-3221.04749,0.72,0.725
0.29,-5860.476,2,fluB,-3222.96822,-3221.04749,0.72,0.725
0.3,-5739.265208,2,fluB,-3222.96822,-3221.04749,0.72,0.725
0.31,-5621.637603,2,fluB,-3222.96822,-3221.04749,0.72,0.725
0.32,-5507.565045,2,fluB,-3222.96822,-3221.04749,0.72,0.725
0.33,-5397.017597,2,fluB,-3222.96822,-3221.04749,0.72,0.725
0.34,-5289.963203,2,fluB,-3222.96822,-3221.04749,0.72,0.725
0.35,-5186.368245,2,fluB,-3222.96822,-3221.04749,0.72,0.725
0.36,-5086.197651,2,fluB,-3222.96822,-3221.04749,0.72,0.725
0.37,-4989.414265,2,fluB,-3222.96822,-3221.04749,0.72,0.725
0.38,-4895.980126,2,fluB,-3222.96822,-3221.04749,0.72,0.725
0.39,-4805.855859,2,fluB,-3222.96822,-3221.04749,0.72,0.725
0.4,-4719.001024,2,fluB,-3222.96822,-3221.04749,0.72,0.725
0.41,-4635.374242,2,fluB,-3222.96822,-3221.04749,0.72,0.725
0.42,-4554.933359,2,fluB,-3222.96822,-3221.04749,0.72,0.725
0.43,-4477.635559,2,fluB,-3222.96822,-3221.04749,0.72,0.725
0.44,-4403.437583,2,fluB,-3222.96822,-3221.04749,0.72,0.725
0.45,-4332.295845,2,fluB,-3222.96822,-3221.04749,0.72,0.725
0.46,-4264.166602,2,fluB,-3222.96822,-3221.04749,0.72,0.725
0.47,-4199.006202,2,fluB,-3222.96822,-3221.04749,0.72,0.725
0.48,-4136.770722,2,fluB,-3222.96822,-3221.04749,0.72,0.725
0.49,-4077.417156,2,fluB,-3222.96822,-3221.04749,0.72,0.725
0.5,-4020.902463,2,fluB,-3222.96822,-3221.04749,0.72,0.725
0.51,-3967.184297,2,fluB,-3222.96822,-3221.04749,0.72,0.725
0.52,-3916.221405,2,fluB,-3222.96822,-3221.04749,0.72,0.725
0.53,-3867.972723,2,fluB,-3222.96822,-3221.04749,0.72,0.725
0.54,-3822.398436,2,fluB,-3222.96822,-3221.04749,0.72,0.725
0.55,-3779.45981,2,fluB,-3222.96822,-3221.04749,0.72,0.725
0.56,-3739.11928,2,fluB,-3222.96822,-3221.04749,0.72,0.725
0.57,-3701.340352,2,fluB,-3222.96822,-3221.04749,0.72,0.725
0.58,-3666.088045,2,fluB,-3222.96822,-3221.04749,0.72,0.725
0.59,-3633.328448,2,fluB,-3222.96822,-3221.04749,0.72,0.725
0.6,-3603.029518,2,fluB,-3222.96822,-3221.04749,0.72,0.725
0.61,-3575.160261,2,fluB,-3222.96822,-3221.04749,0.72,0.725
0.62,-3549.690926,2,fluB,-3222.96822,-3221.04749,0.72,0.725
0.63,-3526.592683,2,fluB,-3222.96822,-3221.04749,0.72,0.725
0.64,-3505.833386,2,fluB,-3222.96822,-3221.04749,0.72,0.725
0.65,-3487.356648,2,fluB,-3222.96822,-3221.04749,0.72,0.725
0.66,-3470.969669,2,fluB,-3222.96822,-3221.04749,0.72,0.725
0.67,-3455.81684,2,fluB,-3222.96822,-3221.04749,0.72,0.725
0.68,-3438.199986,2,fluB,-3222.96822,-3221.04749,0.72,0.725
0.69,-3404.76428,2,fluB,-3222.96822,-3221.04749,0.72,0.725
0.7,-3327.517552,2,fluB,-3222.96822,-3221.04749,0.72,0.725
0.71,-3232.80251,2,fluB,-3222.96822,-3221.04749,0.72,0.725
0.72,-3221.04749,2,fluB,-3222.96822,-3221.04749,0.72,0.725
0.73,-5064.214574,2,fluB,-3222.96822,-3221.04749,0.72,0.725
0.74,-5488.193283,2,fluB,-3222.96822,-3221.04749,0.72,0.725
0.75,-5871.458103,2,fluB,-3222.96822,-3221.04749,0.72,0.725
0.76,-6242.306962,2,fluB,-3222.96822,-3221.04749,0.72,0.725
0.77,-6603.627972,2,fluB,-3222.96822,-3221.04749,0.72,0.725
0.78,-6957.207682,2,fluB,-3222.96822,-3221.04749,0.72,0.725
0.79,-7304.313196,2,fluB,-3222.96822,-3221.04749,0.72,0.725
0.8,-7645.892428,2,fluB,-3222.96822,-3221.04749,0.72,0.725
0.81,-7982.682298,2,fluB,-3222.96822,-3221.04749,0.72,0.725
0.82,-8315.278358,2,fluB,-3222.96822,-3221.04749,0.72,0.725
0.83,-8644.171832,2,fluB,-3222.96822,-3221.04749,0.72,0.725
0.84,-8969.77953,2,fluB,-3222.96822,-3221.04749,0.72,0.725
0.85,-9292.458472,2,fluB,-3222.96822,-3221.04749,0.72,0.725
0.86,-9612.521586,2,fluB,-3222.96822,-3221.04749,0.72,0.725
0.87,-9930.24238,2,fluB,-3222.96822,-3221.04749,0.72,0.725
0.88,-10245.86426,2,fluB,-3222.96822,-3221.04749,0.72,0.725
0.89,-10559.60401,2,fluB,-3222.96822,-3221.04749,0.72,0.725
0.9,-10871.65858,2,fluB,-3222.96822,-3221.04749,0.72,0.725
0.91,-11182.20178,2,fluB,-3222.96822,-3221.04749,0.72,0.725
0.92,-11491.38956,2,fluB,-3222.96822,-3221.04749,0.72,0.725
0.93,-11799.36186,2,fluB,-3222.96822,-3221.04749,0.72,0.725
0.94,-12106.2428,2,fluB,-3222.96822,-3221.04749,0.72,0.725
0.95,-12412.14194,2,fluB,-3222.96822,-3221.04749,0.72,0.725
0.96,-12717.1548,2,fluB,-3222.96822,-3221.04749,0.72,0.725
0.97,-13021.36358,2,fluB,-3222.96822,-3221.04749,0.72,0.725
0.98,-13324.8373,2,fluB,-3222.96822,-3221.04749,0.72,0.725
0.99,-13627.63215,2,fluB,-3222.96822,-3221.04749,0.72,0.725
1,-13929.79142,2,fluB,-3222.96822,-3221.04749,0.72,0.725
0,-3155.455902,3,fluB,-2376.016622,-2374.095892,0.69,0.693
0.01,-3138.829501,3,fluB,-2376.016622,-2374.095892,0.69,0.693
0.02,-3122.45006,3,fluB,-2376.016622,-2374.095892,0.69,0.693
0.03,-3106.297452,3,fluB,-2376.016622,-2374.095892,0.69,0.693
0.04,-3090.351672,3,fluB,-2376.016622,-2374.095892,0.69,0.693
0.05,-3074.612346,3,fluB,-2376.016622,-2374.095892,0.69,0.693
0.06,-3059.103875,3,fluB,-2376.016622,-2374.095892,0.69,0.693
0.07,-3043.854376,3,fluB,-2376.016622,-2374.095892,0.69,0.693
0.08,-3028.86197,3,fluB,-2376.016622,-2374.095892,0.69,0.693
0.09,-3014.083639,3,fluB,-2376.016622,-2374.095892,0.69,0.693
0.1,-2999.4696,3,fluB,-2376.016622,-2374.095892,0.69,0.693
0.11,-2985.019317,3,fluB,-2376.016622,-2374.095892,0.69,0.693
0.12,-2970.797011,3,fluB,-2376.016622,-2374.095892,0.69,0.693
0.13,-2956.869688,3,fluB,-2376.016622,-2374.095892,0.69,0.693
0.14,-2943.217069,3,fluB,-2376.016622,-2374.095892,0.69,0.693
0.15,-2929.721099,3,fluB,-2376.016622,-2374.095892,0.69,0.693
0.16,-2916.284481,3,fluB,-2376.016622,-2374.095892,0.69,0.693
0.17,-2902.972924,3,fluB,-2376.016622,-2374.095892,0.69,0.693
0.18,-2889.992954,3,fluB,-2376.016622,-2374.095892,0.69,0.693
0.19,-2877.460368,3,fluB,-2376.016622,-2374.095892,0.69,0.693
0.2,-2865.191819,3,fluB,-2376.016622,-2374.095892,0.69,0.693
0.21,-2852.827266,3,fluB,-2376.016622,-2374.095892,0.69,0.693
0.22,-2840.267265,3,fluB,-2376.016622,-2374.095892,0.69,0.693
0.23,-2827.944662,3,fluB,-2376.016622,-2374.095892,0.69,0.693
0.24,-2816.442214,3,fluB,-2376.016622,-2374.095892,0.69,0.693
0.25,-2805.701267,3,fluB,-2376.016622,-2374.095892,0.69,0.693
0.26,-2794.796394,3,fluB,-2376.016622,-2374.095892,0.69,0.693
0.27,-2782.878648,3,fluB,-2376.016622,-2374.095892,0.69,0.693
0.28,-2770.495669,3,fluB,-2376.016622,-2374.095892,0.69,0.693
0.29,-2759.485861,3,fluB,-2376.016622,-2374.095892,0.69,0.693
0.3,-2750.822628,3,fluB,-2376.016622,-2374.095892,0.69,0.693
0.31,-2742.715037,3,fluB,-2376.016622,-2374.095892,0.69,0.693
0.32,-2731.927132,3,fluB,-2376.016622,-2374.095892,0.69,0.693
0.33,-2717.926562,3,fluB,-2376.016622,-2374.095892,0.69,0.693
0.34,-2705.21184,3,fluB,-2376.016622,-2374.095892,0.69,0.693
0.35,-2698.925719,3,fluB,-2376.016622,-2374.095892,0.69,0.693
0.36,-2697.226386,3,fluB,-2376.016622,-2374.095892,0.69,0.693
0.37,-2690.828014,3,fluB,-2376.016622,-2374.095892,0.69,0.693
0.38,-2673.162486,3,fluB,-2376.016622,-2374.095892,0.69,0.693
0.39,-2652.190005,3,fluB,-2376.016622,-2374.095892,0.69,0.693
0.4,-2645.681469,3,fluB,-2376.016622,-2374.095892,0.69,0.693
0.41,-2657.454187,3,fluB,-2376.016622,-2374.095892,0.69,0.693
0.42,-2666.677354,3,fluB,-2376.016622,-2374.095892,0.69,0.693
0.43,-2646.934558,3,fluB,-2376.016622,-2374.095892,0.69,0.693
0.44,-2603.644405,3,fluB,-2376.016622,-2374.095892,0.69,0.693
0.45,-2585.429052,3,fluB,-2376.016622,-2374.095892,0.69,0.693
0.46,-2619.460777,3,fluB,-2376.016622,-2374.095892,0.69,0.693
0.47,-2668.730357,3,fluB,-2376.016622,-2374.095892,0.69,0.693
0.48,-2663.142097,3,fluB,-2376.016622,-2374.095892,0.69,0.693
0.49,-2576.691205,3,fluB,-2376.016622,-2374.095892,0.69,0.693
0.5,-2520.640618,3,fluB,-2376.016622,-2374.095892,0.69,0.693
0.51,-2586.186499,3,fluB,-2376.016622,-2374.095892,0.69,0.693
0.52,-2704.250224,3,fluB,-2376.016622,-2374.095892,0.69,0.693
0.53,-2749.359988,3,fluB,-2376.016622,-2374.095892,0.69,0.693
0.54,-2597.308005,3,fluB,-2376.016622,-2374.095892,0.69,0.693
0.55,-2465.56834,3,fluB,-2376.016622,-2374.095892,0.69,0.693
0.56,-2584.191681,3,fluB,-2376.016622,-2374.095892,0.69,0.693
0.57,-2779.271365,3,fluB,-2376.016622,-2374.095892,0.69,0.693
0.58,-2907.954221,3,fluB,-2376.016622,-2374.095892,0.69,0.693
0.59,-2650.353961,3,fluB,-2376.016622,-2374.095892,0.69,0.693
0.6,-2431.629649,3,fluB,-2376.016622,-2374.095892,0.69,0.693
0.61,-2656.517148,3,fluB,-2376.016622,-2374.095892,0.69,0.693
0.62,-2906.142542,3,fluB,-2376.016622,-2374.095892,0.69,0.693
0.63,-3111.985604,3,fluB,-2376.016622,-2374.095892,0.69,0.693
0.64,-2612.695809,3,fluB,-2376.016622,-2374.095892,0.69,0.693
0.65,-2478.248212,3,fluB,-2376.016622,-2374.095892,0.69,0.693
0.66,-2820.122357,3,fluB,-2376.016622,-2374.095892,0.69,0.693
0.67,-3149.782495,3,fluB,-2376.016622,-2374.095892,0.69,0.693
0.68,-3198.962861,3,fluB,-2376.016622,-2374.095892,0.69,0.693
0.69,-2374.095892,3,fluB,-2376.016622,-2374.095892,0.69,0.693
0.7,-2834.763975,3,fluB,-2376.016622,-2374.095892,0.69,0.693
0.71,-3030.430388,3,fluB,-2376.016622,-2374.095892,0.69,0.693
0.72,-3603.369022,3,fluB,-2376.016622,-2374.095892,0.69,0.693
0.73,-2391.08041,3,fluB,-2376.016622,-2374.095892,0.69,0.693
0.74,-2978.59715,3,fluB,-2376.016622,-2374.095892,0.69,0.693
0.75,-3098.958269,3,fluB,-2376.016622,-2374.095892,0.69,0.693
0.76,-3689.130706,3,fluB,-2376.016622,-2374.095892,0.69,0.693
0.77,-2508.752847,3,fluB,-2376.016622,-2374.095892,0.69,0.693
0.78,-2925.055311,3,fluB,-2376.016622,-2374.095892,0.69,0.693
0.79,-4121.635213,3,fluB,-2376.016622,-2374.095892,0.69,0.693
0.8,-3062.102335,3,fluB,-2376.016622,-2374.095892,0.69,0.693
0.81,-4127.435129,3,fluB,-2376.016622,-2374.095892,0.69,0.693
0.82,-2747.250265,3,fluB,-2376.016622,-2374.095892,0.69,0.693
0.83,-4887.864571,3,fluB,-2376.016622,-2374.095892,0.69,0.693
0.84,-5432.927206,3,fluB,-2376.016622,-2374.095892,0.69,0.693
0.85,-5832.183809,3,fluB,-2376.016622,-2374.095892,0.69,0.693
0.86,-6159.326977,3,fluB,-2376.016622,-2374.095892,0.69,0.693
0.87,-6440.0626,3,fluB,-2376.016622,-2374.095892,0.69,0.693
0.88,-6686.962912,3,fluB,-2376.016622,-2374.095892,0.69,0.693
0.89,-6907.252958,3,fluB,-2376.016622,-2374.095892,0.69,0.693
0.9,-7105.500284,3,fluB,-2376.016622,-2374.095892,0.69,0.693
0.91,-7284.773604,3,fluB,-2376.016622,-2374.095892,0.69,0.693
0.92,-7447.223055,3,fluB,-2376.016622,-2374.095892,0.69,0.693
0.93,-7594.399159,3,fluB,-2376.016622,-2374.095892,0.69,0.693
0.94,-7727.442119,3,fluB,-2376.016622,-2374.095892,0.69,0.693
0.95,-7847.204851,3,fluB,-2376.016622,-2374.095892,0.69,0.693
0.96,-7954.338315,3,fluB,-2376.016622,-2374.095892,0.69,0.693
0.97,-8049.357189,3,fluB,-2376.016622,-2374.095892,0.69,0.693
0.98,-8132.698189,3,fluB,-2376.016622,-2374.095892,0.69,0.693
0.99,-8204.781472,3,fluB,-2376.016622,-2374.095892,0.69,0.693
1,-8266.087402,3,fluB,-2376.016622,-2374.095892,0.69,0.693
0,-29089.85078,4,fluB,-4595.044955,-4593.124225,0.87,0.874
0.01,-28647.43593,4,fluB,-4595.044955,-4593.124225,0.87,0.874
0.02,-28202.02471,4,fluB,-4595.044955,-4593.124225,0.87,0.874
0.03,-27753.60712,4,fluB,-4595.044955,-4593.124225,0.87,0.874
0.04,-27302.17821,4,fluB,-4595.044955,-4593.124225,0.87,0.874
0.05,-26847.73594,4,fluB,-4595.044955,-4593.124225,0.87,0.874
0.06,-26390.28258,4,fluB,-4595.044955,-4593.124225,0.87,0.874
0.07,-25929.82634,4,fluB,-4595.044955,-4593.124225,0.87,0.874
0.08,-25466.38322,4,fluB,-4595.044955,-4593.124225,0.87,0.874
0.09,-24999.97906,4,fluB,-4595.044955,-4593.124225,0.87,0.874
0.1,-24530.6527,4,fluB,-4595.044955,-4593.124225,0.87,0.874
0.11,-24058.45852,4,fluB,-4595.044955,-4593.124225,0.87,0.874
0.12,-23583.47024,4,fluB,-4595.044955,-4593.124225,0.87,0.874
0.13,-23105.78469,4,fluB,-4595.044955,-4593.124225,0.87,0.874
0.14,-22625.52626,4,fluB,-4595.044955,-4593.124225,0.87,0.874
0.15,-22142.85157,4,fluB,-4595.044955,-4593.124225,0.87,0.874
0.16,-21657.95455,4,fluB,-4595.044955,-4593.124225,0.87,0.874
0.17,-21171.07165,4,fluB,-4595.044955,-4593.124225,0.87,0.874
0.18,-20682.4874,4,fluB,-4595.044955,-4593.124225,0.87,0.874
0.19,-20192.53946,4,fluB,-4595.044955,-4593.124225,0.87,0.874
0.2,-19701.62351,4,fluB,-4595.044955,-4593.124225,0.87,0.874
0.21,-19210.19753,4,fluB,-4595.044955,-4593.124225,0.87,0.874
0.22,-18718.78484,4,fluB,-4595.044955,-4593.124225,0.87,0.874
0.23,-18227.9759,4,fluB,-4595.044955,-4593.124225,0.87,0.874
0.24,-17738.42824,4,fluB,-4595.044955,-4593.124225,0.87,0.874
0.25,-17250.8641,4,fluB,-4595.044955,-4593.124225,0.87,0.874
0.26,-16766.06585,4,fluB,-4595.044955,-4593.124225,0.87,0.874
0.27,-16284.86844,4,fluB,-4595.044955,-4593.124225,0.87,0.874
0.28,-15808.14948,4,fluB,-4595.044955,-4593.124225,0.87,0.874
0.29,-15336.81668,4,fluB,-4595.044955,-4593.124225,0.87,0.874
0.3,-14871.79247,4,fluB,-4595.044955,-4593.124225,0.87,0.874
0.31,-14413.99849,4,fluB,-4595.044955,-4593.124225,0.87,0.874
0.32,-13964.33777,4,fluB,-4595.044955,-4593.124225,0.87,0.874
0.33,-13523.67746,4,fluB,-4595.044955,-4593.124225,0.87,0.874
0.34,-13092.83253,4,fluB,-4595.044955,-4593.124225,0.87,0.874
0.35,-12672.55098,4,fluB,-4595.044955,-4593.124225,0.87,0.874
0.36,-12263.50134,4,fluB,-4595.044955,-4593.124225,0.87,0.874
0.37,-11866.26332,4,fluB,-4595.044955,-4593.124225,0.87,0.874
0.38,-11481.32149,4,fluB,-4595.044955,-4593.124225,0.87,0.874
0.39,-11109.06214,4,fluB,-4595.044955,-4593.124225,0.87,0.874
0.4,-10749.77345,4,fluB,-4595.044955,-4593.124225,0.87,0.874
0.41,-10403.64768,4,fluB,-4595.044955,-4593.124225,0.87,0.874
0.42,-10070.78686,4,fluB,-4595.044955,-4593.124225,0.87,0.874
0.43,-9751.209168,4,fluB,-4595.044955,-4593.124225,0.87,0.874
0.44,-9444.85679,4,fluB,-4595.044955,-4593.124225,0.87,0.874
0.45,-9151.604917,4,fluB,-4595.044955,-4593.124225,0.87,0.874
0.46,-8871.270501,4,fluB,-4595.044955,-4593.124225,0.87,0.874
0.47,-8603.621365,4,fluB,-4595.044955,-4593.124225,0.87,0.874
0.48,-8348.384631,4,fluB,-4595.044955,-4593.124225,0.87,0.874
0.49,-8105.254874,4,fluB,-4595.044955,-4593.124225,0.87,0.874
0.5,-7873.901474,4,fluB,-4595.044955,-4593.124225,0.87,0.874
0.51,-7653.975001,4,fluB,-4595.044955,-4593.124225,0.87,0.874
0.52,-7445.113429,4,fluB,-4595.044955,-4593.124225,0.87,0.874
0.53,-7246.946639,4,fluB,-4595.044955,-4593.124225,0.87,0.874
0.54,-7059.101186,4,fluB,-4595.044955,-4593.124225,0.87,0.874
0.55,-6881.203419,4,fluB,-4595.044955,-4593.124225,0.87,0.874
0.56,-6712.883045,4,fluB,-4595.044955,-4593.124225,0.87,0.874
0.57,-6553.77492,4,fluB,-4595.044955,-4593.124225,0.87,0.874
0.58,-6403.521356,4,fluB,-4595.044955,-4593.124225,0.87,0.874
0.59,-6261.773509,4,fluB,-4595.044955,-4593.124225,0.87,0.874
0.6,-6128.192515,4,fluB,-4595.044955,-4593.124225,0.87,0.874
0.61,-6002.450397,4,fluB,-4595.044955,-4593.124225,0.87,0.874
0.62,-5884.230478,4,fluB,-4595.044955,-4593.124225,0.87,0.874
0.63,-5773.227814,4,fluB,-4595.044955,-4593.124225,0.87,0.874
0.64,-5669.14949,4,fluB,-4595.044955,-4593.124225,0.87,0.874
0.65,-5571.714385,4,fluB,-4595.044955,-4593.124225,0.87,0.874
0.66,-5480.653343,4,fluB,-4595.044955,-4593.124225,0.87,0.874
0.67,-5395.70884,4,fluB,-4595.044955,-4593.124225,0.87,0.874
0.68,-5316.634805,4,fluB,-4595.044955,-4593.124225,0.87,0.874
0.69,-5243.196339,4,fluB,-4595.044955,-4593.124225,0.87,0.874
0.7,-5175.169332,4,fluB,-4595.044955,-4593.124225,0.87,0.874
0.71,-5112.340048,4,fluB,-4595.044955,-4593.124225,0.87,0.874
0.72,-5054.504919,4,fluB,-4595.044955,-4593.124225,0.87,0.874
0.73,-5001.470115,4,fluB,-4595.044955,-4593.124225,0.87,0.874
0.74,-4953.050697,4,fluB,-4595.044955,-4593.124225,0.87,0.874
0.75,-4909.070935,4,fluB,-4595.044955,-4593.124225,0.87,0.874
0.76,-4869.363372,4,fluB,-4595.044955,-4593.124225,0.87,0.874
0.77,-4833.768717,4,fluB,-4595.044955,-4593.124225,0.87,0.874
0.78,-4802.135318,4,fluB,-4595.044955,-4593.124225,0.87,0.874
0.79,-4774.318708,4,fluB,-4595.044955,-4593.124225,0.87,0.874
0.8,-4750.181559,4,fluB,-4595.044955,-4593.124225,0.87,0.874
0.81,-4729.593046,4,fluB,-4595.044955,-4593.124225,0.87,0.874
0.82,-4712.42847,4,fluB,-4595.044955,-4593.124225,0.87,0.874
0.83,-4698.567212,4,fluB,-4595.044955,-4593.124225,0.87,0.874
0.84,-4687.821917,4,fluB,-4595.044955,-4593.124225,0.87,0.874
0.85,-4678.305755,4,fluB,-4595.044955,-4593.124225,0.87,0.874
0.86,-4646.211937,4,fluB,-4595.044955,-4593.124225,0.87,0.874
0.87,-4593.124225,4,fluB,-4595.044955,-4593.124225,0.87,0.874
0.88,-5700.0427,4,fluB,-4595.044955,-4593.124225,0.87,0.874
0.89,-6254.887376,4,fluB,-4595.044955,-4593.124225,0.87,0.874
0.9,-6737.903239,4,fluB,-4595.044955,-4593.124225,0.87,0.874
0.91,-7204.265857,4,fluB,-4595.044955,-4593.124225,0.87,0.874
0.92,-7658.59556,4,fluB,-4595.044955,-4593.124225,0.87,0.874
0.93,-8103.533144,4,fluB,-4595.044955,-4593.124225,0.87,0.874
0.94,-8540.751054,4,fluB,-4595.044955,-4593.124225,0.87,0.874
0.95,-8971.374691,4,fluB,-4595.044955,-4593.124225,0.87,0.874
0.96,-9396.186925,4,fluB,-4595.044955,-4593.124225,0.87,0.874
0.97,-9815.737516,4,fluB,-4595.044955,-4593.124225,0.87,0.874
0.98,-10230.40914,4,fluB,-4595.044955,-4593.124225,0.87,0.874
0.99,-10640.45142,4,fluB,-4595.044955,-4593.124225,0.87,0.874
1,-11046.00767,4,fluB,-4595.044955,-4593.124225,0.87,0.874
0,-7920.646131,5,fluB,-4172.088402,-4170.167672,0.99,0.993
0.01,-7887.169588,5,fluB,-4172.088402,-4170.167672,0.99,0.993
0.02,-7853.831359,5,fluB,-4172.088402,-4170.167672,0.99,0.993
0.03,-7820.635352,5,fluB,-4172.088402,-4170.167672,0.99,0.993
0.04,-7787.585425,5,fluB,-4172.088402,-4170.167672,0.99,0.993
0.05,-7754.68459,5,fluB,-4172.088402,-4170.167672,0.99,0.993
0.06,-7721.936593,5,fluB,-4172.088402,-4170.167672,0.99,0.993
0.07,-7689.344975,5,fluB,-4172.088402,-4170.167672,0.99,0.993
0.08,-7656.913307,5,fluB,-4172.088402,-4170.167672,0.99,0.993
0.09,-7624.645145,5,fluB,-4172.088402,-4170.167672,0.99,0.993
0.1,-7592.544206,5,fluB,-4172.088402,-4170.167672,0.99,0.993
0.11,-7560.614145,5,fluB,-4172.088402,-4170.167672,0.99,0.993
0.12,-7528.85868,5,fluB,-4172.088402,-4170.167672,0.99,0.993
0.13,-7497.281454,5,fluB,-4172.088402,-4170.167672,0.99,0.993
0.14,-7465.886207,5,fluB,-4172.088402,-4170.167672,0.99,0.993
0.15,-7434.676865,5,fluB,-4172.088402,-4170.167672,0.99,0.993
0.16,-7403.657181,5,fluB,-4172.088402,-4170.167672,0.99,0.993
0.17,-7372.831004,5,fluB,-4172.088402,-4170.167672,0.99,0.993
0.18,-7342.202212,5,fluB,-4172.088402,-4170.167672,0.99,0.993
0.19,-7311.774788,5,fluB,-4172.088402,-4170.167672,0.99,0.993
0.2,-7281.552678,5,fluB,-4172.088402,-4170.167672,0.99,0.993
0.21,-7251.54003,5,fluB,-4172.088402,-4170.167672,0.99,0.993
0.22,-7221.740643,5,fluB,-4172.088402,-4170.167672,0.99,0.993
0.23,-7192.158756,5,fluB,-4172.088402,-4170.167672,0.99,0.993
0.24,-7162.798436,5,fluB,-4172.088402,-4170.167672,0.99,0.993
0.25,-7133.663881,5,fluB,-4172.088402,-4170.167672,0.99,0.993
0.26,-7104.759174,5,fluB,-4172.088402,-4170.167672,0.99,0.993
0.27,-7076.088858,5,fluB,-4172.088402,-4170.167672,0.99,0.993
0.28,-7047.657069,5,fluB,-4172.088402,-4170.167672,0.99,0.993
0.29,-7019.468145,5,fluB,-4172.088402,-4170.167672,0.99,0.993
0.3,-6991.526524,5,fluB,-4172.088402,-4170.167672,0.99,0.993
0.31,-6963.836617,5,fluB,-4172.088402,-4170.167672,0.99,0.993
0.32,-6936.402881,5,fluB,-4172.088402,-4170.167672,0.99,0.993
0.33,-6909.229826,5,fluB,-4172.088402,-4170.167672,0.99,0.993
0.34,-6882.321993,5,fluB,-4172.088402,-4170.167672,0.99,0.993
0.35,-6855.684154,5,fluB,-4172.088402,-4170.167672,0.99,0.993
0.36,-6829.320929,5,fluB,-4172.088402,-4170.167672,0.99,0.993
0.37,-6803.236987,5,fluB,-4172.088402,-4170.167672,0.99,0.993
0.38,-6777.437061,5,fluB,-4172.088402,-4170.167672,0.99,0.993
0.39,-6751.925976,5,fluB,-4172.088402,-4170.167672,0.99,0.993
0.4,-6726.708769,5,fluB,-4172.088402,-4170.167672,0.99,0.993
0.41,-6701.790248,5,fluB,-4172.088402,-4170.167672,0.99,0.993
0.42,-6677.175366,5,fluB,-4172.088402,-4170.167672,0.99,0.993
0.43,-6652.869159,5,fluB,-4172.088402,-4170.167672,0.99,0.993
0.44,-6628.876856,5,fluB,-4172.088402,-4170.167672,0.99,0.993
0.45,-6605.203515,5,fluB,-4172.088402,-4170.167672,0.99,0.993
0.46,-6581.854358,5,fluB,-4172.088402,-4170.167672,0.99,0.993
0.47,-6558.834458,5,fluB,-4172.088402,-4170.167672,0.99,0.993
0.48,-6536.149229,5,fluB,-4172.088402,-4170.167672,0.99,0.993
0.49,-6513.804234,5,fluB,-4172.088402,-4170.167672,0.99,0.993
0.5,-6491.805166,5,fluB,-4172.088402,-4170.167672,0.99,0.993
0.51,-6470.157058,5,fluB,-4172.088402,-4170.167672,0.99,0.993
0.52,-6448.865178,5,fluB,-4172.088402,-4170.167672,0.99,0.993
0.53,-6427.934759,5,fluB,-4172.088402,-4170.167672,0.99,0.993
0.54,-6407.372626,5,fluB,-4172.088402,-4170.167672,0.99,0.993
0.55,-6387.18558,5,fluB,-4172.088402,-4170.167672,0.99,0.993
0.56,-6367.379078,5,fluB,-4172.088402,-4170.167672,0.99,0.993
0.57,-6347.956392,5,fluB,-4172.088402,-4170.167672,0.99,0.993
0.58,-6328.920901,5,fluB,-4172.088402,-4170.167672,0.99,0.993
0.59,-6310.281257,5,fluB,-4172.088402,-4170.167672,0.99,0.993
0.6,-6292.05141,5,fluB,-4172.088402,-4170.167672,0.99,0.993
0.61,-6274.241343,5,fluB,-4172.088402,-4170.167672,0.99,0.993
0.62,-6256.845628,5,fluB,-4172.088402,-4170.167672,0.99,0.993
0.63,-6239.850066,5,fluB,-4172.088402,-4170.167672,0.99,0.993
0.64,-6223.259952,5,fluB,-4172.088402,-4170.167672,0.99,0.993
0.65,-6207.122181,5,fluB,-4172.088402,-4170.167672,0.99,0.993
0.66,-6191.493338,5,fluB,-4172.088402,-4170.167672,0.99,0.993
0.67,-6176.354067,5,fluB,-4172.088402,-4170.167672,0.99,0.993
0.68,-6161.581586,5,fluB,-4172.088402,-4170.167672,0.99,0.993
0.69,-6147.0796,5,fluB,-4172.088402,-4170.167672,0.99,0.993
0.7,-6133.002953,5,fluB,-4172.088402,-4170.167672,0.99,0.993
0.71,-6119.74167,5,fluB,-4172.088402,-4170.167672,0.99,0.993
0.72,-6107.453633,5,fluB,-4172.088402,-4170.167672,0.99,0.993
0.73,-6095.532915,5,fluB,-4172.088402,-4170.167672,0.99,0.993
0.74,-6082.948654,5,fluB,-4172.088402,-4170.167672,0.99,0.993
0.75,-6069.739936,5,fluB,-4172.088402,-4170.167672,0.99,0.993
0.76,-6058.094751,5,fluB,-4172.088402,-4170.167672,0.99,0.993
0.77,-6050.562839,5,fluB,-4172.088402,-4170.167672,0.99,0.993
0.78,-6045.665412,5,fluB,-4172.088402,-4170.167672,0.99,0.993
0.79,-6036.378453,5,fluB,-4172.088402,-4170.167672,0.99,0.993
0.8,-6017.447603,5,fluB,-4172.088402,-4170.167672,0.99,0.993
0.81,-5996.997583,5,fluB,-4172.088402,-4170.167672,0.99,0.993
0.82,-5995.620036,5,fluB,-4172.088402,-4170.167672,0.99,0.993
0.83,-6021.396189,5,fluB,-4172.088402,-4170.167672,0.99,0.993
0.84,-6040.693592,5,fluB,-4172.088402,-4170.167672,0.99,0.993
0.85,-5999.122496,5,fluB,-4172.088402,-4170.167672,0.99,0.993
0.86,-5902.097062,5,fluB,-4172.088402,-4170.167672,0.99,0.993
0.87,-5859.087263,5,fluB,-4172.088402,-4170.167672,0.99,0.993
0.88,-6000.964837,5,fluB,-4172.088402,-4170.167672,0.99,0.993
0.89,-6242.535433,5,fluB,-4172.088402,-4170.167672,0.99,0.993
0.9,-6209.572736,5,fluB,-4172.088402,-4170.167672,0.99,0.993
0.91,-5787.084684,5,fluB,-4172.088402,-4170.167672,0.99,0.993
0.92,-5391.823631,5,fluB,-4172.088402,-4170.167672,0.99,0.993
0.93,-5771.778814,5,fluB,-4172.088402,-4170.167672,0.99,0.993
0.94,-7109.097758,5,fluB,-4172.088402,-4170.167672,0.99,0.993
0.95,-7061.375227,5,fluB,-4172.088402,-4170.167672,0.99,0.993
0.96,-5293.130576,5,fluB,-4172.088402,-4170.167672,0.99,0.993
0.97,-4660.204232,5,fluB,-4172.088402,-4170.167672,0.99,0.993
0.98,-4404.068464,5,fluB,-4172.088402,-4170.167672,0.99,0.993
0.99,-4170.167672,5,fluB,-4172.088402,-4170.167672,0.99,0.993
1,-4812.885038,5,fluB,-4172.088402,-4170.167672,0.99,0.993
0,-6102.00696970745,6,"fluB",-4858.2425817424,-4856.32185233206,0.98,1
0.01,-6080.60422730765,6,"fluB",-4858.2425817424,-4856.32185233206,0.98,1
0.02,-6059.34621789671,6,"fluB",-4858.2425817424,-4856.32185233206,0.98,1
0.03,-6038.23245792392,6,"fluB",-4858.2425817424,-4856.32185233206,0.98,1
0.04,-6017.26335449384,6,"fluB",-4858.2425817424,-4856.32185233206,0.98,1
0.05,-5996.43935034812,6,"fluB",-4858.2425817424,-4856.32185233206,0.98,1
0.06,-5975.7612268002,6,"fluB",-4858.2425817424,-4856.32185233206,0.98,1
0.07,-5955.22948414517,6,"fluB",-4858.2425817424,-4856.32185233206,0.98,1
0.08,-5934.84480948194,6,"fluB",-4858.2425817424,-4856.32185233206,0.98,1
0.09,-5914.6078998763,6,"fluB",-4858.2425817424,-4856.32185233206,0.98,1
0.1,-5894.51937522298,6,"fluB",-4858.2425817424,-4856.32185233206,0.98,1
0.11,-5874.57993611896,6,"fluB",-4858.2425817424,-4856.32185233206,0.98,1
0.12,-5854.79029077849,6,"fluB",-4858.2425817424,-4856.32185233206,0.98,1
0.13,-5835.15120877535,6,"fluB",-4858.2425817424,-4856.32185233206,0.98,1
0.14,-5815.66333589804,6,"fluB",-4858.2425817424,-4856.32185233206,0.98,1
0.15,-5796.32749487229,6,"fluB",-4858.2425817424,-4856.32185233206,0.98,1
0.16,-5777.14445728319,6,"fluB",-4858.2425817424,-4856.32185233206,0.98,1
0.17,-5758.11505129895,6,"fluB",-4858.2425817424,-4856.32185233206,0.98,1
0.18,-5739.24005429957,6,"fluB",-4858.2425817424,-4856.32185233206,0.98,1
0.19,-5720.52032913775,6,"fluB",-4858.2425817424,-4856.32185233206,0.98,1
0.2,-5701.95675087728,6,"fluB",-4858.2425817424,-4856.32185233206,0.98,1
0.21,-5683.55020171932,6,"fluB",-4858.2425817424,-4856.32185233206,0.98,1
0.22,-5665.30159165224,6,"fluB",-4858.2425817424,-4856.32185233206,0.98,1
0.23,-5647.21191238094,6,"fluB",-4858.2425817424,-4856.32185233206,0.98,1
0.24,-5629.28199819091,6,"fluB",-4858.2425817424,-4856.32185233206,0.98,1
0.25,-5611.51289984465,6,"fluB",-4858.2425817424,-4856.32185233206,0.98,1
0.26,-5593.90561544372,6,"fluB",-4858.2425817424,-4856.32185233206,0.98,1
0.27,-5576.46117141803,6,"fluB",-4858.2425817424,-4856.32185233206,0.98,1
0.28,-5559.18062938514,6,"fluB",-4858.2425817424,-4856.32185233206,0.98,1
0.29,-5542.06507498552,6,"fluB",-4858.2425817424,-4856.32185233206,0.98,1
0.3,-5525.11561366074,6,"fluB",-4858.2425817424,-4856.32185233206,0.98,1
0.31,-5508.33339018199,6,"fluB",-4858.2425817424,-4856.32185233206,0.98,1
0.32,-5491.71956410946,6,"fluB",-4858.2425817424,-4856.32185233206,0.98,1
0.33,-5475.27532666007,6,"fluB",-4858.2425817424,-4856.32185233206,0.98,1
0.34,-5459.00190222775,6,"fluB",-4858.2425817424,-4856.32185233206,0.98,1
0.35,-5442.90054358193,6,"fluB",-4858.2425817424,-4856.32185233206,0.98,1
0.36,-5426.9725363947,6,"fluB",-4858.2425817424,-4856.32185233206,0.98,1
0.37,-5411.21919144351,6,"fluB",-4858.2425817424,-4856.32185233206,0.98,1
0.38,-5395.64176619906,6,"fluB",-4858.2425817424,-4856.32185233206,0.98,1
0.39,-5380.24180355513,6,"fluB",-4858.2425817424,-4856.32185233206,0.98,1
0.4,-5365.02063806214,6,"fluB",-4858.2425817424,-4856.32185233206,0.98,1
0.41,-5349.97969492067,6,"fluB",-4858.2425817424,-4856.32185233206,0.98,1
0.42,-5335.12043427532,6,"fluB",-4858.2425817424,-4856.32185233206,0.98,1
0.43,-5320.44440730521,6,"fluB",-4858.2425817424,-4856.32185233206,0.98,1
0.44,-5305.953089879,6,"fluB",-4858.2425817424,-4856.32185233206,0.98,1
0.45,-5291.64815926783,6,"fluB",-4858.2425817424,-4856.32185233206,0.98,1
0.46,-5277.53117843057,6,"fluB",-4858.2425817424,-4856.32185233206,0.98,1
0.47,-5263.60383507879,6,"fluB",-4858.2425817424,-4856.32185233206,0.98,1
0.48,-5249.86775207966,6,"fluB",-4858.2425817424,-4856.32185233206,0.98,1
0.49,-5236.32471635987,6,"fluB",-4858.2425817424,-4856.32185233206,0.98,1
0.5,-5222.97643008461,6,"fluB",-4858.2425817424,-4856.32185233206,0.98,1
0.51,-5209.82471415794,6,"fluB",-4858.2425817424,-4856.32185233206,0.98,1
0.52,-5196.8714252974,6,"fluB",-4858.2425817424,-4856.32185233206,0.98,1
0.53,-5184.11843583692,6,"fluB",-4858.2425817424,-4856.32185233206,0.98,1
0.54,-5171.56762653916,6,"fluB",-4858.2425817424,-4856.32185233206,0.98,1
0.55,-5159.22106515652,6,"fluB",-4858.2425817424,-4856.32185233206,0.98,1
0.56,-5147.08067478342,6,"fluB",-4858.2425817424,-4856.32185233206,0.98,1
0.57,-5135.1486061593,6,"fluB",-4858.2425817424,-4856.32185233206,0.98,1
0.58,-5123.42685532116,6,"fluB",-4858.2425817424,-4856.32185233206,0.98,1
0.59,-5111.91760378052,6,"fluB",-4858.2425817424,-4856.32185233206,0.98,1
0.6,-5100.62302467744,6,"fluB",-4858.2425817424,-4856.32185233206,0.98,1
0.61,-5089.54531718191,6,"fluB",-4858.2425817424,-4856.32185233206,0.98,1
0.62,-5078.68679946286,6,"fluB",-4858.2425817424,-4856.32185233206,0.98,1
0.63,-5068.04976504089,6,"fluB",-4858.2425817424,-4856.32185233206,0.98,1
0.64,-5057.63660511661,6,"fluB",-4858.2425817424,-4856.32185233206,0.98,1
0.65,-5047.44967061929,6,"fluB",-4858.2425817424,-4856.32185233206,0.98,1
0.66,-5037.49152446799,6,"fluB",-4858.2425817424,-4856.32185233206,0.98,1
0.67,-5027.7646641979,6,"fluB",-4858.2425817424,-4856.32185233206,0.98,1
0.68,-5018.27161116508,6,"fluB",-4858.2425817424,-4856.32185233206,0.98,1
0.69,-5009.01505109557,6,"fluB",-4858.2425817424,-4856.32185233206,0.98,1
0.7,-4999.99762106635,6,"fluB",-4858.2425817424,-4856.32185233206,0.98,1
0.71,-4991.22205327058,6,"fluB",-4858.2425817424,-4856.32185233206,0.98,1
0.72,-4982.69112058564,6,"fluB",-4858.2425817424,-4856.32185233206,0.98,1
0.73,-4974.40766605844,6,"fluB",-4858.2425817424,-4856.32185233206,0.98,1
0.74,-4966.37457834284,6,"fluB",-4858.2425817424,-4856.32185233206,0.98,1
0.75,-4958.59481395626,6,"fluB",-4858.2425817424,-4856.32185233206,0.98,1
0.76,-4951.07137575626,6,"fluB",-4858.2425817424,-4856.32185233206,0.98,1
0.77,-4943.80731231625,6,"fluB",-4858.2425817424,-4856.32185233206,0.98,1
0.78,-4936.80574657718,6,"fluB",-4858.2425817424,-4856.32185233206,0.98,1
0.79,-4930.06986285295,6,"fluB",-4858.2425817424,-4856.32185233206,0.98,1
0.8,-4923.60293527794,6,"fluB",-4858.2425817424,-4856.32185233206,0.98,1
0.81,-4917.40823614322,6,"fluB",-4858.2425817424,-4856.32185233206,0.98,1
0.82,-4911.48915427353,6,"fluB",-4858.2425817424,-4856.32185233206,0.98,1
0.83,-4905.84911600707,6,"fluB",-4858.2425817424,-4856.32185233206,0.98,1
0.84,-4900.4916205057,6,"fluB",-4858.2425817424,-4856.32185233206,0.98,1
0.85,-4895.42023387068,6,"fluB",-4858.2425817424,-4856.32185233206,0.98,1
0.86,-4890.63859184682,6,"fluB",-4858.2425817424,-4856.32185233206,0.98,1
0.87,-4886.15039400029,6,"fluB",-4858.2425817424,-4856.32185233206,0.98,1
0.88,-4881.9594164188,6,"fluB",-4858.2425817424,-4856.32185233206,0.98,1
0.89,-4878.06948798801,6,"fluB",-4858.2425817424,-4856.32185233206,0.98,1
0.9,-4874.48452281653,6,"fluB",-4858.2425817424,-4856.32185233206,0.98,1
0.91,-4871.20847234676,6,"fluB",-4858.2425817424,-4856.32185233206,0.98,1
0.92,-4868.24546464007,6,"fluB",-4858.2425817424,-4856.32185233206,0.98,1
0.93,-4865.59960363323,6,"fluB",-4858.2425817424,-4856.32185233206,0.98,1
0.94,-4863.27508853857,6,"fluB",-4858.2425817424,-4856.32185233206,0.98,1
0.95,-4861.27615007731,6,"fluB",-4858.2425817424,-4856.32185233206,0.98,1
0.96,-4859.60727519189,6,"fluB",-4858.2425817424,-4856.32185233206,0.98,1
0.97,-4858.2728452576,6,"fluB",-4858.2425817424,-4856.32185233206,0.98,1
0.98,-4857.27738329769,6,"fluB",-4858.2425817424,-4856.32185233206,0.98,1
0.99,-4856.62549436478,6,"fluB",-4858.2425817424,-4856.32185233206,0.98,1
1,-4856.32185233206,6,"fluB",-4858.2425817424,-4856.32185233206,0.98,1
0,-3652.497212,7,fluB,-2323.453976,-2321.533247,0.53,0.534
0.01,-3610.233261,7,fluB,-2323.453976,-2321.533247,0.53,0.534
0.02,-3568.883537,7,fluB,-2323.453976,-2321.533247,0.53,0.534
0.03,-3528.439674,7,fluB,-2323.453976,-2321.533247,0.53,0.534
0.04,-3488.893106,7,fluB,-2323.453976,-2321.533247,0.53,0.534
0.05,-3450.235175,7,fluB,-2323.453976,-2321.533247,0.53,0.534
0.06,-3412.457153,7,fluB,-2323.453976,-2321.533247,0.53,0.534
0.07,-3375.550269,7,fluB,-2323.453976,-2321.533247,0.53,0.534
0.08,-3339.505764,7,fluB,-2323.453976,-2321.533247,0.53,0.534
0.09,-3304.314738,7,fluB,-2323.453976,-2321.533247,0.53,0.534
0.1,-3269.968317,7,fluB,-2323.453976,-2321.533247,0.53,0.534
0.11,-3236.457561,7,fluB,-2323.453976,-2321.533247,0.53,0.534
0.12,-3203.773553,7,fluB,-2323.453976,-2321.533247,0.53,0.534
0.13,-3171.907351,7,fluB,-2323.453976,-2321.533247,0.53,0.534
0.14,-3140.849997,7,fluB,-2323.453976,-2321.533247,0.53,0.534
0.15,-3110.592551,7,fluB,-2323.453976,-2321.533247,0.53,0.534
0.16,-3081.126065,7,fluB,-2323.453976,-2321.533247,0.53,0.534
0.17,-3052.441643,7,fluB,-2323.453976,-2321.533247,0.53,0.534
0.18,-3024.530362,7,fluB,-2323.453976,-2321.533247,0.53,0.534
0.19,-2997.383339,7,fluB,-2323.453976,-2321.533247,0.53,0.534
0.2,-2970.991751,7,fluB,-2323.453976,-2321.533247,0.53,0.534
0.21,-2945.346789,7,fluB,-2323.453976,-2321.533247,0.53,0.534
0.22,-2920.439701,7,fluB,-2323.453976,-2321.533247,0.53,0.534
0.23,-2896.261755,7,fluB,-2323.453976,-2321.533247,0.53,0.534
0.24,-2872.8043,7,fluB,-2323.453976,-2321.533247,0.53,0.534
0.25,-2850.058741,7,fluB,-2323.453976,-2321.533247,0.53,0.534
0.26,-2828.016534,7,fluB,-2323.453976,-2321.533247,0.53,0.534
0.27,-2806.669216,7,fluB,-2323.453976,-2321.533247,0.53,0.534
0.28,-2786.008389,7,fluB,-2323.453976,-2321.533247,0.53,0.534
0.29,-2766.025722,7,fluB,-2323.453976,-2321.533247,0.53,0.534
0.3,-2746.712981,7,fluB,-2323.453976,-2321.533247,0.53,0.534
0.31,-2728.062017,7,fluB,-2323.453976,-2321.533247,0.53,0.534
0.32,-2710.064746,7,fluB,-2323.453976,-2321.533247,0.53,0.534
0.33,-2692.713179,7,fluB,-2323.453976,-2321.533247,0.53,0.534
0.34,-2675.99945,7,fluB,-2323.453976,-2321.533247,0.53,0.534
0.35,-2659.915758,7,fluB,-2323.453976,-2321.533247,0.53,0.534
0.36,-2644.454434,7,fluB,-2323.453976,-2321.533247,0.53,0.534
0.37,-2629.607879,7,fluB,-2323.453976,-2321.533247,0.53,0.534
0.38,-2615.36863,7,fluB,-2323.453976,-2321.533247,0.53,0.534
0.39,-2601.729225,7,fluB,-2323.453976,-2321.533247,0.53,0.534
0.4,-2588.682116,7,fluB,-2323.453976,-2321.533247,0.53,0.534
0.41,-2576.219074,7,fluB,-2323.453976,-2321.533247,0.53,0.534
0.42,-2564.329641,7,fluB,-2323.453976,-2321.533247,0.53,0.534
0.43,-2552.995973,7,fluB,-2323.453976,-2321.533247,0.53,0.534
0.44,-2542.177885,7,fluB,-2323.453976,-2321.533247,0.53,0.534
0.45,-2531.769837,7,fluB,-2323.453976,-2321.533247,0.53,0.534
0.46,-2521.482557,7,fluB,-2323.453976,-2321.533247,0.53,0.534
0.47,-2510.53496,7,fluB,-2323.453976,-2321.533247,0.53,0.534
0.48,-2496.926532,7,fluB,-2323.453976,-2321.533247,0.53,0.534
0.49,-2476.08644,7,fluB,-2323.453976,-2321.533247,0.53,0.534
0.5,-2440.249066,7,fluB,-2323.453976,-2321.533247,0.53,0.534
0.51,-2386.589674,7,fluB,-2323.453976,-2321.533247,0.53,0.534
0.52,-2337.776507,7,fluB,-2323.453976,-2321.533247,0.53,0.534
0.53,-2321.533247,7,fluB,-2323.453976,-2321.533247,0.53,0.534
0.54,-2331.137521,7,fluB,-2323.453976,-2321.533247,0.53,0.534
0.55,-2352.876355,7,fluB,-2323.453976,-2321.533247,0.53,0.534
0.56,-2381.009376,7,fluB,-2323.453976,-2321.533247,0.53,0.534
0.57,-2413.326022,7,fluB,-2323.453976,-2321.533247,0.53,0.534
0.58,-2448.630805,7,fluB,-2323.453976,-2321.533247,0.53,0.534
0.59,-2486.132786,7,fluB,-2323.453976,-2321.533247,0.53,0.534
0.6,-2525.275727,7,fluB,-2323.453976,-2321.533247,0.53,0.534
0.61,-2565.658197,7,fluB,-2323.453976,-2321.533247,0.53,0.534
0.62,-2606.984465,7,fluB,-2323.453976,-2321.533247,0.53,0.534
0.63,-2649.032889,7,fluB,-2323.453976,-2321.533247,0.53,0.534
0.64,-2691.634709,7,fluB,-2323.453976,-2321.533247,0.53,0.534
0.65,-4541.058583,7,fluB,-2323.453976,-2321.533247,0.53,0.534
0.66,-4649.19208,7,fluB,-2323.453976,-2321.533247,0.53,0.534
0.67,-4755.329063,7,fluB,-2323.453976,-2321.533247,0.53,0.534
0.68,-4859.574945,7,fluB,-2323.453976,-2321.533247,0.53,0.534
0.69,-4962.020733,7,fluB,-2323.453976,-2321.533247,0.53,0.534
0.7,-5062.745741,7,fluB,-2323.453976,-2321.533247,0.53,0.534
0.71,-5161.819539,7,fluB,-2323.453976,-2321.533247,0.53,0.534
0.72,-5259.303767,7,fluB,-2323.453976,-2321.533247,0.53,0.534
0.73,-5355.253228,7,fluB,-2323.453976,-2321.533247,0.53,0.534
0.74,-5449.716625,7,fluB,-2323.453976,-2321.533247,0.53,0.534
0.75,-5542.737754,7,fluB,-2323.453976,-2321.533247,0.53,0.534
0.76,-5634.356084,7,fluB,-2323.453976,-2321.533247,0.53,0.534
0.77,-5724.607043,7,fluB,-2323.453976,-2321.533247,0.53,0.534
0.78,-5813.522246,7,fluB,-2323.453976,-2321.533247,0.53,0.534
0.79,-5901.130308,7,fluB,-2323.453976,-2321.533247,0.53,0.534
0.8,-5987.456825,7,fluB,-2323.453976,-2321.533247,0.53,0.534
0.81,-6072.524649,7,fluB,-2323.453976,-2321.533247,0.53,0.534
0.82,-6156.353757,7,fluB,-2323.453976,-2321.533247,0.53,0.534
0.83,-6238.961903,7,fluB,-2323.453976,-2321.533247,0.53,0.534
0.84,-6320.364283,7,fluB,-2323.453976,-2321.533247,0.53,0.534
0.85,-6400.573725,7,fluB,-2323.453976,-2321.533247,0.53,0.534
0.86,-6479.600444,7,fluB,-2323.453976,-2321.533247,0.53,0.534
0.87,-6557.452727,7,fluB,-2323.453976,-2321.533247,0.53,0.534
0.88,-6634.136153,7,fluB,-2323.453976,-2321.533247,0.53,0.534
0.89,-6709.653825,7,fluB,-2323.453976,-2321.533247,0.53,0.534
0.9,-6784.006532,7,fluB,-2323.453976,-2321.533247,0.53,0.534
0.91,-6857.192464,7,fluB,-2323.453976,-2321.533247,0.53,0.534
0.92,-6929.206952,7,fluB,-2323.453976,-2321.533247,0.53,0.534
0.93,-7000.042589,7,fluB,-2323.453976,-2321.533247,0.53,0.534
0.94,-7069.689211,7,fluB,-2323.453976,-2321.533247,0.53,0.534
0.95,-7138.133327,7,fluB,-2323.453976,-2321.533247,0.53,0.534
0.96,-7205.358432,7,fluB,-2323.453976,-2321.533247,0.53,0.534
0.97,-7271.344686,7,fluB,-2323.453976,-2321.533247,0.53,0.534
0.98,-7336.068548,7,fluB,-2323.453976,-2321.533247,0.53,0.534
0.99,-7399.502903,7,fluB,-2323.453976,-2321.533247,0.53,0.534
1,-7461.616901,7,fluB,-2323.453976,-2321.533247,0.53,0.534
0,-5261.571929,8,fluB,-3672.330348,-3670.409619,0.27,0.273
0.01,-5207.73237,8,fluB,-3672.330348,-3670.409619,0.27,0.273
0.02,-5155.379422,8,fluB,-3672.330348,-3670.409619,0.27,0.273
0.03,-5104.49457,8,fluB,-3672.330348,-3670.409619,0.27,0.273
0.04,-5055.059504,8,fluB,-3672.330348,-3670.409619,0.27,0.273
0.05,-5007.055664,8,fluB,-3672.330348,-3670.409619,0.27,0.273
0.06,-4960.464246,8,fluB,-3672.330348,-3670.409619,0.27,0.273
0.07,-4915.265188,8,fluB,-3672.330348,-3670.409619,0.27,0.273
0.08,-4871.435392,8,fluB,-3672.330348,-3670.409619,0.27,0.273
0.09,-4828.944839,8,fluB,-3672.330348,-3670.409619,0.27,0.273
0.1,-4787.748831,8,fluB,-3672.330348,-3670.409619,0.27,0.273
0.11,-4747.772348,8,fluB,-3672.330348,-3670.409619,0.27,0.273
0.12,-4708.879602,8,fluB,-3672.330348,-3670.409619,0.27,0.273
0.13,-4670.816264,8,fluB,-3672.330348,-3670.409619,0.27,0.273
0.14,-4633.103174,8,fluB,-3672.330348,-3670.409619,0.27,0.273
0.15,-4594.848545,8,fluB,-3672.330348,-3670.409619,0.27,0.273
0.16,-4554.434482,8,fluB,-3672.330348,-3670.409619,0.27,0.273
0.17,-4509.041815,8,fluB,-3672.330348,-3670.409619,0.27,0.273
0.18,-4454.064698,8,fluB,-3672.330348,-3670.409619,0.27,0.273
0.19,-4382.782753,8,fluB,-3672.330348,-3670.409619,0.27,0.273
0.2,-4287.448707,8,fluB,-3672.330348,-3670.409619,0.27,0.273
0.21,-4163.965359,8,fluB,-3672.330348,-3670.409619,0.27,0.273
0.22,-4020.677161,8,fluB,-3672.330348,-3670.409619,0.27,0.273
0.23,-3882.463456,8,fluB,-3672.330348,-3670.409619,0.27,0.273
0.24,-3776.370204,8,fluB,-3672.330348,-3670.409619,0.27,0.273
0.25,-3711.458631,8,fluB,-3672.330348,-3670.409619,0.27,0.273
0.26,-3679.896704,8,fluB,-3672.330348,-3670.409619,0.27,0.273
0.27,-3670.409619,8,fluB,-3672.330348,-3670.409619,0.27,0.273
0.28,-3675.00702,8,fluB,-3672.330348,-3670.409619,0.27,0.273
0.29,-3689.040553,8,fluB,-3672.330348,-3670.409619,0.27,0.273
0.3,-3709.819172,8,fluB,-3672.330348,-3670.409619,0.27,0.273
0.31,-3735.655578,8,fluB,-3672.330348,-3670.409619,0.27,0.273
0.32,-3765.391602,8,fluB,-3672.330348,-3670.409619,0.27,0.273
0.33,-3798.177556,8,fluB,-3672.330348,-3670.409619,0.27,0.273
0.34,-3833.363955,8,fluB,-3672.330348,-3670.409619,0.27,0.273
0.35,-3870.442167,8,fluB,-3672.330348,-3670.409619,0.27,0.273
0.36,-3909.007807,8,fluB,-3672.330348,-3670.409619,0.27,0.273
0.37,-3948.735816,8,fluB,-3672.330348,-3670.409619,0.27,0.273
0.38,-3989.362831,8,fluB,-3672.330348,-3670.409619,0.27,0.273
0.39,-4030.674218,8,fluB,-3672.330348,-3670.409619,0.27,0.273
0.4,-4072.494342,8,fluB,-3672.330348,-3670.409619,0.27,0.273
0.41,-4114.679136,8,fluB,-3672.330348,-3670.409619,0.27,0.273
0.42,-4157.110325,8,fluB,-3672.330348,-3670.409619,0.27,0.273
0.43,-4199.691096,8,fluB,-3672.330348,-3670.409619,0.27,0.273
0.44,-4242.342489,8,fluB,-3672.330348,-3670.409619,0.27,0.273
0.45,-4285.000485,8,fluB,-3672.330348,-3670.409619,0.27,0.273
0.46,-4327.607951,8,fluB,-3672.330348,-3670.409619,0.27,0.273
0.47,-11138.98374,8,fluB,-3672.330348,-3670.409619,0.27,0.273
0.48,-11314.44366,8,fluB,-3672.330348,-3670.409619,0.27,0.273
0.49,-11486.79661,8,fluB,-3672.330348,-3670.409619,0.27,0.273
0.5,-11656.13998,8,fluB,-3672.330348,-3670.409619,0.27,0.273
0.51,-11822.56191,8,fluB,-3672.330348,-3670.409619,0.27,0.273
0.52,-11986.14342,8,fluB,-3672.330348,-3670.409619,0.27,0.273
0.53,-12146.95917,8,fluB,-3672.330348,-3670.409619,0.27,0.273
0.54,-12305.07807,8,fluB,-3672.330348,-3670.409619,0.27,0.273
0.55,-12460.56332,8,fluB,-3672.330348,-3670.409619,0.27,0.273
0.56,-12613.47358,8,fluB,-3672.330348,-3670.409619,0.27,0.273
0.57,-12763.86272,8,fluB,-3672.330348,-3670.409619,0.27,0.273
0.58,-12911.7802,8,fluB,-3672.330348,-3670.409619,0.27,0.273
0.59,-13057.27134,8,fluB,-3672.330348,-3670.409619,0.27,0.273
0.6,-13200.37741,8,fluB,-3672.330348,-3670.409619,0.27,0.273
0.61,-13341.13599,8,fluB,-3672.330348,-3670.409619,0.27,0.273
0.62,-13479.58108,8,fluB,-3672.330348,-3670.409619,0.27,0.273
0.63,-13615.74299,8,fluB,-3672.330348,-3670.409619,0.27,0.273
0.64,-13749.64858,8,fluB,-3672.330348,-3670.409619,0.27,0.273
0.65,-13881.32155,8,fluB,-3672.330348,-3670.409619,0.27,0.273
0.66,-14010.7822,8,fluB,-3672.330348,-3670.409619,0.27,0.273
0.67,-14138.04767,8,fluB,-3672.330348,-3670.409619,0.27,0.273
0.68,-14263.13169,8,fluB,-3672.330348,-3670.409619,0.27,0.273
0.69,-14386.04527,8,fluB,-3672.330348,-3670.409619,0.27,0.273
0.7,-14506.79602,8,fluB,-3672.330348,-3670.409619,0.27,0.273
0.71,-14625.38847,8,fluB,-3672.330348,-3670.409619,0.27,0.273
0.72,-14741.82428,8,fluB,-3672.330348,-3670.409619,0.27,0.273
0.73,-14856.10183,8,fluB,-3672.330348,-3670.409619,0.27,0.273
0.74,-14968.21669,8,fluB,-3672.330348,-3670.409619,0.27,0.273
0.75,-15078.16091,8,fluB,-3672.330348,-3670.409619,0.27,0.273
0.76,-15185.92425,8,fluB,-3672.330348,-3670.409619,0.27,0.273
0.77,-15291.49275,8,fluB,-3672.330348,-3670.409619,0.27,0.273
0.78,-15394.84968,8,fluB,-3672.330348,-3670.409619,0.27,0.273
0.79,-15495.97533,8,fluB,-3672.330348,-3670.409619,0.27,0.273
0.8,-15594.84679,8,fluB,-3672.330348,-3670.409619,0.27,0.273
0.81,-15691.43811,8,fluB,-3672.330348,-3670.409619,0.27,0.273
0.82,-15785.7204,8,fluB,-3672.330348,-3670.409619,0.27,0.273
0.83,-15877.66144,8,fluB,-3672.330348,-3670.409619,0.27,0.273
0.84,-15967.22621,8,fluB,-3672.330348,-3670.409619,0.27,0.273
0.85,-16054.37655,8,fluB,-3672.330348,-3670.409619,0.27,0.273
0.86,-16139.071,8,fluB,-3672.330348,-3670.409619,0.27,0.273
0.87,-16221.26535,8,fluB,-3672.330348,-3670.409619,0.27,0.273
0.88,-16300.91207,8,fluB,-3672.330348,-3670.409619,0.27,0.273
0.89,-16377.96093,8,fluB,-3672.330348,-3670.409619,0.27,0.273
0.9,-16452.35838,8,fluB,-3672.330348,-3670.409619,0.27,0.273
0.91,-16524.04813,8,fluB,-3672.330348,-3670.409619,0.27,0.273
0.92,-16592.97076,8,fluB,-3672.330348,-3670.409619,0.27,0.273
0.93,-16659.06407,8,fluB,-3672.330348,-3670.409619,0.27,0.273
0.94,-16722.26292,8,fluB,-3672.330348,-3670.409619,0.27,0.273
0.95,-16782.49953,8,fluB,-3672.330348,-3670.409619,0.27,0.273
0.96,-16839.70357,8,fluB,-3672.330348,-3670.409619,0.27,0.273
0.97,-16893.80184,8,fluB,-3672.330348,-3670.409619,0.27,0.273
0.98,-16944.71887,8,fluB,-3672.330348,-3670.409619,0.27,0.273
0.99,-16992.37717,8,fluB,-3672.330348,-3670.409619,0.27,0.273
1,-17036.69676,8,fluB,-3672.330348,-3670.409619,0.27,0.273
0,-14671.0457000471,9,"fluB",-6597.16851002146,-6595.24778061111,0.58,0.59
0.01,-14534.2378691153,9,"fluB",-6597.16851002146,-6595.24778061111,0.58,0.59
0.02,-14399.8875469458,9,"fluB",-6597.16851002146,-6595.24778061111,0.58,0.59
0.03,-14267.9815524626,9,"fluB",-6597.16851002146,-6595.24778061111,0.58,0.59
0.04,-14138.5041019719,9,"fluB",-6597.16851002146,-6595.24778061111,0.58,0.59
0.05,-14011.4380714234,9,"fluB",-6597.16851002146,-6595.24778061111,0.58,0.59
0.06,-13886.766183691,9,"fluB",-6597.16851002146,-6595.24778061111,0.58,0.59
0.07,-13764.4700936167,9,"fluB",-6597.16851002146,-6595.24778061111,0.58,0.59
0.08,-13644.5310275896,9,"fluB",-6597.16851002146,-6595.24778061111,0.58,0.59
0.09,-13526.9297051602,9,"fluB",-6597.16851002146,-6595.24778061111,0.58,0.59
0.1,-13411.6466533128,9,"fluB",-6597.16851002146,-6595.24778061111,0.58,0.59
0.11,-13298.6613439337,9,"fluB",-6597.16851002146,-6595.24778061111,0.58,0.59
0.12,-13187.9537475656,9,"fluB",-6597.16851002146,-6595.24778061111,0.58,0.59
0.13,-13079.5027563607,9,"fluB",-6597.16851002146,-6595.24778061111,0.58,0.59
0.14,-12973.2879171698,9,"fluB",-6597.16851002146,-6595.24778061111,0.58,0.59
0.15,-12869.2879969921,9,"fluB",-6597.16851002146,-6595.24778061111,0.58,0.59
0.16,-12767.4818703893,9,"fluB",-6597.16851002146,-6595.24778061111,0.58,0.59
0.17,-12667.8486238264,9,"fluB",-6597.16851002146,-6595.24778061111,0.58,0.59
0.18,-12570.3671786593,9,"fluB",-6597.16851002146,-6595.24778061111,0.58,0.59
0.19,-12475.016841052,9,"fluB",-6597.16851002146,-6595.24778061111,0.58,0.59
0.2,-12381.7771965094,9,"fluB",-6597.16851002146,-6595.24778061111,0.58,0.59
0.21,-12290.6274767356,9,"fluB",-6597.16851002146,-6595.24778061111,0.58,0.59
0.22,-12201.5479714636,9,"fluB",-6597.16851002146,-6595.24778061111,0.58,0.59
0.23,-12114.5186946127,9,"fluB",-6597.16851002146,-6595.24778061111,0.58,0.59
0.24,-12029.5210031358,9,"fluB",-6597.16851002146,-6595.24778061111,0.58,0.59
0.25,-11946.5364786526,9,"fluB",-6597.16851002146,-6595.24778061111,0.58,0.59
0.26,-11865.5468029941,9,"fluB",-6597.16851002146,-6595.24778061111,0.58,0.59
0.27,-11786.5348969334,9,"fluB",-6597.16851002146,-6595.24778061111,0.58,0.59
0.28,-11709.4841965721,9,"fluB",-6597.16851002146,-6595.24778061111,0.58,0.59
0.29,-11634.379297159,9,"fluB",-6597.16851002146,-6595.24778061111,0.58,0.59
0.3,-11561.2046045384,9,"fluB",-6597.16851002146,-6595.24778061111,0.58,0.59
0.31,-11489.9464624051,9,"fluB",-6597.16851002146,-6595.24778061111,0.58,0.59
0.32,-11420.5914114118,9,"fluB",-6597.16851002146,-6595.24778061111,0.58,0.59
0.33,-11353.1268212751,9,"fluB",-6597.16851002146,-6595.24778061111,0.58,0.59
0.34,-11287.53953586,9,"fluB",-6597.16851002146,-6595.24778061111,0.58,0.59
0.35,-11223.8082688364,9,"fluB",-6597.16851002146,-6595.24778061111,0.58,0.59
0.36,-11161.8821535222,9,"fluB",-6597.16851002146,-6595.24778061111,0.58,0.59
0.37,-11101.5989381964,9,"fluB",-6597.16851002146,-6595.24778061111,0.58,0.59
0.38,-11042.4068182289,9,"fluB",-6597.16851002146,-6595.24778061111,0.58,0.59
0.39,-10982.4529993773,9,"fluB",-6597.16851002146,-6595.24778061111,0.58,0.59
0.4,-10915.7624446301,9,"fluB",-6597.16851002146,-6595.24778061111,0.58,0.59
0.41,-10824.1854278475,9,"fluB",-6597.16851002146,-6595.24778061111,0.58,0.59
0.42,-10658.0824997239,9,"fluB",-6597.16851002146,-6595.24778061111,0.58,0.59
0.43,-10311.2008973166,9,"fluB",-6597.16851002146,-6595.24778061111,0.58,0.59
0.44,-9683.5673717551,9,"fluB",-6597.16851002146,-6595.24778061111,0.58,0.59
0.45,-8930.13120533447,9,"fluB",-6597.16851002146,-6595.24778061111,0.58,0.59
0.46,-8327.91040465245,9,"fluB",-6597.16851002146,-6595.24778061111,0.58,0.59
0.47,-7905.12420830614,9,"fluB",-6597.16851002146,-6595.24778061111,0.58,0.59
0.48,-7595.60482178533,9,"fluB",-6597.16851002146,-6595.24778061111,0.58,0.59
0.49,-7357.47497147701,9,"fluB",-6597.16851002146,-6595.24778061111,0.58,0.59
0.5,-7169.25157564288,9,"fluB",-6597.16851002146,-6595.24778061111,0.58,0.59
0.51,-7018.73628910428,9,"fluB",-6597.16851002146,-6595.24778061111,0.58,0.59
0.52,-6898.22228209388,9,"fluB",-6597.16851002146,-6595.24778061111,0.58,0.59
0.53,-6802.50144179039,9,"fluB",-6597.16851002146,-6595.24778061111,0.58,0.59
0.54,-6727.88793995853,9,"fluB",-6597.16851002146,-6595.24778061111,0.58,0.59
0.55,-6671.68000161537,9,"fluB",-6597.16851002146,-6595.24778061111,0.58,0.59
0.56,-6631.83911320016,9,"fluB",-6597.16851002146,-6595.24778061111,0.58,0.59
0.57,-6606.7836311279,9,"fluB",-6597.16851002146,-6595.24778061111,0.58,0.59
0.58,-6595.24778061111,9,"fluB",-6597.16851002146,-6595.24778061111,0.58,0.59
0.59,-6596.18643702909,9,"fluB",-6597.16851002146,-6595.24778061111,0.58,0.59
0.6,-22864.6659053335,9,"fluB",-6597.16851002146,-6595.24778061111,0.58,0.59
0.61,-23351.7231822923,9,"fluB",-6597.16851002146,-6595.24778061111,0.58,0.59
0.62,-23832.7584905154,9,"fluB",-6597.16851002146,-6595.24778061111,0.58,0.59
0.63,-24308.5415595491,9,"fluB",-6597.16851002146,-6595.24778061111,0.58,0.59
0.64,-24779.6598494038,9,"fluB",-6597.16851002146,-6595.24778061111,0.58,0.59
0.65,-25246.5403146087,9,"fluB",-6597.16851002146,-6595.24778061111,0.58,0.59
0.66,-25709.4710829912,9,"fluB",-6597.16851002146,-6595.24778061111,0.58,0.59
0.67,-26168.6221071623,9,"fluB",-6597.16851002146,-6595.24778061111,0.58,0.59
0.68,-26624.0729379204,9,"fluB",-6597.16851002146,-6595.24778061111,0.58,0.59
0.69,-27075.8297558185,9,"fluB",-6597.16851002146,-6595.24778061111,0.58,0.59
0.7,-27523.8446747168,9,"fluB",-6597.16851002146,-6595.24778061111,0.58,0.59
0.71,-27968.0362366626,9,"fluB",-6597.16851002146,-6595.24778061111,0.58,0.59
0.72,-28408.2974757268,9,"fluB",-6597.16851002146,-6595.24778061111,0.58,0.59
0.73,-28844.5121109054,9,"fluB",-6597.16851002146,-6595.24778061111,0.58,0.59
0.74,-29276.5586665985,9,"fluB",-6597.16851002146,-6595.24778061111,0.58,0.59
0.75,-29704.3210581192,9,"fluB",-6597.16851002146,-6595.24778061111,0.58,0.59
0.76,-30127.6887882609,9,"fluB",-6597.16851002146,-6595.24778061111,0.58,0.59
0.77,-30546.5615192133,9,"fluB",-6597.16851002146,-6595.24778061111,0.58,0.59
0.78,-30960.8532002693,9,"fluB",-6597.16851002146,-6595.24778061111,0.58,0.59
0.79,-31370.489494119,9,"fluB",-6597.16851002146,-6595.24778061111,0.58,0.59
0.8,-31775.4117904103,9,"fluB",-6597.16851002146,-6595.24778061111,0.58,0.59
0.81,-32175.574538417,9,"fluB",-6597.16851002146,-6595.24778061111,0.58,0.59
0.82,-32570.9471067368,9,"fluB",-6597.16851002146,-6595.24778061111,0.58,0.59
0.83,-32961.512949908,9,"fluB",-6597.16851002146,-6595.24778061111,0.58,0.59
0.84,-33347.2673506203,9,"fluB",-6597.16851002146,-6595.24778061111,0.58,0.59
0.85,-33728.2189070771,9,"fluB",-6597.16851002146,-6595.24778061111,0.58,0.59
0.86,-34104.3887503746,9,"fluB",-6597.16851002146,-6595.24778061111,0.58,0.59
0.87,-34475.8078201774,9,"fluB",-6597.16851002146,-6595.24778061111,0.58,0.59
0.88,-34842.5182424284,9,"fluB",-6597.16851002146,-6595.24778061111,0.58,0.59
0.89,-35204.572646974,9,"fluB",-6597.16851002146,-6595.24778061111,0.58,0.59
0.9,-35562.0314624461,9,"fluB",-6597.16851002146,-6595.24778061111,0.58,0.59
0.91,-35914.9642281098,9,"fluB",-6597.16851002146,-6595.24778061111,0.58,0.59
0.92,-36263.4486859272,9,"fluB",-6597.16851002146,-6595.24778061111,0.58,0.59
0.93,-36607.5695028257,9,"fluB",-6597.16851002146,-6595.24778061111,0.58,0.59
0.94,-36947.4186076043,9,"fluB",-6597.16851002146,-6595.24778061111,0.58,0.59
0.95,-37283.0943879014,9,"fluB",-6597.16851002146,-6595.24778061111,0.58,0.59
0.96,-37614.7002945096,9,"fluB",-6597.16851002146,-6595.24778061111,0.58,0.59
0.97,-37942.3453919161,9,"fluB",-6597.16851002146,-6595.24778061111,0.58,0.59
0.98,-38266.1438643619,9,"fluB",-6597.16851002146,-6595.24778061111,0.58,0.59
0.99,-38586.2147144545,9,"fluB",-6597.16851002146,-6595.24778061111,0.58,0.59
1,-38902.6807026382,9,"fluB",-6597.16851002146,-6595.24778061111,0.58,0.59
